"people_id","party","legislator_name","last_name","ballotpedia","district_number","chamber","termination_date","setting_party_loyalty","leg_party_loyalty","leg_n_votes_denom_loyalty","leg_n_votes_party_line_partisan","leg_n_votes_party_line_bipartisan","leg_n_votes_cross_party","leg_n_votes_absent_nv","leg_n_votes_independent","leg_n_votes_other","leg_party_independence","rank_independent_all","rank_independent_R","rank_independent_D","rank_partisan_leg_R","rank_partisan_leg_D","n_white","n_hispanic","n_black","n_asian","n_native","n_pacific","n_total_demo","pct_white","pct_hispanic","pct_black","pct_asian","pct_napi","source_demo","year_demo","avg_pct_D","avg_pct_R","avg_party_lean","avg_party_lean_points_abs","avg_party_lean_points_R","pct_D_20_PRES","pct_D_22_GOV","pct_R_20_PRES","pct_R_22_GOV","incumb_people_id","rank_partisan_dist_R","rank_partisan_dist_D"
1622,"D","Mackenson Bernard","Bernard","http://ballotpedia.org/Mack_Bernard",24,"Senate",NA,"partisan_cross",0.75,52,39,591,13,5,0,4,0,38,NA,11,NA,9,164808,83264,88859,8286,1618,234,347429,0.474364546425313,0.23965759910658,0.2557616088467,0.0238494771593621,0.00533058552970535,"CVAP",22,0.571016899356672,0.420590130161932,"D",15,-15,0.616146609434424,0.525887189278921,0.374263283143918,0.466916977179946,1622,35,6
1664,"R","Ed Hooper","Hooper","http://ballotpedia.org/Ed_Hooper",21,"Senate",NA,"partisan_cross",0.972602739726027,73,71,625,2,7,2,0,0.00282885431400283,25,16,NA,14,NA,342811,40303,22182,9194,2392,232,417378,0.821344201179746,0.0965623487582,0.0531460690309504,0.0220279938089693,0.00628686706055422,"CVAP",22,0.395116492170408,0.595350768727803,"R",20,20,0.421619084611899,0.368613899728917,0.565320126885479,0.625381410570126,1664,17,24
1678,"R","Debbie Mayfield","Mayfield","http://ballotpedia.org/Debbie_Mayfield",32,"House",NA,"partisan_cross",0.952941176470588,85,81,405,4,154,0,0,0,104,72,NA,78,NA,115149,12589,9163,4086,859,141,142766,0.806557583738425,0.088179258366838,0.0641819480828769,0.028620259725705,0.00700446885112702,"CVAP",22,0.383894024323542,0.60566997727306,"R",22.2,22.2,0.411721798432172,0.356066250214912,0.573584209231202,0.637755745314918,1678,44,77
1706,"D","Darryl Rouson","Rouson","http://ballotpedia.org/Darryl_Rouson",16,"Senate",NA,"partisan_cross",0.723076923076923,65,47,651,18,10,1,6,0.00136425648021828,28,NA,10,NA,10,166624,73137,124122,9142,2380,288,376526,0.442529865135475,0.194241566319457,0.32965054206084,0.0242798638075458,0.00708583205409454,"CVAP",22,0.647107903594435,0.339771809524298,"D",30.7,-30.7,0.678407486247813,0.615808320941057,0.306101544881657,0.373442074166939,1706,38,3
1714,"D","Kelly Skidmore","Skidmore","http://ballotpedia.org/Kelly_Skidmore",92,"House",NA,"partisan_cross",0.957894736842105,95,91,514,4,15,12,2,0.0188087774294671,12,NA,11,NA,13,107982,18142,9406,3727,663,20,140432,0.768927310014811,0.129187079867836,0.0669790361171243,0.0265395351486841,0.00486356386008887,"CVAP",22,0.57229602556533,0.423204482734015,"D",14.9,-14.9,0.596690274418362,0.547901776712298,0.39782831886126,0.448580646606771,1714,97,24
1720,"D","Geraldine Thompson","Thompson","http://ballotpedia.org/Geraldine_Thompson",15,"Senate",NA,"partisan_cross",NA,0,0,0,0,6,0,0,0,40,NA,12,NA,12,127267,76935,134572,13687,2428,250,355971,0.357520696910703,0.216127156425664,0.378042031513803,0.0384497613569645,0.00752308474566748,"CVAP",22,0.615132779144351,0.373904891431228,"D",24.1,-24.1,0.657720005893837,0.572545552394864,0.330142373006225,0.417667409856231,1720,37,4
1749,"R","Don Gaetz","Gaetz","http://ballotpedia.org/Don_Gaetz",1,"Senate",NA,"partisan_cross",0.91358024691358,81,74,660,7,61,35,0,0.041816009557945,4,1,NA,22,NA,306195,20113,66214,12319,6455,428,413206,0.741022637619008,0.0486754790588714,0.160244526942978,0.0298132166522267,0.0166575509552136,"CVAP",22,0.314174462827988,0.671961603558877,"R",35.8,35.8,0.347275723590606,0.28107320206537,0.633272714245258,0.710650492872495,1749,3,38
12360,"R","Ben Albritton","Albritton","http://ballotpedia.org/Ben_Albritton",27,"Senate",NA,"partisan_cross",1,40,40,298,0,49,0,0,0,39,28,NA,7,NA,313127,58035,35067,6530,2656,333,416617,0.751594390051294,0.139300604632072,0.0841708331633131,0.0156738683251044,0.00717445519505925,"CVAP",22,0.31969872244583,0.672672726671156,"R",35.3,35.3,0.356189697820081,0.283207747071579,0.633355513445488,0.711989939896825,12360,4,37
12363,"D","Lori Berman","Berman","http://ballotpedia.org/Lori_Berman",26,"Senate",NA,"partisan_cross",0.95,80,76,708,4,4,35,5,0.0420673076923077,3,NA,3,NA,3,278007,56585,60991,11284,1787,120,410123,0.677862494910064,0.137970803880787,0.148713922408643,0.0275136971103791,0.00464982456482567,"CVAP",22,0.548840390757077,0.445503401241534,"D",10.3,-10.3,0.581029199394174,0.516651582119979,0.411836657583549,0.479170144899519,12363,31,10
12366,"R","Jason Brodeur","Brodeur","http://ballotpedia.org/Jason_Brodeur",10,"Senate",NA,"partisan_cross",0.974025974025974,77,75,647,2,58,1,0,0.00127713920817369,29,19,NA,13,NA,256750,77866,46101,16106,2299,147,400448,0.641156904267221,0.194447219114592,0.115123561610996,0.0402199536519099,0.00610815886207448,"CVAP",22,0.480509765290959,0.508664503477723,"R",2.8,2.8,0.514972846136972,0.446046684444946,0.470552848662913,0.546776158292533,12366,27,14
12379,"R","Gayle Harrell","Harrell","http://ballotpedia.org/Gayle_Harrell",31,"Senate",NA,"partisan_cross",0.871428571428571,70,61,673,9,13,5,0,0.00657030223390276,13,6,NA,23,NA,302963,56757,41386,9716,1913,234,413498,0.732683108503548,0.137260639712889,0.100087545768057,0.0234970906751665,0.00519228629884546,"CVAP",22,0.404526846925941,0.589120835021673,"R",18.5,18.5,0.441742607401897,0.367311086449985,0.549770627983386,0.628471042059959,12379,20,22
12387,"R","Kathleen Passidomo","Passidomo","http://ballotpedia.org/Kathleen_Passidomo",28,"Senate",NA,"partisan_cross",1,91,91,751,0,3,5,0,0.00588235294117647,17,9,NA,1,NA,267419,83055,28447,6111,1912,92,387613,0.689912361040522,0.214272999099617,0.0733902113706197,0.0157657250917797,0.00517010523382859,"CVAP",22,0.335031934030719,0.659315143481619,"R",32.4,32.4,0.384406664227415,0.285657203834022,0.607507580395666,0.711122706567572,12387,6,36
15947,"D","Bruce Antone","Antone","http://ballotpedia.org/Bruce_Antone",41,"House",NA,"partisan_cross",0.895522388059702,67,60,438,7,133,8,3,0.012326656394453,20,NA,17,NA,20,24426,25896,45181,4889,981,10,101695,0.240188799842667,0.254643787796843,0.444279463100447,0.0480751266040612,0.00974482521264566,"CVAP",22,0.739683296224077,0.247994411362134,"D",49.2,-49.2,0.774524947016775,0.70484164543138,0.213244010201516,0.282744812522752,15947,116,5
16026,"D","Shevrin Jones","Jones","http://ballotpedia.org/Shevrin_Jones",34,"Senate",NA,"partisan_cross",0.916666666666667,60,55,583,5,144,10,3,0.0125,6,NA,5,NA,6,41221,108412,177205,4390,1051,182,332883,0.123830294728178,0.325675988260139,0.532334183481884,0.0131878167404163,0.003704004109552,"CVAP",22,0.752710271790062,0.237969050974461,"D",51.5,-51.5,0.779348723273957,0.726071820306166,0.212978494909959,0.262959607038962,16026,40,1
16389,"R","Colleen Burton","Burton","http://ballotpedia.org/Colleen_Burton_(Florida)",12,"Senate",NA,"partisan_cross",0.988372093023256,86,85,786,1,8,4,0,0.00452488687782805,21,12,NA,9,NA,238975,88743,60298,6929,2585,169,397938,0.60053324889807,0.223007101608793,0.151526117133825,0.0174122602013379,0.00692067608521931,"CVAP",22,0.410306516968383,0.579891155228117,"R",17,17,0.448356695211214,0.372256338725552,0.539284632189957,0.620497678266278,16389,21,20
16595,"R","Daniel Burgess","Burgess","http://ballotpedia.org/Daniel_Burgess",23,"Senate",NA,"partisan_cross",0.982758620689655,58,57,587,1,72,0,0,0,36,26,NA,10,NA,255353,79786,45200,16925,2490,288,401412,0.636136936613753,0.198763365320419,0.112602513128656,0.0421636622721792,0.00692057038653553,"CVAP",22,0.40197654536419,0.587430825690394,"R",18.5,18.5,0.436278461154748,0.367674629573632,0.550191759232818,0.624669892147969,16595,19,21
16763,"R","Jay Trumbull","Trumbull","http://ballotpedia.org/Jay_Trumbull",2,"Senate",NA,"partisan_cross",0.966292134831461,89,86,698,3,29,0,0,0,32,22,NA,16,NA,330290,22214,46067,10522,6149,383,417594,0.790935693520501,0.0531952087434206,0.110315282307696,0.025196722175127,0.0156419871933026,"CVAP",22,0.238926891291514,0.749348142197988,"R",51,51,0.270489478562831,0.207364304020197,0.712548940938836,0.78614734345714,16763,1,40
17099,"R","Blaise Ingoglia","Ingoglia","http://ballotpedia.org/Blaise_Ingoglia",11,"Senate",NA,"partisan_cross",0.972602739726027,73,71,721,2,22,6,0,0.0072992700729927,12,5,NA,15,NA,383867,36580,20761,5630,3467,200,451583,0.850047499573722,0.0810039350462706,0.04597382983859,0.0124672540817524,0.00812032339569913,"CVAP",22,0.294980030633326,0.697932374822298,"R",40.3,40.3,0.318558874257399,0.271401187009253,0.672172487322924,0.723692262321672,17099,2,39
17173,"R","Bryan Avila","Avila","http://ballotpedia.org/Bryan_Avila",39,"Senate",NA,"partisan_cross",1,65,65,657,0,53,0,0,0,35,25,NA,4,NA,16465,268215,12856,2992,287,24,301200,0.0546646746347942,0.890488047808765,0.0426826029216467,0.009933598937583,0.00103253652058433,"CVAP",22,0.344759909786001,0.649000254772515,"R",30.4,30.4,0.399753786252111,0.289766033319892,0.594305591342438,0.703694918202592,17173,7,34
17676,"R","Jim Boyd","Boyd","http://ballotpedia.org/Jim_Boyd",20,"Senate",NA,"partisan_cross",1,65,65,644,0,10,4,0,0.00553250345781466,19,10,NA,5,NA,288574,54774,43189,9048,2442,155,398885,0.723451621394638,0.137317773293054,0.108274314652093,0.0226832295022375,0.00651064843250561,"CVAP",22,0.398811318336462,0.592207699250583,"R",19.3,19.3,0.433528329806801,0.364094306866123,0.55434316613423,0.630072232366937,17676,18,23
18057,"R","Joe Gruters","Gruters","http://ballotpedia.org/Joe_Gruters",22,"Senate",NA,"partisan_cross",0.931506849315068,73,68,695,5,69,3,0,0.00357142857142857,23,14,NA,21,NA,375179,32833,19021,7594,2279,188,437317,0.857910851853461,0.0750782613070153,0.043494764667278,0.0173649778078602,0.00564121678324876,"CVAP",22,0.413234721129945,0.57971181359295,"R",16.6,16.6,0.441401868306577,0.385067573953313,0.548691182237408,0.610732444948493,18057,22,19
19017,"R","Randy Fine","Fine","http://ballotpedia.org/Randy_Fine",19,"Senate",NA,"partisan_cross",1,20,20,48,0,98,1,0,0.00598802395209581,16,8,NA,8,NA,329465,43641,39516,11499,3297,330,429285,0.767473822751785,0.101659736538663,0.0920507355253503,0.0267864006429295,0.00844893252734197,"CVAP",22,0.388809994154252,0.600659037098577,"R",21.2,21.2,0.417432915116326,0.360187073192177,0.568015863903104,0.63330221029405,19017,14,27
19040,"D","Kimberly Daniels","Daniels","http://ballotpedia.org/Kimberly_Daniels",14,"House",NA,"partisan_cross",0.357142857142857,42,15,395,27,163,1,9,0.00163934426229508,72,NA,32,NA,33,51589,9630,62374,2923,887,39,127778,0.403739297844699,0.075365086321589,0.488143498880871,0.0228756123902393,0.0072469439183584,"CVAP",22,0.619166869943407,0.367269947777073,"D",25.2,-25.2,0.653502005553841,0.584831734332973,0.331083513318934,0.403456382235212,19040,106,15
19047,"R","Tom Leek","Leek","http://ballotpedia.org/Tom_Leek",7,"Senate",NA,"partisan_cross",0.977011494252874,87,85,628,2,18,3,0,0.00407608695652174,22,13,NA,12,NA,347864,30334,33970,10034,3109,169,425868,0.816835263508881,0.0712286436172711,0.0797665004179699,0.0235612912921375,0.00769722073506345,"CVAP",22,0.333620363271695,0.657937901749245,"R",32.4,32.4,0.364962652076497,0.302278074466893,0.623565238461331,0.692310565037159,19047,5,35
19064,"R","Erin Grall","Grall","http://ballotpedia.org/Erin_Grall",29,"Senate",NA,"partisan_cross",0.814814814814815,54,44,466,10,72,7,0,0.011686143572621,8,2,NA,26,NA,298230,56436,54789,6617,3721,42,420236,0.709672660124311,0.134295967028051,0.130376740688565,0.015745914200592,0.00895449223769501,"CVAP",22,0.364933044154152,0.627723619062177,"R",26.3,26.3,0.404659917836261,0.325206170472043,0.586401620840987,0.669045617283368,19064,11,30
19069,"R","Stan McClain","McClain","http://ballotpedia.org/Stan_McClain",9,"Senate",NA,"partisan_cross",1,87,87,600,0,5,1,0,0.00144300144300144,27,18,NA,2,NA,301080,47344,59347,10017,3436,85,422296,0.712959630211984,0.112110936404797,0.14053412772084,0.0237203288688503,0.0083377536135791,"CVAP",22,0.377375335535937,0.613839286592926,"R",23.6,23.6,0.413498546992309,0.341252124079566,0.575313645606851,0.652364927579001,19069,12,29
19070,"R","Clay Yarborough","Yarborough","http://ballotpedia.org/Clay_Yarborough",4,"Senate",NA,"partisan_cross",1,73,73,591,0,93,8,0,0.0104575163398693,9,3,NA,3,NA,292377,33872,52880,20844,3356,322,405351,0.721293397573954,0.0835621473735109,0.130454840372911,0.0514221008459335,0.00907361767949259,"CVAP",22,0.358093697713035,0.631146069403147,"R",27.3,27.3,0.389835318062174,0.326352077363897,0.595059868032656,0.667232270773639,19070,10,31
19218,"D","Tracie Davis","Davis","http://ballotpedia.org/Tracie_Davis",5,"Senate",NA,"partisan_cross",0.948717948717949,78,74,671,4,69,39,5,0.0452436194895592,2,NA,2,NA,4,184359,29803,166598,12561,2608,249,397124,0.46423535218219,0.0750470885667953,0.4195112861474,0.0316299191184617,0.00719422648845197,"CVAP",22,0.567878506841284,0.418419016320449,"D",14.9,-14.9,0.602876442785565,0.532880570897003,0.380907560297787,0.455930472343111,19218,34,7
19337,"D","Carlos Smith","Smith","http://ballotpedia.org/Carlos_Guillermo_Smith",17,"Senate",NA,"partisan_cross",0.983870967741935,62,61,500,1,12,45,2,0.072463768115942,1,NA,1,NA,1,190259,140825,40656,19292,1984,420,394684,0.482053997628483,0.356804430886481,0.103008989470057,0.0488796100171276,0.00609094870833376,"CVAP",22,0.556884577558418,0.431149700335918,"D",12.6,-12.6,0.592396010390943,0.521373144725894,0.392290176710176,0.470009223961659,19337,32,9
19426,"R","Daniel Perez","Perez","http://ballotpedia.org/Daniel_Anthony_Perez",116,"House",NA,"partisan_cross",1,64,64,340,0,1,0,0,0,119,86,NA,36,NA,12578,97178,2506,1836,81,35,114548,0.109805496385795,0.848360512623529,0.0218772916157419,0.0160282152460104,0.00101267590878933,"CVAP",22,0.34999357533678,0.642957027598086,"R",29.3,29.3,0.397797240220506,0.302189910453054,0.595090400616865,0.690823654579307,19426,30,91
19490,"R","Lawrence McClure","McClure","http://ballotpedia.org/Lawrence_McClure",68,"House",NA,"partisan_cross",1,69,69,348,0,28,0,0,0,117,84,NA,35,NA,80798,26680,14193,3409,830,120,126465,0.638896137271182,0.210967461352944,0.112228679871901,0.0269560748033053,0.00751195983078322,"CVAP",22,0.345757288020362,0.643718636619161,"R",29.8,29.8,0.379502405118645,0.31201217092208,0.606262514672374,0.681174758565948,19490,28,93
19698,"R","Tyler Sirois","Sirois","http://ballotpedia.org/Tyler_Sirois",31,"House",NA,"partisan_cross",1,80,80,392,0,51,0,0,0,109,77,NA,28,NA,118747,10703,12199,3142,1118,138,146244,0.811978611088318,0.0731859084817155,0.0834153879817292,0.0214846421049752,0.00858838653209704,"CVAP",22,0.358621469769904,0.630779174856832,"R",27.2,27.2,0.383073722197673,0.334169217342135,0.602279422595375,0.65927892711829,19698,35,86
19701,"D","Anna Eskamani","Eskamani","http://ballotpedia.org/Anna_Eskamani",42,"House",NA,"partisan_cross",0.962264150943396,106,102,526,4,0,21,4,0.0319634703196347,2,NA,2,NA,12,97458,25943,12813,5880,995,10,143534,0.678988950353226,0.180744631933897,0.0892680479886299,0.0409659035489849,0.00700182535148467,"CVAP",22,0.560749163964199,0.428355063359819,"D",13.2,-13.2,0.583676582761251,0.537821745167147,0.401287185354691,0.455422941364947,19701,95,26
19703,"R","Josie Tomkow","Tomkow","http://ballotpedia.org/Josie_Tomkow",51,"House",NA,"partisan_cross",1,83,83,420,0,2,0,0,0,108,76,NA,26,NA,80771,38453,16155,2680,693,0,138723,0.582246635381299,0.277192678935721,0.116455093964231,0.0193190747028251,0.0049955667048723,"CVAP",22,0.421741675786965,0.568851026637151,"R",14.7,14.7,0.462882609564798,0.380600742009132,0.525722886607636,0.611979166666667,19703,58,63
19738,"R","Will Robinson","Robinson","http://ballotpedia.org/Will_Robinson",71,"House",NA,"partisan_cross",0.98019801980198,101,99,504,2,7,1,0,0.00163132137030995,73,41,NA,56,NA,97815,16470,16224,1908,733,20,133268,0.733972146351712,0.123585556922892,0.121739652429691,0.0143170153375154,0.0056502686316295,"CVAP",22,0.412405280826271,0.578769882292002,"R",16.6,16.6,0.447043175290739,0.377767386361804,0.541386129290456,0.616153635293548,19738,51,69
19912,"R","Chuck Brannan","Brannan","http://ballotpedia.org/Chuck_Brannan",10,"House",NA,"partisan_cross",1,100,100,509,0,3,0,0,0,88,56,NA,6,NA,103229,6992,23530,1406,2485,20,137744,0.749426472296434,0.0507608316877686,0.170824137530491,0.0102073411546056,0.0181859100940876,"CVAP",22,0.255588833301601,0.735848919291786,"R",48,48,0.283087829332391,0.228089837270812,0.705406241028246,0.766291597555326,19912,6,115
19919,"R","Alex Andrade","Andrade","http://ballotpedia.org/Alex_Andrade",2,"House",NA,"partisan_cross",1,85,85,463,0,5,1,0,0.00180505415162455,64,35,NA,22,NA,102889,6984,25864,4420,2075,230,143001,0.719498465045699,0.0488388193089559,0.180865868070853,0.0309088747631135,0.016118768400221,"CVAP",22,0.385375806590254,0.600011019690109,"R",21.5,21.5,0.42032051157078,0.350431101609729,0.559160119314526,0.640861920065692,19919,45,76
19940,"D","Tina Polsky","Polsky","http://ballotpedia.org/Tina_Polsky",30,"Senate",NA,"partisan_cross",0.90625,64,58,556,6,38,5,5,0.00748502994011976,11,NA,7,NA,7,193531,74679,77299,14001,1559,59,362264,0.534226420511009,0.206145242143851,0.213377536823974,0.0386486098535874,0.00446635602764834,"CVAP",22,0.564121569280211,0.428929777806446,"D",13.5,-13.5,0.603036452461481,0.525206686098942,0.389233370913191,0.468626184699702,19940,33,8
19954,"R","Tommy Wright","Wright","http://ballotpedia.org/Tom_Wright",8,"Senate",NA,"partisan_cross",0.950617283950617,81,77,690,4,1,0,0,0,33,23,NA,19,NA,320446,56728,47785,7251,3021,118,435856,0.735210711794721,0.130153078080834,0.109634833522998,0.0166362284791307,0.00720191990015051,"CVAP",22,0.385530942530492,0.604815265155998,"R",21.9,21.9,0.419156361785078,0.351905523275906,0.568447636017738,0.641182894294258,19954,13,28
19960,"R","Susan Valdes","Valdes","http://ballotpedia.org/Susan_Valdes",64,"House",NA,"partisan_cross",0.84070796460177,113,95,512,18,50,1,0,0.0014792899408284,81,49,NA,87,NA,41387,59378,12589,3480,537,105,117650,0.351780705482363,0.504700382490438,0.107003824904377,0.029579260518487,0.00545686357841054,"CVAP",22,0.529146753631769,0.457995186851615,"D",7.1,-7.1,0.571081025359082,0.487212481904456,0.415036767232493,0.500953606470737,19960,88,32
20006,"D","Joseph Casello","Casello","http://ballotpedia.org/Joseph_Casello",90,"House",NA,"partisan_cross",0.821428571428571,84,69,462,15,58,2,3,0.00328407224958949,54,NA,28,NA,24,80795,16748,32164,2946,595,75,133966,0.603100786766792,0.125016795306272,0.240090769299673,0.0219906543451323,0.00500126897869609,"CVAP",22,0.562797679637026,0.430015977174756,"D",13.3,-13.3,0.604148306685132,0.521447052588921,0.386965462251878,0.473066492097634,20006,96,25
20358,"D","Dotie Joseph","Joseph","http://ballotpedia.org/Dotie_Joseph",108,"House",NA,"partisan_cross",1,74,74,422,0,159,14,3,0.0208333333333333,9,NA,9,NA,2,16731,36241,57263,1509,303,106,112380,0.148878804057662,0.322486207510233,0.509547962270867,0.0134276561665777,0.00363943762235273,"CVAP",22,0.784374016885148,0.206291283996859,"D",57.8,-57.8,0.809551108563201,0.759196925207095,0.182116335808658,0.230466232185061,20358,120,1
20418,"R","Toby Overdorf","Overdorf","http://ballotpedia.org/Toby_Overdorf",85,"House",NA,"partisan_cross",0.989247311827957,93,92,470,1,29,7,0,0.011686143572621,23,4,NA,42,NA,90341,26045,18770,2970,729,90,139114,0.649402648187817,0.187220552927815,0.134925313052604,0.0213493968975085,0.00588725793234326,"CVAP",22,0.42395937766947,0.569364987722273,"R",14.5,14.5,0.464006820780127,0.383911934558814,0.527544712926541,0.611185262518006,20418,59,62
20422,"D","Dianne Hart","Hart","http://ballotpedia.org/Dianne_Hart",63,"House",NA,"partisan_cross",0.987341772151899,79,78,473,1,60,11,2,0.0176,16,NA,14,NA,4,36541,25967,53679,2036,827,149,119040,0.306964045698925,0.218136760752688,0.450932459677419,0.0171034946236559,0.0081989247311828,"CVAP",22,0.728428851506585,0.256231673276071,"D",47.2,-47.2,0.759868707700351,0.696988995312818,0.224634734365469,0.287828612186672,20422,115,6
20540,"D","Michael Gottlieb","Gottlieb","http://ballotpedia.org/Michael_Gottlieb",102,"House",NA,"partisan_cross",0.894736842105263,76,68,496,8,55,16,7,0.0246153846153846,4,NA,4,NA,21,61978,42687,16063,6071,320,0,128149,0.483640137652264,0.33310443312082,0.125346276599895,0.0473745405738632,0.00249709322741496,"CVAP",22,0.544658546320329,0.44846747724737,"D",9.6,-9.6,0.57581330639782,0.513503786242838,0.416096510453393,0.480838444041346,20540,92,29
20632,"D","Jason Pizzo","Pizzo","http://ballotpedia.org/Jason_Pizzo",37,"Senate",NA,"partisan_cross",0.619718309859155,71,44,719,27,38,10,5,0.0118623962040332,7,NA,6,NA,11,201400,103021,54345,7389,1753,435,368847,0.54602585896049,0.279305511499348,0.147337513928539,0.020032696483908,0.0059319989046949,"CVAP",22,0.527292029912521,0.46585789425487,"D",6.1,-6.1,0.561886369112155,0.492697690712887,0.430753824840381,0.50096196366936,20632,29,12
20836,"R","Wyman Duggan","Duggan","http://ballotpedia.org/Wyman_Duggan",12,"House",NA,"partisan_cross",1,93,93,467,0,55,1,0,0.00162337662337662,74,42,NA,12,NA,85642,13534,28734,5882,928,90,135171,0.633582647165442,0.100125026817883,0.212575182546552,0.0435152510523707,0.00753120121919643,"CVAP",22,0.422685441399533,0.564550340625299,"R",14.2,14.2,0.460466694393976,0.38490418840509,0.522732745222512,0.606367936028085,20836,60,61
20905,"R","Ana Rodriguez","Rodriguez","http://ballotpedia.org/Ana_Maria_Rodriguez",40,"Senate",NA,"partisan_cross",0.85,80,68,720,12,17,1,0,0.00122249388753056,30,20,NA,24,NA,82624,238688,25654,5748,1024,149,354498,0.233073247239759,0.673312684415709,0.0723671219583749,0.0162144779378163,0.00330890442259195,"CVAP",22,0.395878593906404,0.597022980059069,"R",20.1,20.1,0.446070866141732,0.345686321671076,0.546318897637795,0.647727062480342,20905,16,26
20907,"R","Chip LaMarca","LaMarca","http://ballotpedia.org/Chip_LaMarca",100,"House",NA,"partisan_cross",0.975308641975309,81,79,401,2,54,2,0,0.00371747211895911,47,21,NA,63,NA,99273,21692,10633,2995,852,55,135734,0.731379020731725,0.159812574594427,0.0783370415665935,0.0220652157897063,0.00668218721911975,"CVAP",22,0.469717900314979,0.52411458446906,"R",5.4,5.4,0.500347397375008,0.439088403254949,0.492105037737824,0.556124131200295,20907,75,46
20953,"R","David Smith","Smith","http://ballotpedia.org/David_Smith_(Florida)",38,"House",NA,"partisan_cross",0.865168539325843,89,77,439,12,8,3,1,0.00555555555555556,37,13,NA,86,NA,82536,30792,14562,4450,758,119,133513,0.618186993026896,0.230629227116461,0.109068030828459,0.0333300877068151,0.00656864874581501,"CVAP",22,0.496685903927367,0.491648479910711,"D",0.5,-0.5,0.53105513619954,0.462316671655193,0.453724975385625,0.529571984435798,20953,81,40
20958,"R","Mike Caruso","Caruso","http://ballotpedia.org/Mike_Caruso",87,"House",NA,"partisan_cross",0.833333333333333,96,80,521,16,19,13,0,0.0200308166409861,11,1,NA,88,NA,108541,15574,9025,3022,550,4,136432,0.795568488331183,0.114152105077988,0.0661501700480826,0.0221502286853524,0.00406063093702357,"CVAP",22,0.45384695073169,0.539107465442879,"R",8.5,8.5,0.492951380875452,0.414742520587929,0.497778675282714,0.580436255603044,20958,69,52
21024,"R","James Buchanan","Buchanan","http://ballotpedia.org/James_Buchanan_(Florida)",74,"House",NA,"partisan_cross",0.98876404494382,89,88,413,1,11,1,0,0.00194552529182879,62,34,NA,44,NA,123242,13481,6590,2216,634,69,146306,0.842357798039725,0.0921424958648312,0.0450425819857012,0.0151463371290309,0.00480499774445341,"CVAP",22,0.379573352212425,0.612901092192362,"R",23.3,23.3,0.408577898799864,0.350568805624985,0.580832668628691,0.644969515756033,21024,41,80
21025,"R","Nick DiCeglie","DiCeglie","http://ballotpedia.org/Nick_DiCeglie",18,"Senate",NA,"partisan_cross",0.979166666666667,96,94,751,2,3,0,0,0,31,21,NA,11,NA,353200,37990,29100,17959,3323,254,442403,0.798367099680608,0.0858719312482058,0.065777130806075,0.0405942093521066,0.00808538820939279,"CVAP",22,0.448940485902308,0.541009938196346,"R",9.2,9.2,0.469113541181945,0.42876743062267,0.517440282301846,0.564579594090846,21025,23,17
21029,"D","Fentrice Driskell","Driskell","http://ballotpedia.org/Fentrice_Driskell",67,"House",NA,"partisan_cross",0.970588235294118,68,66,357,2,10,9,2,0.0201793721973094,10,NA,10,NA,8,64438,26503,23605,9937,614,119,125781,0.512303130043488,0.210707499542856,0.187667453748976,0.0790023930482346,0.00582758922253758,"CVAP",22,0.554690974397422,0.431710565064824,"D",12.3,-12.3,0.592478551502711,0.516903397292134,0.391849571030054,0.471571559099593,21029,94,27
21380,"R","Randy Maggard","Maggard","http://ballotpedia.org/Randy_Maggard",54,"House",NA,"partisan_cross",1,107,107,542,0,20,2,0,0.0029806259314456,61,33,NA,4,NA,95965,25495,13129,4721,975,123,140726,0.681928001932834,0.181167659139036,0.0932947713997413,0.0335474610235493,0.00780239614570158,"CVAP",22,0.395215759821652,0.594890865718946,"R",20,20,0.427844076608269,0.362587443035035,0.559770991546452,0.63001073989144,21380,46,75
21381,"D","Dan Daley","Daley","http://ballotpedia.org/Dan_Daley",96,"House",NA,"partisan_cross",0.84,75,63,481,12,59,0,3,0,112,NA,33,NA,23,51405,34640,30027,6186,566,55,123190,0.417282246935628,0.281191655166815,0.24374543388262,0.0502151148632194,0.00504099358714181,"CVAP",22,0.616310684777991,0.375996145297426,"D",24,-24,0.650176027731138,0.582445341824845,0.341677950495586,0.410314340099265,21381,105,16
21391,"R","Jason Shoaf","Shoaf","http://ballotpedia.org/Jason_Shoaf",7,"House",NA,"partisan_cross",1,88,88,440,0,50,0,0,0,100,68,NA,17,NA,110360,6902,22732,686,1842,70,142833,0.772650577947673,0.0483221664461294,0.159150896501509,0.0048028116751731,0.013386262278325,"CVAP",22,0.224836795422838,0.767809461904145,"R",54.3,54.3,0.249221559512323,0.200452031333352,0.741700289448294,0.793918634359997,21391,3,118
21700,"D","Allison Tant","Tant","http://ballotpedia.org/Allison_Tant",9,"House",NA,"partisan_cross",0.805194805194805,77,62,473,15,36,1,3,0.00169491525423729,69,NA,31,NA,26,103723,8039,26577,4010,934,70,143562,0.722496203730792,0.0559967122218972,0.185125590337276,0.0279321826109973,0.00699349410011006,"CVAP",22,0.517518403762624,0.472751595194391,"D",4.5,-4.5,0.542496685776494,0.492540121748755,0.444053273399296,0.501449916989485,21700,87,34
21701,"D","Robin Bartleman","Bartleman","http://ballotpedia.org/Robin_Bartleman",103,"House",NA,"partisan_cross",0.964705882352941,85,82,494,3,23,6,2,0.00983606557377049,26,NA,22,NA,11,37385,52110,17993,8015,334,210,116840,0.319967476891476,0.445994522423827,0.153996918863403,0.0685980828483396,0.0046559397466621,"CVAP",22,0.549095925895757,0.444152778850421,"D",10.5,-10.5,0.58871346862023,0.509478383171284,0.403470970774896,0.484834586925946,21701,93,28
21739,"R","Linda Chaney","Chaney","http://ballotpedia.org/Linda_Chaney",61,"House",NA,"partisan_cross",0.954128440366973,109,104,537,5,8,5,0,0.00758725341426404,31,9,NA,77,NA,119151,11051,6113,5540,990,36,143069,0.832821925085099,0.0772424494474694,0.0427276349174175,0.038722574422132,0.00717136486590386,"CVAP",22,0.451403773626838,0.539257855190993,"R",8.8,8.8,0.467738661943245,0.435068885310431,0.519548691833647,0.558967018548339,21739,68,53
21758,"R","David Borrero","Borrero","http://ballotpedia.org/David_Borrero",111,"House",NA,"partisan_cross",0.97029702970297,101,98,555,3,12,2,0,0.00298507462686567,60,32,NA,66,NA,6066,86855,1512,1321,76,20,96035,0.0631644712865101,0.904409850575311,0.0157442599052429,0.0137554016764721,0.000999635549539231,"CVAP",22,0.353736564203839,0.639755360612937,"R",28.6,28.6,0.407378007418419,0.300095120989258,0.586589114841168,0.692921606384706,21758,32,89
21775,"R","Ileana Garcia","Garcia","http://ballotpedia.org/Ileana_Garcia",36,"Senate",NA,"partisan_cross",0.642857142857143,56,36,571,20,149,6,0,0.00767263427109974,10,4,NA,28,NA,48227,238996,17443,5358,588,58,311144,0.154998971537295,0.768120227290258,0.0560608592805903,0.0172203224230581,0.002076209086468,"CVAP",22,0.450305437474535,0.542090438974688,"R",9.2,9.2,0.496170216755419,0.404440658193651,0.496273344333608,0.587907533615767,21775,24,18
21780,"D","Kristen Arrington","Arrington","http://ballotpedia.org/Kristen_Arrington",25,"Senate",NA,"partisan_cross",0.958333333333333,72,69,638,3,0,4,9,0.00553250345781466,18,NA,9,NA,2,113627,179287,35519,13347,1659,509,345508,0.32886937494935,0.518908389964921,0.102802250599118,0.0386300751357422,0.00627481852808039,"CVAP",22,0.536419785147756,0.452651254240638,"D",8.4,-8.4,0.585451114113534,0.487388456181978,0.402800832100195,0.50250167638108,21780,30,11
21781,"R","Thomas Fabricio","Fabricio","http://ballotpedia.org/Tom_Fabricio",110,"House",NA,"partisan_cross",0.98876404494382,89,88,533,1,17,12,0,0.0184331797235023,14,2,NA,45,NA,5939,97366,6155,1227,124,0,110857,0.0535735226462921,0.878302678225101,0.0555219787654366,0.0110683132323624,0.00111855814247183,"CVAP",22,0.341342378909298,0.652595102017995,"R",31.1,31.1,0.395717339272229,0.286967418546366,0.598151774629139,0.70703842940685,21781,23,98
21782,"R","Alejandro Rizo","Rizo","http://ballotpedia.org/Alex_Rizo",112,"House",NA,"partisan_cross",1,95,95,552,0,55,4,0,0.0056657223796034,36,12,NA,9,NA,5155,91512,1733,458,82,4,98989,0.0520764933477457,0.924466354847508,0.0175069957267979,0.00462677671256402,0.000868783400175777,"CVAP",22,0.301948180141625,0.69241376124745,"R",39,39,0.35521025752472,0.248686102758531,0.639527483274088,0.745300039220813,21782,12,109
21887,"D","Yvonne Hayes Hinson","Hayes Hinson","http://ballotpedia.org/Yvonne_Hayes_Hinson",21,"House",NA,"partisan_cross",0.973684210526316,76,74,437,2,42,14,2,0.0245183887915937,5,NA,5,NA,7,72443,14363,39960,3255,1598,115,132177,0.548075686390219,0.108664896313277,0.302321886561202,0.0246260695885063,0.0129598946866701,"CVAP",22,0.610753042117122,0.376569531188615,"D",23.4,-23.4,0.64433347026805,0.577172613966194,0.340235698880559,0.412903363496671,21887,104,17
21888,"D","Christine Hunschofsky","Hunschofsky","http://ballotpedia.org/Christine_Hunschofsky",95,"House",NA,"partisan_cross",0.933333333333333,90,84,461,6,9,9,6,0.0156521739130435,17,NA,15,NA,15,62294,26709,28743,5982,548,0,124634,0.499815459665902,0.214299468844778,0.230619253173291,0.0479965338511161,0.00439687404721023,"CVAP",22,0.576799850343538,0.416053743850813,"D",16.1,-16.1,0.613121327489309,0.540478373197766,0.379136406778215,0.45297108092341,21888,100,21
21892,"R","Sam Garrison","Garrison","http://ballotpedia.org/Sam_Garrison",11,"House",NA,"partisan_cross",1,73,73,372,0,1,0,0,0,113,80,NA,31,NA,95857,13241,18138,5071,910,45,133719,0.716853999805562,0.0990210815216985,0.135642653624391,0.0379228082770586,0.00714184222137467,"CVAP",22,0.292350606735996,0.696046381491937,"R",40.4,40.4,0.32489791803196,0.259803295440031,0.65947471895952,0.732618044024354,21892,11,110
21920,"D","Michele Rayner-Goolsby","Rayner-Goolsby","http://ballotpedia.org/Michele_Rayner",62,"House",NA,"partisan_cross",0.975308641975309,81,79,410,2,125,15,6,0.0235478806907378,6,NA,6,NA,6,48248,20670,48135,2288,878,0,120476,0.400478103522693,0.171569441216508,0.399540157375743,0.0189913343736512,0.00728775855772104,"CVAP",22,0.691570067951131,0.296033332809524,"D",39.6,-39.6,0.715215683340192,0.66792445256207,0.269544938705775,0.322521726913273,21920,111,10
21983,"R","John Snyder","Snyder","http://ballotpedia.org/John_Snyder",86,"House",NA,"partisan_cross",1,86,86,417,0,96,2,0,0.00332778702163062,53,26,NA,20,NA,118740,13467,7104,2012,733,44,142162,0.835244298757755,0.0947299559657292,0.0499711596629198,0.0141528678549823,0.00546559558813185,"CVAP",22,0.356079222964768,0.637440153382638,"R",28.1,28.1,0.391623563876047,0.320534882053488,0.599478189225065,0.675402117540212,21983,34,87
22022,"R","Mike Giallombardo","Giallombardo","http://ballotpedia.org/Mike_Giallombardo",79,"House",NA,"partisan_cross",1,111,111,511,0,16,0,0,0,85,53,NA,2,NA,109307,27427,6730,2351,774,19,146916,0.744010182689428,0.186684908383022,0.0458084892047156,0.0160023414740396,0.00539764219009502,"CVAP",22,0.32242487083466,0.671825463649424,"R",34.9,34.9,0.36851989127749,0.276329850391831,0.623988139362491,0.719662787936357,22022,16,105
22129,"R","Dana Trabulsy","Trabulsy","http://ballotpedia.org/Dana_Trabulsy",84,"House",NA,"partisan_cross",0.98876404494382,89,88,456,1,47,0,0,0,97,65,NA,46,NA,89488,18798,29356,2173,1014,14,140895,0.635139642996558,0.133418503140637,0.208353738599666,0.0154228326058412,0.00729621349231697,"CVAP",22,0.433129111384229,0.560498512074932,"R",12.7,12.7,0.478360708021049,0.387897514747409,0.513921224685058,0.607075799464806,22129,62,59
22167,"R","Michelle Salzman","Salzman","http://ballotpedia.org/Michelle_Salzman",1,"House",NA,"partisan_cross",0.97,100,97,505,3,35,0,0,0,89,57,NA,67,NA,93182,5978,28447,4157,2070,64,134457,0.693024535725176,0.0444603107313119,0.21156949805514,0.030916947425571,0.0158712450820708,"CVAP",22,0.346732730034844,0.640459130583426,"R",29.4,29.4,0.381448224193531,0.312017235876157,0.601537475976938,0.679380785189914,22167,29,92
22173,"D","Marie Woodson","Woodson","http://ballotpedia.org/Marie_Woodson",105,"House",NA,"partisan_cross",0.966292134831461,89,86,468,3,27,6,2,0.0101351351351351,25,NA,21,NA,10,29710,42069,48510,2645,608,30,123751,0.240078868049551,0.339948768090763,0.391996832348829,0.0213735646580634,0.00515551389483721,"CVAP",22,0.681772260340972,0.309287165869893,"D",37.2,-37.2,0.716708991839049,0.646835528842895,0.274673931803052,0.343900399936733,22173,109,12
22207,"R","Jenna Persons-Mulicka","Persons-Mulicka","http://ballotpedia.org/Jenna_Persons",78,"House",NA,"partisan_cross",0.967741935483871,93,90,440,3,25,2,0,0.00357142857142857,48,22,NA,68,NA,97106,16654,16826,2459,703,8,133863,0.7254132956829,0.124410778183665,0.125695673935292,0.0183695270537789,0.00531140046166603,"CVAP",22,0.413806218317418,0.579866724253462,"R",16.6,16.6,0.463605044058214,0.364007392576621,0.528499812283298,0.631233636223625,22207,52,70
22261,"R","Adam Botana","Botana","http://ballotpedia.org/Adam_Botana",80,"House",NA,"partisan_cross",1,95,95,511,0,8,0,0,0,92,60,NA,10,NA,133772,10650,2097,2686,477,53,149903,0.892390412466728,0.0710459430431679,0.0139890462499083,0.0179182538041267,0.00353561970073981,"CVAP",22,0.330632992987804,0.664775289005683,"R",33.4,33.4,0.369021211993421,0.292244773982188,0.624518196769704,0.705032381241661,22261,22,99
22415,"R","Keith Truenow","Truenow","http://ballotpedia.org/Keith_Truenow",13,"Senate",NA,"partisan_cross",1,60,60,593,0,8,1,0,0.00151057401812689,26,17,NA,6,NA,279405,56082,36877,16052,2780,415,392269,0.712279073798847,0.142968218237995,0.0940094679926275,0.0409208986690256,0.00814492095985153,"CVAP",22,0.395529064648284,0.596545619972403,"R",20.1,20.1,0.429355808197568,0.361702321098999,0.56073041042239,0.632360829522415,22415,15,25
22512,"D","Felicia Simone Robinson","Robinson","http://ballotpedia.org/Felicia_Simone_Robinson",104,"House",NA,"partisan_cross",0.98876404494382,89,88,446,1,15,13,6,0.0228471001757469,7,NA,7,NA,3,16330,45519,48716,3524,238,0,114772,0.142282089708291,0.396603701251176,0.42445892726449,0.0307043529780783,0.00207367650646499,"CVAP",22,0.688032990728624,0.304605678035371,"D",38.3,-38.3,0.723494311980013,0.652571669477234,0.269835302107842,0.3393760539629,22512,110,11
22516,"D","Kevin Chambliss","Chambliss","http://ballotpedia.org/Kevin_Chambliss",117,"House",NA,"partisan_cross",0.819444444444444,72,59,452,13,126,4,6,0.00606060606060606,35,NA,24,NA,25,8587,62104,30708,1459,331,60,103203,0.0832049455926669,0.601765452554674,0.297549489840412,0.0141371859345174,0.00378864955476101,"CVAP",22,0.600664425582956,0.390358937223359,"D",21,-21,0.648810170596545,0.552518680569367,0.343521522484904,0.437196351961815,22516,101,20
22527,"R","Demi Busatta Cabrera","Busatta Cabrera","http://ballotpedia.org/Demi_Busatta_Cabrera",114,"House",NA,"partisan_cross",1,89,89,423,0,47,1,0,0.00178571428571429,66,36,NA,16,NA,24455,81792,5784,2370,157,0,114630,0.21333856756521,0.71353048940068,0.0504579952891913,0.0206752159120649,0.00136962400767687,"CVAP",22,0.46371725166791,0.52974648495578,"R",6.6,6.6,0.497834714668536,0.429599788667283,0.494838366820818,0.564654603090741,22527,72,49
22529,"R","Fiona McFarland","McFarland","http://ballotpedia.org/Fiona_McFarland",73,"House",NA,"partisan_cross",0.978494623655914,93,91,461,2,34,2,0,0.00338983050847458,52,25,NA,57,NA,134669,9636,7779,2574,755,65,155649,0.865209541982281,0.0619085249503691,0.0499778347435576,0.0165372087196191,0.00526826385007292,"CVAP",22,0.465818484473169,0.527265169402447,"R",6.1,6.1,0.493904479199732,0.437732489746606,0.496512555657553,0.558017783147342,22529,74,47
22550,"D","Angela Nixon","Nixon","http://ballotpedia.org/Angela_Nixon",13,"House",NA,"partisan_cross",1,88,88,397,0,95,25,1,0.0412541254125413,1,NA,1,NA,1,58635,7173,66298,3299,835,120,136400,0.429875366568915,0.0525879765395894,0.486055718475073,0.0241862170087977,0.00700146627565982,"CVAP",22,0.606673795011495,0.380111091714209,"D",22.7,-22.7,0.636513642524604,0.576833947498385,0.348623961341269,0.411598222087148,22550,103,18
22559,"R","Patt Maney","Maney","http://ballotpedia.org/T._Patt_Maney",4,"House",NA,"partisan_cross",0.977272727272727,88,86,477,2,16,9,0,0.0152542372881356,18,3,NA,62,NA,103140,10456,15016,5661,1493,183,137087,0.752368933596913,0.0762727319147695,0.10953627988066,0.0412949440866019,0.012225812805007,"CVAP",22,0.277320316338131,0.706114687889747,"R",42.9,42.9,0.309899849676903,0.244740782999358,0.666126544716241,0.746102831063253,22559,9,112
22580,"R","Jim Mooney","Mooney","http://ballotpedia.org/Jim_Mooney",120,"House",NA,"partisan_cross",0.964285714285714,112,108,545,4,6,1,0,0.00150602409638554,79,47,NA,73,NA,55105,45875,14574,1376,786,44,117972,0.467102363272641,0.388863459125894,0.12353778862781,0.0116637846268606,0.00703556776184179,"CVAP",22,0.429512447230798,0.561757002518387,"R",13.2,13.2,0.470277230910194,0.388747663551402,0.51949531344799,0.604018691588785,22580,61,60
22660,"R","Webster Barnaby","Barnaby","http://ballotpedia.org/Webster_Barnaby",29,"House",NA,"partisan_cross",1,72,72,503,0,74,0,0,0,114,81,NA,32,NA,84438,33280,13807,1691,685,64,134079,0.62976305014208,0.248211875088567,0.102976603345789,0.0126119675713572,0.00558625884739594,"CVAP",22,0.4192857827995,0.570545484106768,"R",15.1,15.1,0.457673598641899,0.380897966957101,0.529670377504271,0.611420590709264,22660,57,64
22662,"R","Kaylee Tuck","Tuck","http://ballotpedia.org/Kaylee_Tuck",83,"House",NA,"partisan_cross",1,87,87,466,0,27,0,0,0,101,69,NA,18,NA,94534,25762,12442,1515,1769,18,136365,0.693242400909324,0.188919444138892,0.091240420929124,0.011109888901111,0.0131045356213105,"CVAP",22,0.267015183564967,0.725375495188137,"R",45.8,45.8,0.305265341990919,0.228765025139014,0.68650832397598,0.764242666400293,22662,7,114
22672,"R","Lauren Melo","Melo","http://ballotpedia.org/Lauren_Melo",82,"House",NA,"partisan_cross",0.974025974025974,77,75,443,2,39,2,0,0.0035650623885918,49,23,NA,65,NA,59049,44800,11625,1236,945,0,117930,0.500712286949886,0.37988637327228,0.0985754261002289,0.0104807936911727,0.00801322818621216,"CVAP",22,0.325303911337838,0.667916758388352,"R",34.3,34.3,0.386478941293319,0.264128881382357,0.604286903068209,0.731546613708495,22672,18,103
22722,"R","Traci Koster","Koster","http://ballotpedia.org/Traci_Koster",66,"House",NA,"partisan_cross",1,84,84,490,0,54,0,0,0,106,74,NA,24,NA,83273,32319,9171,6034,582,4,131928,0.631200351706992,0.244974531562671,0.0695151901036929,0.0457370687041417,0.0044418167485295,"CVAP",22,0.435203963009904,0.554851788031123,"R",12,12,0.466749610606694,0.403658315413115,0.520305436310451,0.589398139751794,22722,64,57
22852,"R","Jennifer Bradley","Bradley","http://ballotpedia.org/Jennifer_Bradley",6,"Senate",NA,"partisan_cross",0.808823529411765,68,55,706,13,9,4,0,0.00508259212198221,20,11,NA,27,NA,304280,32769,60268,11520,4654,178,414234,0.734560658951221,0.0791074610003042,0.145492644254214,0.0278103680528397,0.0116649043777189,"CVAP",22,0.346235991501466,0.643222593637723,"R",29.7,29.7,0.376252398949147,0.316219584053785,0.609445873113376,0.67699931416207,22852,8,33
23066,"D","Daryl Campbell","Campbell","http://ballotpedia.org/Daryl_Campbell",99,"House",NA,"partisan_cross",0.924731182795699,93,86,470,7,81,9,2,0.0137404580152672,19,NA,16,NA,16,37994,18620,61429,1998,657,198,121034,0.313911793380372,0.153841069451559,0.507535072789464,0.0165077581506023,0.00706413074012261,"CVAP",22,0.74963736510627,0.24280019262108,"D",50.7,-50.7,0.776100004726121,0.723174725486419,0.216692660333664,0.268907724908495,23066,118,3
23116,"D","Jervonte Edmonds","Edmonds","http://ballotpedia.org/Jervonte_Edmonds",88,"House",NA,"partisan_cross",0.708333333333333,48,34,342,14,132,1,4,0.00189753320683112,63,NA,29,NA,29,32682,18640,57158,3149,505,14,112465,0.290597074645445,0.165740452585249,0.508229226870582,0.0279998221668964,0.00461476903925666,"CVAP",22,0.718571574309326,0.272006925348238,"D",44.7,-44.7,0.751915204678363,0.685227943940289,0.23812865497076,0.305885195725715,23116,113,8
23121,"D","Rosalind Osgood","Osgood","http://ballotpedia.org/Rosalind_Osgood",32,"Senate",NA,"partisan_cross",0.916666666666667,84,77,779,7,4,20,4,0.0224466891133558,5,NA,4,NA,5,106169,77829,159498,10862,1966,196,357557,0.29692888126928,0.217668791269644,0.446077128961257,0.0303783732383928,0.00604658837611905,"CVAP",22,0.72125532723692,0.271038923854608,"D",45,-45,0.749725729482045,0.692784924991794,0.242579189554848,0.299498658154367,23121,39,2
23295,"R","Joel Rudman","Rudman","http://ballotpedia.org/Joel_Rudman",3,"House",NA,"partisan_cross",NA,NA,NA,NA,NA,NA,NA,NA,NA,122,89,NA,89,NA,111949,7030,9983,3604,2443,49,135365,0.827015846045876,0.0519336608429062,0.0737487533705168,0.0266243120452111,0.0184094854652237,"CVAP",22,0.205604177989987,0.780475686160974,"R",57.5,57.5,0.233356541682878,0.177851814297096,0.745930006348166,0.815021365973781,23295,2,119
23317,"R","Hillary Cassel","Cassel","http://ballotpedia.org/Hillary_Cassel",101,"House",NA,"partisan_cross",0.974358974358974,78,76,478,2,48,0,0,0,110,78,NA,64,NA,57124,40044,13905,4205,902,144,116508,0.490301095203763,0.343701720053559,0.119348027603255,0.0360919421842277,0.00897792426271157,"CVAP",22,0.531811255452873,0.460550652413076,"D",7.1,-7.1,0.56662129461585,0.497001216289896,0.425085702762654,0.496015602063499,23317,89,33
23318,"D","Johanna Lopez","Lopez","http://ballotpedia.org/Johanna_Lopez",43,"House",NA,"partisan_cross",0.617283950617284,81,50,532,31,9,3,9,0.00473186119873817,43,NA,26,NA,31,35608,68623,13194,5073,437,295,123596,0.288099938509337,0.55522023366452,0.106751027541344,0.0410450176381113,0.0059225217644584,"CVAP",22,0.568921750158994,0.418434068909343,"D",15,-15,0.612514569159461,0.525328931158528,0.373038245737674,0.463829892081013,23318,98,23
23319,"R","Vicki Lopez","Lopez","http://ballotpedia.org/Vicki_Lopez",113,"House",NA,"partisan_cross",0.98876404494382,89,88,464,1,35,0,0,0,98,66,NA,47,NA,21849,70440,3807,2372,321,15,99035,0.220618973090322,0.711263694653405,0.0384409552178523,0.0239511283889534,0.0033927399404251,"CVAP",22,0.511664880126926,0.480633099708833,"D",3.1,-3.1,0.554242350620954,0.469087409632898,0.437254369542538,0.524011829875129,23319,85,36
23320,"R","Alexis Calatayud","Calatayud","http://ballotpedia.org/Alexis_Calatayud",38,"Senate",NA,"partisan_cross",0.844827586206897,58,49,562,9,29,0,0,0,37,27,NA,25,NA,73729,214893,44747,7750,895,75,343405,0.214699844207277,0.625771319578923,0.13030386860995,0.0225681047160059,0.00282465310639041,"CVAP",22,0.490076696558829,0.502806753876823,"R",1.3,1.3,0.532307413709194,0.447845979408463,0.459943485133723,0.545670022619923,23320,28,13
23321,"R","Jonathan Martin","Martin","http://ballotpedia.org/Jonathan_Martin_(Florida)",33,"Senate",NA,"partisan_cross",0.958904109589041,73,70,725,3,1,5,0,0.00621890547263682,15,7,NA,17,NA,326632,57097,25626,7090,2043,88,419217,0.779147792193542,0.136199152229037,0.0611282462304725,0.0169124820796867,0.00508328622169425,"CVAP",22,0.354229887810912,0.639941353802735,"R",28.6,28.6,0.398819785626188,0.309639989995635,0.593725511573869,0.686157196031602,23321,9,32
23322,"D","Jennifer Harris","Harris","http://ballotpedia.org/Jennifer_Rita_Harris",44,"House",NA,"partisan_cross",0.975903614457831,83,81,458,2,16,12,2,0.021015761821366,8,NA,8,NA,5,40319,44938,11087,8462,420,260,105693,0.38147275600087,0.42517479870947,0.104898148410964,0.080062066551238,0.00643372787223373,"CVAP",22,0.57202444853125,0.418523977772679,"D",15.4,-15.4,0.611628482488245,0.532420414574254,0.37641481172747,0.460633143817888,23322,99,22
23323,"D","LaVon Bracy Davis","Bracy Davis","http://ballotpedia.org/LaVon_Bracy_Davis",40,"House",NA,"partisan_cross",0.938271604938272,81,76,454,5,36,11,4,0.0187713310580205,13,NA,12,NA,14,38619,21200,62888,4603,566,220,128314,0.300972614056144,0.165219695434637,0.490110198419502,0.0358729367021525,0.00612559814205776,"CVAP",22,0.668520264501591,0.320582985010443,"D",34.8,-34.8,0.705913022553174,0.631127506450007,0.282522960922982,0.358643009097904,23323,107,13
23324,"R","Jay Collins","Collins","http://ballotpedia.org/Jay_Collins",14,"Senate",NA,"partisan_cross",0.958333333333333,48,46,480,2,88,2,0,0.00323624595469256,24,15,NA,18,NA,222517,114037,32352,16159,2067,284,388341,0.572993837889896,0.293651713313814,0.0833082265328667,0.0416103373066454,0.0060539577330233,"CVAP",22,0.475291813070086,0.513740842570567,"R",3.8,3.8,0.512457821855095,0.438125804285077,0.473390149168121,0.554091535973012,23324,25,16
23325,"R","Corey Simon","Simon","http://ballotpedia.org/Corey_Simon",3,"Senate",NA,"partisan_cross",0.946666666666667,75,71,754,4,14,0,0,0,34,24,NA,20,NA,270374,23606,120714,6961,4219,202,426800,0.633491096532334,0.0553092783505155,0.282835051546392,0.0163097469540769,0.0103584817244611,"CVAP",22,0.477425087443031,0.512899338519197,"R",3.5,3.5,0.508859915371051,0.445990259515011,0.478837606602571,0.546961070435824,23325,26,15
23327,"D","Lindsay Cross","Cross","http://ballotpedia.org/Lindsay_Cross",60,"House",NA,"partisan_cross",0.909090909090909,88,80,481,8,8,7,3,0.0119250425894378,21,NA,18,NA,17,110721,13186,11401,7856,934,104,144745,0.764938339839027,0.0910981381049432,0.0787661059103941,0.0542747590590349,0.00717123216691423,"CVAP",22,0.532809323653167,0.455852170966146,"D",7.7,-7.7,0.548355889673798,0.517262757632536,0.435883224330616,0.475821117601675,23327,90,31
23328,"D","Lisa Dunkley","Dunkley","http://ballotpedia.org/Lisa_Dunkley",97,"House",NA,"partisan_cross",0.661290322580645,62,41,349,21,198,3,1,0.00489396411092985,41,NA,25,NA,30,23239,23589,60783,4413,574,143,113129,0.20542036082702,0.208514174084452,0.537289289218503,0.0390085654429899,0.00633789744451025,"CVAP",22,0.781586148533323,0.210642437188455,"D",57.1,-57.1,0.805515809200613,0.757656487866034,0.187291859243032,0.233993015133877,23328,119,2
23329,"D","Ashley Gantt","Gantt","http://ballotpedia.org/Ashley_Gantt",109,"House",NA,"partisan_cross",0.969387755102041,98,95,521,3,54,21,5,0.0300429184549356,3,NA,3,NA,9,5564,52772,49914,873,162,59,109392,0.0508629515869533,0.482411876554044,0.45628565160158,0.00798047389205792,0.00202025742284628,"CVAP",22,0.728700008429127,0.260171332539184,"D",46.9,-46.9,0.756470150822004,0.700929866036249,0.235835178868754,0.284507486209614,23329,114,7
23331,"R","Kevin Steele","Steele","http://ballotpedia.org/Kevin_Steele",55,"House",NA,"partisan_cross",0.909090909090909,66,60,421,6,82,4,0,0.00698080279232112,32,10,NA,83,NA,102860,19455,7082,4433,926,42,135024,0.761790496504325,0.144085495911838,0.0524499348264012,0.0328312003791918,0.00716909586443891,"CVAP",22,0.353674013778478,0.636799045722885,"R",28.3,28.3,0.382843829966008,0.324504197590948,0.60389374785166,0.669704343594111,23331,33,88
23332,"R","Chase Tramont","Tramont","http://ballotpedia.org/Chase_Tramont",30,"House",NA,"partisan_cross",1,92,92,458,0,31,0,0,0,94,62,NA,13,NA,130034,7364,8264,2061,1325,39,149413,0.870299103826307,0.0492862066888423,0.0553097789348986,0.0137939804434688,0.00912905838180078,"CVAP",22,0.343370408396128,0.648155835914118,"R",30.5,30.5,0.368027956074199,0.318712860718056,0.620646574747191,0.675665097081045,23332,25,96
23333,"R","Brad Yeager","Yeager","http://ballotpedia.org/",56,"House",NA,"partisan_cross",1,92,92,398,0,124,2,0,0.00324675324675325,55,27,NA,14,NA,107857,15945,5997,1704,812,94,132630,0.813217220839931,0.120221669305587,0.0452160144763628,0.0128477719972857,0.00683103370278218,"CVAP",22,0.363068074269147,0.625765798263335,"R",26.3,26.3,0.390200887643074,0.33593526089522,0.595643541228685,0.655888055297985,23333,37,84
23338,"R","Doug Bankson","Bankson","http://ballotpedia.org/Doug_Bankson",39,"House",NA,"partisan_cross",0.987654320987654,81,80,480,1,6,3,0,0.00526315789473684,39,15,NA,53,NA,73768,24653,22062,4389,749,30,126079,0.585093473139857,0.195536132107647,0.174985524948643,0.0348115070709634,0.00617866575718399,"CVAP",22,0.462968499130958,0.527252193169942,"R",6.4,6.4,0.500233693112031,0.425703305149885,0.487309920544342,0.567194465795542,23338,73,48
23339,"R","Kimberly Berfield","Berfield","http://ballotpedia.org/Kimberly_Berfield",58,"House",NA,"partisan_cross",0.930232558139535,86,80,455,6,37,5,0,0.00857632933104631,28,6,NA,81,NA,106515,13297,12214,3443,926,69,136284,0.781566434797922,0.0975683132282586,0.0896216723900091,0.0252634205042411,0.00730093041002612,"CVAP",22,0.437367080249434,0.55287513028651,"R",11.6,11.6,0.466452619576307,0.408281540922561,0.520194442777411,0.58555581779561,23339,65,56
23341,"R","Fabian Basabe","Basabe","http://ballotpedia.org/Fabián_Basabe",106,"House",NA,"partisan_cross",1,107,107,517,0,21,2,0,0.00309119010819165,59,31,NA,5,NA,49141,54701,5203,2729,302,0,112153,0.438160370208554,0.487735504177329,0.0463919823812114,0.0243328310433069,0.00269275008247662,"CVAP",22,0.511489945074262,0.481611262655265,"D",3,-3,0.546829928064443,0.476149962084081,0.445808945862808,0.517413579447722,23341,84,37
23343,"R","Shane Abbott","Abbott","http://ballotpedia.org/Shane_Abbott",5,"House",NA,"partisan_cross",0.989130434782609,92,91,539,1,21,3,0,0.00458015267175573,45,19,NA,43,NA,114435,5382,18526,1331,2529,130,143060,0.799909129036768,0.0376205787781351,0.129498112679994,0.00930378862015937,0.0185866070180344,"CVAP",22,0.200835816136508,0.791805379220098,"R",59.1,59.1,0.229127079330368,0.172544552942647,0.760766870840012,0.822843887600183,23343,1,120
23344,"R","Daniel Alvarez","Alvarez","http://ballotpedia.org/Daniel_Alvarez",69,"House",NA,"partisan_cross",1,85,85,507,0,32,0,0,0,105,73,NA,23,NA,73456,25641,19158,3310,896,25,122698,0.598673165006765,0.208976511434579,0.156139464375947,0.0269768048378947,0.00750623482045347,"CVAP",22,0.446691024486307,0.541963446307653,"R",9.5,9.5,0.481777377829966,0.411604671142648,0.503550146505273,0.580376746110033,23344,67,54
23346,"R","Dean Black","Black","http://ballotpedia.org/Dean_Black",15,"House",NA,"partisan_cross",0.932692307692308,104,97,558,7,3,3,0,0.00449101796407186,46,20,NA,80,NA,99896,7833,25625,2929,1334,63,138048,0.723632359758924,0.0567411335187761,0.185623840982847,0.0212172577654149,0.0101196685210941,"CVAP",22,0.326836130711872,0.662905197217247,"R",33.6,33.6,0.350910654848723,0.302761606575021,0.635139683608213,0.690670710826281,23346,21,100
23347,"R","Robert Brackett","Brackett","http://ballotpedia.org/Robert_Brackett",34,"House",NA,"partisan_cross",0.977777777777778,90,88,522,2,3,3,0,0.00485436893203883,42,17,NA,59,NA,120933,13274,10541,2204,945,26,147960,0.817335766423358,0.089713436063801,0.0712422276290889,0.0148959178156258,0.00656258448229251,"CVAP",22,0.350067685633382,0.642430011758071,"R",29.2,29.2,0.382879342277635,0.317256028989129,0.606830193793197,0.678029829722945,23347,31,90
23348,"R","Jennifer Canady","Canady","http://ballotpedia.org/Jennifer_Canady",50,"House",NA,"partisan_cross",1,84,84,403,0,10,0,0,0,107,75,NA,25,NA,88571,20086,23051,2481,961,67,135319,0.654534839896836,0.148434440100799,0.170345627738898,0.0183344541416948,0.00759686370723993,"CVAP",22,0.382006702843555,0.606606957585284,"R",22.5,22.5,0.417259381241022,0.346754024446088,0.567347558483118,0.645866356687449,23348,43,78
23349,"R","Tiffany Esposito","Esposito","http://ballotpedia.org/Tiffany_Esposito",77,"House",NA,"partisan_cross",0.989583333333333,96,95,466,1,26,0,0,0,91,59,NA,40,NA,72778,35088,15890,2600,616,81,127400,0.571255886970173,0.27541601255887,0.124725274725275,0.0204081632653061,0.00547095761381476,"CVAP",22,0.372268478705752,0.620582291651426,"R",24.8,24.8,0.430363080196835,0.314173877214668,0.560633062907302,0.68053152039555,23349,39,82
23350,"R","Karen Gonzalez Pittman","Gonzalez Pittman","http://ballotpedia.org/Karen_Gonzalez_Pittman",65,"House",NA,"partisan_cross",0.873417721518987,79,69,469,10,33,3,0,0.00513698630136986,40,16,NA,85,NA,96822,22008,8509,5589,846,175,134248,0.72121744830463,0.163935403134497,0.0633826947142602,0.0416319051308027,0.00760532745366784,"CVAP",22,0.478069323099925,0.511230308052481,"R",3.3,3.3,0.513122434194639,0.443016212005211,0.471547935281333,0.550912680823629,23350,78,43
23351,"R","Peggy Gossett-Seidman","Gossett-Seidman","http://ballotpedia.org/Peggy_Gossett-Seidman",91,"House",NA,"partisan_cross",0.977777777777778,90,88,443,2,105,0,0,0,96,64,NA,60,NA,106655,18710,7124,4178,512,25,137345,0.776548108777167,0.136226291455823,0.0518693800283956,0.030419745895373,0.00390986202628417,"CVAP",22,0.485694023058932,0.509008516330825,"R",2.3,2.3,0.51892962948713,0.452458416630734,0.474029471740218,0.543987560921433,23351,79,42
23352,"R","Philip Griffitts","Griffitts","http://ballotpedia.org/Philip_Griffitts",6,"House",NA,"partisan_cross",0.981651376146789,109,107,567,2,18,1,0,0.00143884892086331,82,50,NA,55,NA,110890,6497,14445,3668,1994,155,137830,0.804541826888196,0.0471377784226946,0.104803018210839,0.0266124936515998,0.0155916708989335,"CVAP",22,0.242405953494843,0.746466865380092,"R",50.4,50.4,0.274789997103408,0.210021909886277,0.70909637067791,0.783837360082274,23352,4,117
23353,"R","Jeff Holcomb","Holcomb","http://ballotpedia.org/Jeff_Holcomb_(Florida)",53,"House",NA,"partisan_cross",1,77,77,374,0,261,0,0,0,111,79,NA,30,NA,110183,18528,5995,2119,989,78,138175,0.797416319884205,0.134090826850009,0.043387009227429,0.0153356251130812,0.00772209155056993,"CVAP",22,0.323374975214257,0.668477186566869,"R",34.5,34.5,0.347319277108434,0.299430673320081,0.642078313253012,0.694876059880725,23353,17,104
23354,"R","Berny Jacques","Jacques","http://ballotpedia.org/Berny_Jacques",59,"House",NA,"partisan_cross",0.988372093023256,86,85,480,1,13,4,0,0.00686106346483705,33,11,NA,49,NA,117192,12158,10062,4401,1353,110,145415,0.805914107898085,0.0836089811917615,0.0691950624075921,0.0302651033249665,0.0100608602963931,"CVAP",22,0.41786743023726,0.572163552009343,"R",15.4,15.4,0.441311623051652,0.394423237422868,0.545823909283499,0.598503194735186,23354,55,66
23355,"R","Kiyan Michael","Michael","http://ballotpedia.org/Kiyan_Michael",16,"House",NA,"partisan_cross",0.923076923076923,52,48,293,4,272,6,0,0.00963081861958266,27,5,NA,82,NA,94824,11910,14449,8999,915,65,131856,0.71914816163087,0.0903258099745177,0.109581664846499,0.068248695546657,0.00743235044290741,"CVAP",22,0.380513294021847,0.608356485439726,"R",22.8,22.8,0.4159171984123,0.345109389631395,0.5683062854846,0.648406685394853,23355,42,79
23356,"R","Juan Porras","Porras","http://ballotpedia.org/Juan_Carlos_Porras",119,"House",NA,"partisan_cross",0.991228070175439,114,113,538,1,49,0,0,0,84,52,NA,39,NA,13710,102167,5261,2864,179,55,124606,0.110026804487745,0.819920389066337,0.0422210808468292,0.0229844469768711,0.00187791920132257,"CVAP",22,0.400684117798073,0.592680228085234,"R",19.2,19.2,0.45508968783543,0.346278547760715,0.538337261671591,0.647023194498878,23356,48,74
23357,"R","John Temple","Temple","http://ballotpedia.org/John_Temple",52,"House",NA,"partisan_cross",0.958333333333333,72,69,435,3,111,1,0,0.00161550888529887,76,44,NA,75,NA,139865,9224,10801,1495,1067,73,162590,0.860231256534842,0.0567316563134264,0.0664308998093364,0.00919490743588167,0.00701150132234455,"CVAP",22,0.287981262445053,0.706759488447982,"R",41.9,41.9,0.313187084864767,0.262775440025338,0.679742224712805,0.733776752183159,23357,10,111
23358,"R","Taylor Yarkosky","Yarkosky","http://ballotpedia.org/Taylor_Yarkosky",25,"House",NA,"partisan_cross",1,87,87,463,0,74,0,0,0,102,70,NA,19,NA,86845,25028,14707,4216,873,30,132014,0.657846895026285,0.189585953004984,0.111404851000651,0.0319360067871589,0.00684018361688912,"CVAP",22,0.399859251290986,0.59232983103148,"R",19.2,19.2,0.436076076076076,0.363642426505896,0.554344344344344,0.630315317718615,23358,47,73
23359,"R","Adam Anderson","Anderson","http://ballotpedia.org/Adam_Anderson",57,"House",NA,"partisan_cross",1,72,72,489,0,106,0,0,0,115,82,NA,33,NA,123338,10473,6106,3529,607,35,144207,0.855284417538677,0.072624768561859,0.0423419112803123,0.0244717662804163,0.00445193367867024,"CVAP",22,0.408191031782565,0.583194296232064,"R",17.5,17.5,0.433081965511874,0.383300098053257,0.554767628898075,0.611620963566054,23359,50,72
23360,"R","Jessica Baker","Baker","http://ballotpedia.org/Jessica_Baker",17,"House",NA,"partisan_cross",0.952941176470588,85,81,485,4,62,3,0,0.0047244094488189,44,18,NA,79,NA,86150,13595,21998,9373,1065,194,133222,0.64666496524598,0.102047709837714,0.165122877602798,0.0703562474666346,0.00945039107654892,"CVAP",22,0.41798531303511,0.569907808648821,"R",15.2,15.2,0.456646150523702,0.379324475546519,0.526390238635137,0.613425378662506,23360,56,65
23361,"D","Gallop Franklin","Franklin","http://ballotpedia.org/Gallop_Franklin",8,"House",NA,"partisan_cross",0.714285714285714,63,45,441,18,44,1,6,0.0018018018018018,65,NA,30,NA,28,56291,8665,71405,2265,1443,62,140405,0.400918770699049,0.061714326412877,0.508564509810904,0.0161319041344681,0.0107189914889071,"CVAP",22,0.714687999119102,0.272900037891596,"D",44.2,-44.2,0.740192993496958,0.689183004741245,0.245600540754726,0.300199535028466,23361,112,9
24808,"R","Rachel Plakon","Plakon","http://ballotpedia.org/Rachel_Plakon",36,"House",NA,"partisan_cross",0.965116279069767,86,83,515,3,17,5,1,0.00801282051282051,30,8,NA,70,NA,76841,23693,20927,5186,833,8,128063,0.600024987701366,0.18501050264323,0.163411758275224,0.0404956935258428,0.00656708026518198,"CVAP",22,0.476231832216635,0.513389592088656,"R",3.7,3.7,0.514770808985846,0.437692855447425,0.471735272475436,0.555043911701875,24808,76,45
24809,"R","Susan Plasencia","Plasencia","http://ballotpedia.org/Susan_Plasencia",37,"House",NA,"partisan_cross",0.964912280701754,57,55,273,2,290,2,0,0.00321543408360129,56,28,NA,71,NA,80191,32981,14106,6874,730,65,135177,0.59322961746451,0.24398381381448,0.104352071728179,0.0508518460980788,0.00588117801105218,"CVAP",22,0.507921551263386,0.478937287256553,"D",2.9,-2.9,0.546321043703243,0.469522058823529,0.436385603924871,0.521488970588235,24809,83,38
24810,"R","Paula Stark","Stark","http://ballotpedia.org/Paula_Stark",47,"House",NA,"partisan_cross",0.909090909090909,66,60,365,6,177,0,0,0,118,85,NA,84,NA,37270,70359,10746,3489,581,210,122856,0.303363287100345,0.572694862277789,0.087468255518656,0.0283991013869896,0.00643843198541382,"CVAP",22,0.506567742414888,0.482399436602821,"D",2.4,-2.4,0.55958334349767,0.453552141332105,0.428963481570024,0.535835391635618,24810,82,39
24962,"R","Ryan Chamberlin","Chamberlin","http://ballotpedia.org/",24,"House",NA,"partisan_cross",0.988235294117647,85,84,474,1,16,2,0,0.00346620450606586,51,24,NA,50,NA,101937,19012,15148,2863,725,0,140099,0.727606906544658,0.135704037858943,0.108123541210144,0.0204355491473886,0.00517491202649555,"CVAP",22,0.346673136460059,0.645471622935069,"R",29.9,29.9,0.378880282978594,0.314465989941524,0.611006078347665,0.679937167522473,24962,26,94
24994,"R","Mike Redondo","Redondo","http://ballotpedia.org/Mike_Redondo",118,"House",NA,"partisan_cross",1,83,83,475,0,1,1,0,0.00178571428571429,67,37,NA,27,NA,14861,95354,6387,2015,226,20,119330,0.124536998240174,0.799078186541524,0.0535238414480851,0.0168859465348194,0.00206151009804743,"CVAP",22,0.363291651333826,0.630537520683095,"R",26.7,26.7,0.41570616927205,0.310877133395602,0.578014839277373,0.683060202088817,24994,36,85
25364,"R","Jon Albert","Albert","http://ballotpedia.org/Jon_Albert",48,"House",NA,"partisan_cross",1,99,99,533,0,11,0,0,0,90,58,NA,7,NA,79507,30892,21361,1908,990,95,134975,0.589049824041489,0.228872013335803,0.158258936840156,0.0141359511020559,0.00803852565289868,"CVAP",22,0.408327870091157,0.583283518236879,"R",17.5,17.5,0.446507948886487,0.370147791295828,0.543198048150087,0.623368988323671,25364,49,71
25365,"D","Jose Alvarez","Alvarez","http://ballotpedia.org/Jose_A._Alvarez",46,"House",NA,"partisan_cross",0.48936170212766,94,46,432,48,43,6,1,0.0104166666666667,24,NA,20,NA,32,26536,64060,15266,3017,483,4,110168,0.240868491758042,0.581475564592259,0.13857018371941,0.0273854476799071,0.0044205213855203,"CVAP",22,0.599887869287207,0.387728335354317,"D",21.2,-21.2,0.647129116875547,0.552646621698868,0.341707956863888,0.433748713844747,25365,102,19
25366,"D","Wallace Aristide","Aristide","http://ballotpedia.org/Wallace_Aristide",107,"House",NA,"partisan_cross",0.901960784313726,102,92,474,10,26,11,1,0.0179153094462541,15,NA,13,NA,19,14307,35331,63135,1894,523,60,115510,0.123859406112025,0.305869621677777,0.546576054021297,0.0163968487576833,0.00504718206215912,"CVAP",22,0.744822689509636,0.24633123141181,"D",49.8,-49.8,0.769500404940271,0.720144974079002,0.223451103462239,0.26921135936138,25366,117,4
25367,"R","Yvette Benarroch","Benarroch","http://ballotpedia.org/Yvette_Benarroch",81,"House",NA,"partisan_cross",0.96551724137931,87,84,432,3,76,1,0,0.00167785234899329,70,39,NA,69,NA,119010,13917,5630,2201,537,25,141400,0.841654879773692,0.0984229137199434,0.0398161244695898,0.0155657708628006,0.00397454031117397,"CVAP",22,0.328971636192899,0.66582358340114,"R",33.7,33.7,0.370821310437047,0.287121961948752,0.621463509043564,0.710183657758716,25367,20,101
25368,"R","Omar Blanco","Blanco","http://ballotpedia.org/Omar_Blanco",115,"House",NA,"partisan_cross",0.988505747126437,87,86,501,1,29,1,0,0.00161812297734628,75,43,NA,48,NA,33449,75952,6548,2994,300,30,119795,0.27921866521975,0.634016444759798,0.0546600442422472,0.0249926958554197,0.00275470595600818,"CVAP",22,0.44862389504802,0.544783743561384,"R",9.6,9.6,0.48696558915537,0.41028220094067,0.505318039624609,0.584249447498158,25368,66,55
25369,"R","Erika Booth","Booth","http://ballotpedia.org/Erika_Booth",35,"House",NA,"partisan_cross",0.97752808988764,89,87,457,2,27,0,0,0,99,67,NA,61,NA,65574,37127,12372,6795,648,60,123158,0.532438006463242,0.301458289351889,0.100456324396304,0.0551730297666412,0.005748713035288,"CVAP",22,0.477438622941974,0.512042519037566,"R",3.5,3.5,0.517935345836258,0.43694190004769,0.468213374341145,0.555871663733987,25369,77,44
25370,"R","Nan Cobb","Cobb","http://ballotpedia.org/Nan_Cobb",26,"House",NA,"partisan_cross",0.989473684210526,95,94,551,1,6,0,0,0,93,61,NA,41,NA,110624,13007,14750,1969,1242,385,141951,0.779311170756106,0.091630210424724,0.103909095392072,0.0138709836492874,0.011461701573078,"CVAP",22,0.34335955791266,0.649041226122709,"R",30.6,30.6,0.374646441366884,0.312072674458436,0.616553877097781,0.681528575147637,25370,24,97
25371,"R","William Conerly","Conerly","http://ballotpedia.org/Bill_Conerly",72,"House",NA,"partisan_cross",1,92,92,470,0,3,0,0,0,95,63,NA,15,NA,112986,13196,6776,3367,807,115,137436,0.822099013358945,0.0960155999883582,0.0493029482813819,0.0244986757472569,0.00670857708315143,"CVAP",22,0.369183631625133,0.623945414740717,"R",25.5,25.5,0.400703716199933,0.337663547050333,0.589453896948956,0.658436932532477,25371,38,83
25372,"R","Richard Gentry","Gentry","http://ballotpedia.org/Richard_Gentry",27,"House",NA,"partisan_cross",0.981981981981982,111,109,541,2,14,1,0,0.00149925037481259,80,48,NA,54,NA,116981,19269,7982,2659,911,10,147753,0.791733501181025,0.130413595663032,0.0540225917578662,0.0179962504991438,0.00623337597206148,"CVAP",22,0.305093259634381,0.686838379165634,"R",38.2,38.2,0.335486083888671,0.274700435380091,0.654233633869071,0.719443124462196,25372,13,108
25373,"R","Anne Gerwig","Gerwig","http://ballotpedia.org/Anne_Gerwig",93,"House",NA,"partisan_cross",0.956521739130435,92,88,511,4,14,5,1,0.00802568218298555,29,7,NA,76,NA,73821,27521,18371,4754,414,80,125254,0.589370399348524,0.219721525859454,0.146669966627812,0.0379548756925926,0.00394398582081211,"CVAP",22,0.514147634162329,0.479337878824552,"D",3.5,-3.5,0.549187287104001,0.479107981220657,0.442537259996522,0.516138497652582,25373,86,35
25374,"R","Sam Greco","Greco","http://ballotpedia.org/Sam_Greco",19,"House",NA,"partisan_cross",1,99,99,513,0,25,2,0,0.00312989045383412,58,30,NA,8,NA,117893,12049,13077,3005,1017,80,147250,0.800631578947368,0.0818268251273345,0.0888081494057725,0.0204074702886248,0.00744991511035654,"CVAP",22,0.376518572936154,0.615551398303205,"R",23.9,23.9,0.409758548599833,0.343278597272474,0.579958905707441,0.65114389089897,25374,40,81
25375,"R","J.J. Grow","Grow","http://ballotpedia.org/J.J._Grow",23,"House",NA,"partisan_cross",0.987951807228916,83,82,464,1,32,1,0,0.00172413793103448,68,38,NA,52,NA,130818,8983,4072,2013,1480,65,148170,0.882891273537153,0.0606263076196261,0.0274819464129041,0.0135857461024499,0.010427211986232,"CVAP",22,0.271801374918337,0.720264440137264,"R",44.8,44.8,0.291898774470794,0.251703975365879,0.697999269738136,0.742529610536392,25375,8,113
25376,"R","Chad Johnson","Johnson","http://ballotpedia.org/Chad_Johnson_(Florida)",22,"House",NA,"partisan_cross",0.964705882352941,85,82,486,3,26,1,0,0.00167224080267559,71,40,NA,72,NA,114104,12881,13278,7150,1109,28,148694,0.767374608255881,0.086627570715698,0.0892974834223304,0.0480853296030775,0.00764657619002784,"CVAP",22,0.46045495169545,0.529021095480243,"R",6.9,6.9,0.487520268993166,0.433389634397734,0.498134755230146,0.55990743573034,25376,71,50
25377,"R","Kim Kendall","Kendall","http://ballotpedia.org/Kim_Kendall",18,"House",NA,"partisan_cross",0.978260869565217,92,90,509,2,25,2,0,0.00318471337579618,57,29,NA,58,NA,108349,9552,6473,5450,794,4,130756,0.828635014836795,0.0730520970357001,0.0495044204472452,0.0416806876931078,0.00610297041818349,"CVAP",22,0.307787741516965,0.683462582019039,"R",37.6,37.6,0.34080786361542,0.274767619418511,0.646325022611307,0.720600141426771,25377,15,106
25378,"R","Jennifer Kincart Jonsson","Kincart Jonsson","http://ballotpedia.org/Jennifer_Kincart_Jonsson",49,"House",NA,"partisan_cross",1,78,78,467,0,4,3,0,0.00543478260869565,38,14,NA,29,NA,86116,21633,15903,2747,862,231,127813,0.673765579401156,0.169255083598695,0.124423963133641,0.0214923364602975,0.00855155578853481,"CVAP",22,0.326015292121194,0.663719232379077,"R",33.8,33.8,0.357414539626343,0.294616044616045,0.628471640791331,0.698966823966824,25378,19,102
25379,"R","Monique Miller","Miller","http://ballotpedia.org/Monique_Miller",33,"House",NA,"partisan_cross",1,71,71,399,0,26,0,0,0,116,83,NA,34,NA,94434,20757,19942,4554,1355,35,141627,0.666779639475524,0.146561037090385,0.140806484639228,0.032154885720943,0.0098145127694578,"CVAP",22,0.432421401116577,0.556226079040818,"R",12.4,12.4,0.46357331736766,0.401269484865495,0.521249313974954,0.591202844106683,25379,63,58
25380,"R","Danny Nix","Nix","http://ballotpedia.org/Danny_Nix",75,"House",NA,"partisan_cross",0.963636363636364,110,106,526,4,5,0,0,0,87,55,NA,74,NA,143424,8163,5015,2581,994,49,160310,0.894666583494479,0.0509200923211278,0.0312831389183457,0.0161000561412264,0.00650614434533092,"CVAP",22,0.347238915794295,0.646104984255777,"R",29.9,29.9,0.379117672302807,0.315360159285783,0.611380997339284,0.680828971172271,25380,27,95
25381,"R","Vanessa Oliver","Oliver","http://ballotpedia.org/Vanessa_Oliver",76,"House",NA,"partisan_cross",1,95,95,510,0,22,1,0,0.00159235668789809,78,46,NA,11,NA,122396,15071,8262,1487,904,58,148403,0.824754216558964,0.101554550784014,0.0556727289879585,0.010020013072512,0.00648234873958074,"CVAP",22,0.307230803174499,0.686847642163944,"R",38,38,0.3434538909667,0.271007715382298,0.648855421082713,0.724839863245176,25381,14,107
25382,"R","Michael Owen","Owen","http://ballotpedia.org/Michael_Owen_(Florida)",70,"House",NA,"partisan_cross",0.988235294117647,85,84,528,1,13,1,0,0.00159489633173844,77,45,NA,51,NA,89574,19818,16820,3475,647,110,130950,0.684032073310424,0.151340206185567,0.128445971744941,0.026536846124475,0.00578083237877052,"CVAP",22,0.414232639546987,0.576732748928113,"R",16.3,16.3,0.447992441175275,0.380472837918698,0.540151176494493,0.613314321361732,25382,53,68
25383,"R","Bill Partington","Partington","http://ballotpedia.org/Bill_Partington",28,"House",NA,"partisan_cross",1,86,86,483,0,1,0,0,0,103,71,NA,21,NA,107063,9945,25831,3027,1062,30,147090,0.727874090692773,0.0676116663267387,0.175613569923176,0.0205792372017132,0.00742402610646543,"CVAP",22,0.417193443425636,0.572932899559935,"R",15.6,15.6,0.45636941692132,0.378017469929953,0.531376362008828,0.614489437111043,25383,54,67
25384,"D","Mitch Rosenwald","Rosenwald","http://ballotpedia.org/Mitch_Rosenwald",98,"House",NA,"partisan_cross",0.804878048780488,82,66,451,16,52,7,0,0.0118243243243243,22,NA,19,NA,27,45869,23425,43329,1924,817,49,115663,0.396574531181104,0.202528034029897,0.374614180852995,0.0166345330831813,0.00748726904887475,"CVAP",22,0.670167700876859,0.321846748048631,"D",34.8,-34.8,0.703153579721613,0.637181822032104,0.288816531970371,0.35487696412689,25384,108,14
25385,"R","Judson Sapp","Sapp","http://ballotpedia.org/Judson_Sapp",20,"House",NA,"partisan_cross",1,111,111,483,0,21,0,0,0,86,54,NA,3,NA,113182,8320,13684,887,1550,95,137788,0.821421313902517,0.0603826167735942,0.0993119865300316,0.00643742561035794,0.011938630359683,"CVAP",22,0.25310792914941,0.73822032588801,"R",48.5,48.5,0.276534739644667,0.229681118654153,0.712139675387845,0.764300976388175,25385,5,116
25386,"D","Leonard Spencer","Spencer","http://ballotpedia.org/Leonard_Spencer",45,"House",NA,"partisan_cross",0.905405405405405,74,67,435,7,55,2,5,0.00350262697022767,50,NA,27,NA,18,69267,20472,8447,8868,628,35,108274,0.639738071928626,0.189075863088091,0.0780150359273695,0.0819033193564475,0.00612335371372629,"CVAP",22,0.488831582385794,0.502081510349529,"R",1.3,1.3,0.521054943171471,0.456608221600118,0.4664438516995,0.537719168999558,25386,80,41
25387,"D","Debra Tendrich","Tendrich","http://ballotpedia.org/Debra_Tendrich",89,"House",NA,"partisan_cross",0.863013698630137,73,63,452,10,70,4,1,0.00666666666666667,34,NA,23,NA,22,37154,39212,16024,2808,340,140,96210,0.386176073173267,0.407566780999896,0.166552333437273,0.0291861552853134,0.00498908637355784,"CVAP",22,0.540135015632875,0.450446311179202,"D",9,-9,0.590636337064356,0.489633694201394,0.399632055844982,0.501260566513421,25387,91,30
25388,"R","Meg Weinberger","Weinberger","http://ballotpedia.org/Meg_Weinberger",94,"House",NA,"partisan_cross",1,117,117,555,0,17,0,0,0,83,51,NA,1,NA,78083,23007,24844,3892,802,96,130870,0.596645526094598,0.175800412623214,0.189837243065638,0.0297394360816077,0.00686177122335142,"CVAP",22,0.459047079769073,0.534730715051222,"R",7.6,7.6,0.496285965184152,0.421808194353994,0.495686760679787,0.573774669422658,25388,70,51
25389,"D","Barbara Sharief","Sharief","http://ballotpedia.org/Barbara_Sharief",35,"Senate",NA,"partisan_cross",0.846153846153846,52,44,509,8,67,4,4,0.00628930817610063,14,NA,8,NA,8,116995,147173,76231,19857,1603,214,363745,0.321640160002199,0.404604874293805,0.209572640173748,0.0545904411057197,0.00499525766677205,"CVAP",22,0.575117366604484,0.417886340237782,"D",15.7,-15.7,0.613862440624534,0.536372292584435,0.378288282531365,0.4574843979442,25389,36,5
26477,"R","Nathan Boyles","Boyles","http://ballotpedia.org/Nathan_Boyles",3,"House",NA,"partisan_cross",1,3,3,9,0,0,0,0,0,120,87,NA,37,NA,111949,7030,9983,3604,2443,49,135365,0.827015846045876,0.0519336608429062,0.0737487533705168,0.0266243120452111,0.0184094854652237,"CVAP",22,0.205604177989987,0.780475686160974,"R",57.5,57.5,0.233356541682878,0.177851814297096,0.745930006348166,0.815021365973781,23295,2,119
26478,"R","Brian Hodgers","Hodgers","http://ballotpedia.org/Brian_Hodgers",32,"House",NA,"partisan_cross",1,3,3,9,0,0,0,0,0,121,88,NA,38,NA,115149,12589,9163,4086,859,141,142766,0.806557583738425,0.088179258366838,0.0641819480828769,0.028620259725705,0.00700446885112702,"CVAP",22,0.383894024323542,0.60566997727306,"R",22.2,22.2,0.411721798432172,0.356066250214912,0.573584209231202,0.637755745314918,1678,44,77
