"chamber","district_number","n_Dem","n_Rep","n_Total_Elec","pct_D","pct_R","source_elec","weight"
"House",0,0,0,0,NA,NA,"20_PRES",0.1
"House",1,35131,55401,92099,0.381448224193531,0.601537475976938,"20_PRES",0.1
"House",2,43119,57362,102586,0.42032051157078,0.559160119314526,"20_PRES",0.1
"House",3,22791,72852,97666,0.233356541682878,0.745930006348166,"20_PRES",0.1
"House",4,31748,68242,102446,0.309899849676903,0.666126544716241,"20_PRES",0.1
"House",5,21584,71665,94201,0.229127079330368,0.760766870840012,"20_PRES",0.1
"House",6,25614,66097,93213,0.274789997103408,0.70909637067791,"20_PRES",0.1
"House",7,22726,67640,91194,0.249204991556462,0.741715463736649,"20_PRES",0.1
"House",8,63639,21144,86005,0.739945352014418,0.245846171734202,"20_PRES",0.1
"House",9,61721,50560,113810,0.542316140936649,0.444249187241894,"20_PRES",0.1
"House",10,25614,63847,90503,0.283018242489199,0.705468327016784,"20_PRES",0.1
"House",11,32225,65410,99185,0.32489791803196,0.65947471895952,"20_PRES",0.1
"House",12,42071,47760,91366,0.460466694393976,0.522732745222512,"20_PRES",0.1
"House",13,54005,29579,84845,0.636513642524604,0.348623961341269,"20_PRES",0.1
"House",14,50832,25753,77784,0.653502005553841,0.331083513318934,"20_PRES",0.1
"House",15,37532,67932,106956,0.350910654848723,0.635139683608213,"20_PRES",0.1
"House",16,41390,56555,99515,0.4159171984123,0.5683062854846,"20_PRES",0.1
"House",17,42283,48738,92592,0.456659322619665,0.52637376879212,"20_PRES",0.1
"House",18,39958,75770,117236,0.340833873554198,0.646303183322529,"20_PRES",0.1
"House",19,45659,64626,111431,0.40975132593264,0.579964282829733,"20_PRES",0.1
"House",20,27006,69549,97661,0.276527989678582,0.712147121164027,"20_PRES",0.1
"House",21,50232,26538,77973,0.644223000269324,0.340348582201531,"20_PRES",0.1
"House",22,48991,50075,100507,0.487438685862676,0.498224004298208,"20_PRES",0.1
"House",23,31178,74554,106811,0.291898774470794,0.697999269738136,"20_PRES",0.1
"House",24,37265,60093,98353,0.378890323630189,0.610993055626163,"20_PRES",0.1
"House",25,43564,55379,99900,0.436076076076076,0.554344344344344,"20_PRES",0.1
"House",26,35795,58906,95542,0.374651985514224,0.616545602980888,"20_PRES",0.1
"House",27,34210,66722,101980,0.335457932928025,0.654265542263189,"20_PRES",0.1
"House",28,44355,51645,97191,0.45636941692132,0.531376362008828,"20_PRES",0.1
"House",29,42057,48673,91893,0.457673598641899,0.529670377504271,"20_PRES",0.1
"House",30,40939,68822,111019,0.368756699303723,0.619911906970879,"20_PRES",0.1
"House",31,41526,65330,108445,0.382922218636175,0.602425192493891,"20_PRES",0.1
"House",32,46752,65175,113598,0.411556541488406,0.573733692494586,"20_PRES",0.1
"House",33,46362,52166,100045,0.463411464840822,0.521425358588635,"20_PRES",0.1
"House",34,42369,67156,110664,0.382861635220126,0.606845948095135,"20_PRES",0.1
"House",35,46614,42227,90088,0.51742740431578,0.46873057454933,"20_PRES",0.1
"House",36,47582,43599,92429,0.514795140053446,0.471702604161032,"20_PRES",0.1
"House",37,44760,35766,81943,0.546233357333756,0.436474134459319,"20_PRES",0.1
"House",38,51780,44220,97483,0.531169537252649,0.453617553829899,"20_PRES",0.1
"House",39,46014,44839,91999,0.500157610408809,0.487385732453614,"20_PRES",0.1
"House",40,52803,21133,74801,0.705913022553174,0.282522960922982,"20_PRES",0.1
"House",41,43124,11873,55678,0.774524947016775,0.213244010201516,"20_PRES",0.1
"House",42,61218,42087,104882,0.583684521652905,0.40127953318968,"20_PRES",0.1
"House",43,45195,27525,73786,0.612514569159461,0.373038245737674,"20_PRES",0.1
"House",44,46959,28900,76777,0.611628482488245,0.37641481172747,"20_PRES",0.1
"House",45,48641,43542,93350,0.521060524906267,0.466438136047134,"20_PRES",0.1
"House",46,44038,23251,68051,0.647132297835447,0.341670217924792,"20_PRES",0.1
"House",47,46111,35157,82207,0.560913304219835,0.427664310825112,"20_PRES",0.1
"House",48,40080,48761,89765,0.446499192335543,0.543207263410015,"20_PRES",0.1
"House",49,29881,52541,83602,0.357419678955049,0.628465826176407,"20_PRES",0.1
"House",50,35727,48578,85623,0.417259381241022,0.567347558483118,"20_PRES",0.1
"House",51,39362,44707,85038,0.462875420400292,0.525729673792893,"20_PRES",0.1
"House",52,38004,82484,121346,0.313187084864767,0.679742224712805,"20_PRES",0.1
"House",53,34592,63949,99597,0.34731969838449,0.642077572617649,"20_PRES",0.1
"House",54,39831,52113,93097,0.427844076608269,0.559770991546452,"20_PRES",0.1
"House",55,40096,63247,104732,0.382843829966008,0.60389374785166,"20_PRES",0.1
"House",56,33410,51001,85623,0.390198895156675,0.595646029688285,"20_PRES",0.1
"House",57,49989,64068,115458,0.432962635763654,0.554903081640077,"20_PRES",0.1
"House",58,47039,52291,100685,0.467189750211054,0.519352435814669,"20_PRES",0.1
"House",59,43049,53268,97573,0.441197872362231,0.545929714162729,"20_PRES",0.1
"House",60,54322,43194,99065,0.54834704486953,0.43601675667491,"20_PRES",0.1
"House",61,50611,56247,108236,0.46759858087882,0.519669980413171,"20_PRES",0.1
"House",62,57260,21593,80069,0.715133197617055,0.269679901085314,"20_PRES",0.1
"House",63,52245,15453,68763,0.759783604554775,0.22472841499062,"20_PRES",0.1
"House",64,41488,30160,72658,0.57100388119684,0.415095378347876,"20_PRES",0.1
"House",65,53577,49152,104343,0.513469997987407,0.471061786607631,"20_PRES",0.1
"House",66,49078,54715,105155,0.466720555370643,0.520327136132376,"20_PRES",0.1
"House",67,44962,29743,75893,0.592439355408272,0.391907026998537,"20_PRES",0.1
"House",68,32931,52617,86781,0.379472465170948,0.606319355619318,"20_PRES",0.1
"House",69,43842,45831,91002,0.481769631436672,0.503626293927606,"20_PRES",0.1
"House",70,44044,53121,98329,0.447924823805795,0.540237366392417,"20_PRES",0.1
"House",71,37979,45994,84956,0.447043175290739,0.541386129290456,"20_PRES",0.1
"House",72,41567,61147,103735,0.400703716199933,0.589453896948956,"20_PRES",0.1
"House",73,57570,57874,116561,0.493904479199732,0.496512555657553,"20_PRES",0.1
"House",74,44564,63352,109071,0.408577898799864,0.580832668628691,"20_PRES",0.1
"House",75,44171,71232,116510,0.379117672302807,0.611380997339284,"20_PRES",0.1
"House",76,34253,64711,99731,0.3434538909667,0.648855421082713,"20_PRES",0.1
"House",77,32359,42154,75190,0.430363080196835,0.560633062907302,"20_PRES",0.1
"House",78,42002,47890,90607,0.463562417914731,0.528546359552794,"20_PRES",0.1
"House",79,37284,63131,101173,0.368517292162929,0.623990590374902,"20_PRES",0.1
"House",80,43726,74011,118503,0.368986439161878,0.62454958946187,"20_PRES",0.1
"House",81,42177,70665,113719,0.370887890326155,0.621400117834311,"20_PRES",0.1
"House",82,28781,45009,74478,0.386436263057547,0.604326109723677,"20_PRES",0.1
"House",83,25011,56247,81932,0.305265341990919,0.68650832397598,"20_PRES",0.1
"House",84,44997,48342,94065,0.478360708021049,0.513921224685058,"20_PRES",0.1
"House",85,47892,54450,103214,0.464006820780127,0.527544712926541,"20_PRES",0.1
"House",86,42778,65475,109223,0.391657434789376,0.599461651849885,"20_PRES",0.1
"House",87,51255,51753,103971,0.492974002366044,0.49776379952102,"20_PRES",0.1
"House",88,51455,16293,68429,0.751947273816657,0.238100805214164,"20_PRES",0.1
"House",89,34478,23313,58363,0.59075098949677,0.399448280588729,"20_PRES",0.1
"House",90,57564,36883,95294,0.604067412428904,0.387044304992969,"20_PRES",0.1
"House",91,53932,49270,103933,0.518911221652411,0.474055401075693,"20_PRES",0.1
"House",92,68554,45715,114899,0.596645749745429,0.397871173813523,"20_PRES",0.1
"House",93,53669,43253,97731,0.549150218456784,0.442571957720682,"20_PRES",0.1
"House",94,48028,47963,96766,0.496331356054813,0.495659632515553,"20_PRES",0.1
"House",95,57466,35533,93723,0.613147253075552,0.379127855489048,"20_PRES",0.1
"House",96,59992,31527,92270,0.6501788230194,0.341682020158231,"20_PRES",0.1
"House",97,63581,14789,78938,0.805454913983126,0.187349565481771,"20_PRES",0.1
"House",98,54182,22256,77057,0.703141830073841,0.288825155404441,"20_PRES",0.1
"House",99,65662,18337,84609,0.776064012102731,0.216726352988453,"20_PRES",0.1
"House",100,52815,51827,105442,0.500891485366363,0.49152140513268,"20_PRES",0.1
"House",101,44940,33714,79312,0.566622957433932,0.425080693968126,"20_PRES",0.1
"House",102,60404,43639,104891,0.575874002535966,0.416041414420684,"20_PRES",0.1
"House",103,60080,41171,102047,0.588748321851696,0.403451350848139,"20_PRES",0.1
"House",104,59528,22232,82308,0.723234679496525,0.270107401467658,"20_PRES",0.1
"House",105,58122,22281,81102,0.716653103499297,0.274728120145003,"20_PRES",0.1
"House",106,45749,37278,83642,0.546962052557328,0.445685182085555,"20_PRES",0.1
"House",107,60453,17645,78652,0.768613639831155,0.224342674057875,"20_PRES",0.1
"House",108,60365,13657,74643,0.808716155567166,0.182964243130635,"20_PRES",0.1
"House",109,46579,14590,61650,0.755539334955393,0.236658556366586,"20_PRES",0.1
"House",110,30765,46655,77898,0.394939536316722,0.598924234255051,"20_PRES",0.1
"House",111,30213,41261,71911,0.42014434509324,0.573778698669188,"20_PRES",0.1
"House",112,22815,41128,64283,0.354914985299379,0.639795902493661,"20_PRES",0.1
"House",113,38737,30556,69882,0.554320139664005,0.437251366589394,"20_PRES",0.1
"House",114,44021,43697,88370,0.498144166572366,0.494477763947041,"20_PRES",0.1
"House",115,49051,50873,100692,0.48713899813292,0.505233782226989,"20_PRES",0.1
"House",116,34487,51633,86737,0.397604251934007,0.595282290141462,"20_PRES",0.1
"House",117,41608,22101,64203,0.648069404856471,0.344236250642493,"20_PRES",0.1
"House",118,38073,53075,91724,0.415082203131133,0.578638088177576,"20_PRES",0.1
"House",119,40912,48558,90062,0.454264839777042,0.539161910683751,"20_PRES",0.1
"House",120,37897,41922,80645,0.46992373984748,0.519833839667679,"20_PRES",0.1
"Senate",0,0,0,0,NA,NA,"20_PRES",0.1
"Senate",1,101782,185604,293087,0.347275723590606,0.633272714245258,"20_PRES",0.1
"Senate",2,78205,206015,289124,0.270489478562831,0.712548940938836,"20_PRES",0.1
"Senate",3,148086,139344,291009,0.508870859664134,0.478830551632424,"20_PRES",0.1
"Senate",4,119513,182429,306573,0.389835373630424,0.595058925606626,"20_PRES",0.1
"Senate",5,148600,93888,246485,0.602876442785565,0.380907560297787,"20_PRES",0.1
"Senate",6,108402,175602,288125,0.376232537960954,0.609464642082429,"20_PRES",0.1
"Senate",7,122010,208462,334307,0.364963940330295,0.623564567897172,"20_PRES",0.1
"Senate",8,125422,169973,299102,0.419328523379984,0.568277711282439,"20_PRES",0.1
"Senate",9,117546,163534,284260,0.413515795398579,0.575297263069021,"20_PRES",0.1
"Senate",10,154944,141579,300878,0.514972846136972,0.470552848662913,"20_PRES",0.1
"Senate",11,104724,220972,328743,0.318558874257399,0.672172487322924,"20_PRES",0.1
"Senate",12,112463,135274,250837,0.448350921116103,0.539290455554802,"20_PRES",0.1
"Senate",13,126291,164932,294139,0.429358228592604,0.560728091140583,"20_PRES",0.1
"Senate",14,144528,133533,282048,0.512423417290674,0.473440690946222,"20_PRES",0.1
"Senate",15,142841,71699,217176,0.657720005893837,0.330142373006225,"20_PRES",0.1
"Senate",16,161233,72936,237864,0.677836915212054,0.306628998082938,"20_PRES",0.1
"Senate",17,147772,97856,249448,0.592396010390943,0.392290176710176,"20_PRES",0.1
"Senate",18,144920,159919,308988,0.469014977927945,0.517557316141727,"20_PRES",0.1
"Senate",19,134237,182783,321703,0.417269966397578,0.568173128631067,"20_PRES",0.1
"Senate",20,125313,160260,289072,0.433500996291581,0.554394752864338,"20_PRES",0.1
"Senate",21,130590,174871,309512,0.421922251802838,0.564989402672594,"20_PRES",0.1
"Senate",22,145199,180494,328952,0.441398745105669,0.548694034387996,"20_PRES",0.1
"Senate",23,120611,152125,276474,0.436247169715778,0.550232571598053,"20_PRES",0.1
"Senate",24,138652,84201,225015,0.616190031775659,0.374201719885341,"20_PRES",0.1
"Senate",25,136495,93911,233145,0.585451114113534,0.402800832100195,"20_PRES",0.1
"Senate",26,181394,128597,312218,0.580985080937038,0.41188208239115,"20_PRES",0.1
"Senate",27,98515,175151,276557,0.356219513518009,0.633326945259024,"20_PRES",0.1
"Senate",28,106108,167693,276033,0.384403314096503,0.607510696184876,"20_PRES",0.1
"Senate",29,115443,167291,285284,0.404659917836261,0.586401620840987,"20_PRES",0.1
"Senate",30,160399,103528,265981,0.603046834172366,0.389230809719491,"20_PRES",0.1
"Senate",31,142505,177343,322581,0.441765014058485,0.549762695261035,"20_PRES",0.1
"Senate",32,193570,62708,258270,0.749486970999342,0.242800170364347,"20_PRES",0.1
"Senate",33,117039,174250,293477,0.39880126892397,0.593743291637846,"20_PRES",0.1
"Senate",34,174871,47899,224497,0.778945821102286,0.213361425765155,"20_PRES",0.1
"Senate",35,172839,106497,281543,0.613899120205439,0.378261935121811,"20_PRES",0.1
"Senate",36,105813,106108,213541,0.495516083562407,0.496897551289916,"20_PRES",0.1
"Senate",37,149240,114413,265609,0.561878550802119,0.430757240906746,"20_PRES",0.1
"Senate",38,140772,121446,264254,0.5327147365792,0.459580555072014,"20_PRES",0.1
"Senate",39,85329,125093,211681,0.403101837198426,0.590950534058324,"20_PRES",0.1
"Senate",40,112829,138518,253277,0.445476691527458,0.546903192946853,"20_PRES",0.1
"House",0,0,0,0,NA,NA,"22_SEN",0.1
"House",1,20014,41766,62581,0.319809526853198,0.667391061184705,"22_SEN",0.1
"House",2,25109,44477,70502,0.3561459249383,0.630861535842955,"22_SEN",0.1
"House",3,12682,55363,68922,0.184005107222658,0.803270363599431,"22_SEN",0.1
"House",4,17390,51538,69966,0.248549295372038,0.736614927250379,"22_SEN",0.1
"House",5,12883,58250,71825,0.179366515837104,0.810998955795336,"22_SEN",0.1
"House",6,14547,51657,67009,0.217090241609336,0.770896446745959,"22_SEN",0.1
"House",7,15822,54395,71000,0.222845070422535,0.76612676056338,"22_SEN",0.1
"House",8,38629,15138,54531,0.708386055638077,0.27760356494471,"22_SEN",0.1
"House",9,46126,43244,90240,0.51114804964539,0.479210992907801,"22_SEN",0.1
"House",10,15893,50172,66735,0.238150895332284,0.751809395369746,"22_SEN",0.1
"House",11,19055,50517,70425,0.27057152999645,0.717316293929712,"22_SEN",0.1
"House",12,24298,36481,61499,0.395095855217158,0.593196637343697,"22_SEN",0.1
"House",13,31088,20835,52629,0.590700944346273,0.395884398335518,"22_SEN",0.1
"House",14,28275,18265,47192,0.599148160705204,0.387035938294626,"22_SEN",0.1
"House",15,25593,55298,81693,0.313282655796702,0.676900101599892,"22_SEN",0.1
"House",16,25046,44525,70372,0.355908600011368,0.632709032001364,"22_SEN",0.1
"House",17,24683,37941,63358,0.389579847848733,0.598835190504751,"22_SEN",0.1
"House",18,27860,68625,97411,0.286004660664607,0.704489226062765,"22_SEN",0.1
"House",19,32149,56697,89712,0.358357856251115,0.631989031567683,"22_SEN",0.1
"House",20,17683,55369,73847,0.239454547916638,0.749779950438068,"22_SEN",0.1
"House",21,27632,18541,46793,0.590515675421537,0.396234479516167,"22_SEN",0.1
"House",22,33085,41138,75065,0.440751348831013,0.548031705854926,"22_SEN",0.1
"House",23,22505,62953,86553,0.260014095409749,0.72733469665985,"22_SEN",0.1
"House",24,25099,49894,75674,0.331672701324101,0.659328170838069,"22_SEN",0.1
"House",25,28567,45616,74886,0.381473172555618,0.609139224955265,"22_SEN",0.1
"House",26,24057,48198,72931,0.329859730430133,0.660871234454484,"22_SEN",0.1
"House",27,22793,54157,77755,0.293138704906437,0.696508263134204,"22_SEN",0.1
"House",28,28493,42309,71544,0.398258414402326,0.591370345521637,"22_SEN",0.1
"House",29,25374,36923,62963,0.40299858647142,0.586423772691898,"22_SEN",0.1
"House",30,28358,54980,84189,0.336837354048629,0.653054437040469,"22_SEN",0.1
"House",31,28346,52056,81321,0.348569250255162,0.640129855756816,"22_SEN",0.1
"House",32,32291,53948,87194,0.370335114801477,0.618712296717664,"22_SEN",0.1
"House",33,29001,39554,69424,0.417737381885227,0.569745333026043,"22_SEN",0.1
"House",34,28920,58087,87828,0.32927995627818,0.661372227535638,"22_SEN",0.1
"House",35,27971,32104,60782,0.460185581257609,0.528182685663519,"22_SEN",0.1
"House",36,28985,33435,63142,0.459044692914383,0.529520762725286,"22_SEN",0.1
"House",37,26638,27007,54376,0.489885243489775,0.496671325584817,"22_SEN",0.1
"House",38,32167,33844,66787,0.481635647655981,0.506745324688937,"22_SEN",0.1
"House",39,29101,35324,65025,0.447535563244906,0.54323721645521,"22_SEN",0.1
"House",40,29048,14678,44204,0.657135100895846,0.332051398063524,"22_SEN",0.1
"House",41,20199,6953,27494,0.734669382410708,0.252891539972358,"22_SEN",0.1
"House",42,41736,32418,74918,0.557089084065245,0.432713099655623,"22_SEN",0.1
"House",43,22421,17559,40585,0.552445484785019,0.43264752987557,"22_SEN",0.1
"House",44,25063,19644,45197,0.55452795539527,0.434630617076355,"22_SEN",0.1
"House",45,32103,35174,67861,0.473069951813265,0.518324221570563,"22_SEN",0.1
"House",46,20207,14208,34971,0.577821623631009,0.406279488719224,"22_SEN",0.1
"House",47,23122,23939,47720,0.484534786253143,0.501655490360436,"22_SEN",0.1
"House",48,23305,37162,61139,0.381180588495069,0.60782806391992,"22_SEN",0.1
"House",49,16836,38325,55836,0.301525897270578,0.68638512787449,"22_SEN",0.1
"House",50,20121,35813,56655,0.355149589621393,0.632124260877239,"22_SEN",0.1
"House",51,22001,33250,55968,0.393099628359062,0.594089479702687,"22_SEN",0.1
"House",52,30475,79045,110315,0.276254362507365,0.716539001948964,"22_SEN",0.1
"House",53,22680,50106,73772,0.3074337146885,0.679200780784037,"22_SEN",0.1
"House",54,25715,42125,68813,0.373693924113176,0.612166305785244,"22_SEN",0.1
"House",55,27494,53508,82025,0.335190490704054,0.652337701920146,"22_SEN",0.1
"House",56,20608,37604,59157,0.348361140693409,0.635664418412022,"22_SEN",0.1
"House",57,35705,53660,90526,0.394417073547931,0.592757881713541,"22_SEN",0.1
"House",58,31641,43192,76032,0.416153724747475,0.568076599326599,"22_SEN",0.1
"House",59,29178,42435,72844,0.400554609851189,0.582546263247488,"22_SEN",0.1
"House",60,37870,33270,72364,0.523326515947156,0.459758996185949,"22_SEN",0.1
"House",61,36760,45599,83614,0.439639294854929,0.545351256966537,"22_SEN",0.1
"House",62,33797,15185,49720,0.679746580852776,0.305410297666935,"22_SEN",0.1
"House",63,27905,10656,39202,0.71182592724861,0.271822866180297,"22_SEN",0.1
"House",64,21587,21039,43432,0.497029839749493,0.484412414809357,"22_SEN",0.1
"House",65,33848,39522,74263,0.455785519033705,0.532189650296918,"22_SEN",0.1
"House",66,31771,44232,77017,0.412519313917706,0.574314761675994,"22_SEN",0.1
"House",67,25403,21838,48062,0.528546460821439,0.454371436894012,"22_SEN",0.1
"House",68,19197,40415,60362,0.318031211689474,0.669543752692091,"22_SEN",0.1
"House",69,26558,35375,62745,0.423268786357479,0.563789943421787,"22_SEN",0.1
"House",70,30804,46729,78434,0.39273784328225,0.595774791544483,"22_SEN",0.1
"House",71,24003,37171,61913,0.387689176748017,0.600374719364269,"22_SEN",0.1
"House",72,29832,55158,85786,0.347749049961532,0.64297204672091,"22_SEN",0.1
"House",73,42040,51360,94211,0.44623239324495,0.545159270148921,"22_SEN",0.1
"House",74,30894,53709,85421,0.361667505648494,0.628756394797532,"22_SEN",0.1
"House",75,30286,62007,93191,0.324988464551298,0.665375411788692,"22_SEN",0.1
"House",76,21283,54146,76151,0.279484182742183,0.711034654830534,"22_SEN",0.1
"House",77,15731,32190,48438,0.324765679838144,0.664560881952186,"22_SEN",0.1
"House",78,24146,40060,64779,0.372744253538956,0.618410287284459,"22_SEN",0.1
"House",79,19341,47255,67202,0.287803934406714,0.703178476831047,"22_SEN",0.1
"House",80,27515,63962,92036,0.298959102959711,0.69496718675301,"22_SEN",0.1
"House",81,26375,63944,90830,0.290377628536827,0.703996476934933,"22_SEN",0.1
"House",82,14629,38735,53769,0.272071267830906,0.720396511000763,"22_SEN",0.1
"House",83,14441,44807,59941,0.240920238234264,0.747518393086535,"22_SEN",0.1
"House",84,27249,39775,67606,0.403055941780315,0.588335354850161,"22_SEN",0.1
"House",85,30144,44735,75565,0.398914841527162,0.592006881492755,"22_SEN",0.1
"House",86,27812,55059,83577,0.332770977661318,0.658781722244158,"22_SEN",0.1
"House",87,32914,43049,76655,0.42937838366708,0.561594155632379,"22_SEN",0.1
"House",88,26189,10522,37163,0.704706293894465,0.283131071226758,"22_SEN",0.1
"House",89,17035,16083,33654,0.50618054317466,0.47789267249064,"22_SEN",0.1
"House",90,34318,28894,64032,0.535950774612694,0.451243128435782,"22_SEN",0.1
"House",91,35566,40211,76409,0.465468727505922,0.526259995550262,"22_SEN",0.1
"House",92,49871,38585,89114,0.559631483268622,0.432984716206208,"22_SEN",0.1
"House",93,33640,33765,68054,0.494313339406942,0.496150116084286,"22_SEN",0.1
"House",94,30591,39273,70504,0.433890275729037,0.557032225121979,"22_SEN",0.1
"House",95,33691,25680,59923,0.562238205697312,0.428549972464663,"22_SEN",0.1
"House",96,33854,21768,56165,0.602759725807888,0.387572331523191,"22_SEN",0.1
"House",97,34573,9618,44632,0.774623588456713,0.215495608531995,"22_SEN",0.1
"House",98,30926,15745,47171,0.655614678510102,0.333785588603167,"22_SEN",0.1
"House",99,38500,12889,51886,0.742011332536715,0.248409975715993,"22_SEN",0.1
"House",100,34440,40686,75747,0.45467147213751,0.537130183373599,"22_SEN",0.1
"House",101,24442,22669,47632,0.513142425260329,0.475919549882432,"22_SEN",0.1
"House",102,36786,32000,69400,0.530057636887608,0.461095100864553,"22_SEN",0.1
"House",103,34262,30565,65371,0.524116198314237,0.467562068807269,"22_SEN",0.1
"House",104,31748,15240,47447,0.66912555061437,0.321200497397096,"22_SEN",0.1
"House",105,29473,14328,44277,0.665650337647085,0.323599159834677,"22_SEN",0.1
"House",106,26407,26973,53930,0.489653254218431,0.500148340441313,"22_SEN",0.1
"House",107,32009,10912,43435,0.736940255554277,0.251225969839991,"22_SEN",0.1
"House",108,32362,8857,41767,0.774822228074796,0.212057365863002,"22_SEN",0.1
"House",109,22627,8683,31765,0.712324885880686,0.273351172674327,"22_SEN",0.1
"House",110,13889,33565,47821,0.290437255599005,0.701888291754668,"22_SEN",0.1
"House",111,12949,29724,43072,0.300636144130758,0.69010029717682,"22_SEN",0.1
"House",112,9363,28533,38215,0.245008504513934,0.746643987962842,"22_SEN",0.1
"House",113,20390,21755,42575,0.478919553728714,0.510980622431004,"22_SEN",0.1
"House",114,26422,33609,60536,0.436467556495309,0.555190299986785,"22_SEN",0.1
"House",115,29475,40495,70547,0.417806568670532,0.574014486796037,"22_SEN",0.1
"House",116,17146,38733,56334,0.304363261973231,0.687559910533603,"22_SEN",0.1
"House",117,19840,14975,35176,0.564020923356834,0.42571639754378,"22_SEN",0.1
"House",118,18618,39799,58871,0.316250785616008,0.676037437787705,"22_SEN",0.1
"House",119,19853,35718,56076,0.354037377844354,0.636956986946287,"22_SEN",0.1
"House",120,21504,31434,53465,0.402207051341999,0.587936032918732,"22_SEN",0.1
"Senate",0,0,0,0,NA,NA,"22_SEN",0.1
"Senate",1,58135,141334,202075,0.287690214029445,0.699413584065322,"22_SEN",0.1
"Senate",2,44490,161717,208730,0.213146169692905,0.774766444689312,"22_SEN",0.1
"Senate",3,100577,112777,215771,0.466128441727572,0.522669867591104,"22_SEN",0.1
"Senate",4,75024,145692,223090,0.336294768927339,0.653063785915998,"22_SEN",0.1
"Senate",5,83959,67653,153653,0.546419529719563,0.440297293251677,"22_SEN",0.1
"Senate",6,67308,137101,206752,0.325549450549451,0.663118131868132,"22_SEN",0.1
"Senate",7,84420,180345,267367,0.31574577266454,0.674522285846795,"22_SEN",0.1
"Senate",8,80572,133875,216754,0.3717209370992,0.617635660702917,"22_SEN",0.1
"Senate",9,74689,132947,209782,0.356031499366009,0.633738833646357,"22_SEN",0.1
"Senate",10,98980,111246,212518,0.465748783632445,0.523466247564912,"22_SEN",0.1
"Senate",11,76237,191599,270758,0.281568780977847,0.707639294129813,"22_SEN",0.1
"Senate",12,63322,99974,165323,0.383019906486091,0.604719246565814,"22_SEN",0.1
"Senate",13,83451,134360,219841,0.37959707242962,0.611168981218244,"22_SEN",0.1
"Senate",14,87265,104595,194576,0.448487994408355,0.537553449551846,"22_SEN",0.1
"Senate",15,77836,50833,130078,0.598379433878135,0.39078860376082,"22_SEN",0.1
"Senate",16,94080,53286,149667,0.628595481969973,0.356030387460162,"22_SEN",0.1
"Senate",17,84372,68667,155027,0.544240680655628,0.442935746676385,"22_SEN",0.1
"Senate",18,100416,126859,231055,0.434597823029149,0.549042435783688,"22_SEN",0.1
"Senate",19,89550,146400,238675,0.375196396773856,0.613386404106002,"22_SEN",0.1
"Senate",20,83056,136445,222046,0.374048620556101,0.61448979040379,"22_SEN",0.1
"Senate",21,88905,142184,234363,0.379347422588036,0.606682795492463,"22_SEN",0.1
"Senate",22,104316,157309,264030,0.395091466878764,0.595799719728819,"22_SEN",0.1
"Senate",23,74808,120539,198080,0.377665589660743,0.608536954765751,"22_SEN",0.1
"Senate",24,75953,62466,140108,0.542103234647558,0.445841779198904,"22_SEN",0.1
"Senate",25,69497,64282,135607,0.512488293377185,0.474031576541034,"22_SEN",0.1
"Senate",26,120284,104826,227225,0.52936076576081,0.461331279568709,"22_SEN",0.1
"Senate",27,58690,140691,201494,0.291274181861495,0.698239153523182,"22_SEN",0.1
"Senate",28,61944,149079,212429,0.29159860471028,0.701782713283026,"22_SEN",0.1
"Senate",29,71582,137689,211360,0.338673353520061,0.651443035579107,"22_SEN",0.1
"Senate",30,93395,76676,171661,0.544066503166124,0.446671055161044,"22_SEN",0.1
"Senate",31,92851,148932,243866,0.380745983449927,0.610712440438602,"22_SEN",0.1
"Senate",32,110378,43389,155288,0.710795425274329,0.279409870691876,"22_SEN",0.1
"Senate",33,64910,136789,203422,0.319090363874114,0.672439559143062,"22_SEN",0.1
"Senate",34,93182,30796,125532,0.742296784883536,0.245323901475321,"22_SEN",0.1
"Senate",35,96195,76442,174224,0.552134034346588,0.438757002479567,"22_SEN",0.1
"Senate",36,53296,75594,130230,0.409245181601781,0.580465330568993,"22_SEN",0.1
"Senate",37,88528,83810,173944,0.508945407717426,0.48182173573104,"22_SEN",0.1
"Senate",38,80232,93689,175394,0.457438680912688,0.534163084256018,"22_SEN",0.1
"Senate",39,36722,88567,126344,0.290650921294244,0.700998860254543,"22_SEN",0.1
"Senate",40,57353,103233,162026,0.353974053546962,0.637138483947021,"22_SEN",0.1
"House",0,0,0,0,NA,NA,"22_GOV",0.2
"House",1,19551,42570,62660,0.312017235876157,0.679380785189914,"22_GOV",0.2
"House",2,24752,45266,70633,0.350431101609729,0.640861920065692,"22_GOV",0.2
"House",3,12278,56265,69035,0.177851814297096,0.815021365973781,"22_GOV",0.2
"House",4,17160,52313,70115,0.244740782999358,0.746102831063253,"22_GOV",0.2
"House",5,12422,59239,71993,0.172544552942647,0.822843887600183,"22_GOV",0.2
"House",6,14091,52590,67093,0.210021909886277,0.783837360082274,"22_GOV",0.2
"House",7,14279,56554,71234,0.200452031333352,0.793918634359997,"22_GOV",0.2
"House",8,37648,16399,54627,0.689183004741245,0.300199535028466,"22_GOV",0.2
"House",9,44501,45306,90350,0.492540121748755,0.501449916989485,"22_GOV",0.2
"House",10,15264,51281,66921,0.228089837270812,0.766291597555326,"22_GOV",0.2
"House",11,18306,51621,70461,0.259803295440031,0.732618044024354,"22_GOV",0.2
"House",12,23682,37308,61527,0.38490418840509,0.606367936028085,"22_GOV",0.2
"House",13,30368,21669,52646,0.576833947498385,0.411598222087148,"22_GOV",0.2
"House",14,27614,19050,47217,0.584831734332973,0.403456382235212,"22_GOV",0.2
"House",15,24755,56472,81764,0.302761606575021,0.690670710826281,"22_GOV",0.2
"House",16,24324,45701,70482,0.345109389631395,0.648406685394853,"22_GOV",0.2
"House",17,24067,38920,63447,0.379324475546519,0.613425378662506,"22_GOV",0.2
"House",18,26811,70314,97577,0.274767619418511,0.720600141426771,"22_GOV",0.2
"House",19,30835,58489,89825,0.343278597272474,0.65114389089897,"22_GOV",0.2
"House",20,16984,56517,73946,0.229681118654153,0.764300976388175,"22_GOV",0.2
"House",21,27044,19347,46856,0.577172613966194,0.412903363496671,"22_GOV",0.2
"House",22,32587,42100,75191,0.433389634397734,0.55990743573034,"22_GOV",0.2
"House",23,21825,64384,86709,0.251703975365879,0.742529610536392,"22_GOV",0.2
"House",24,23823,51510,75757,0.314465989941524,0.679937167522473,"22_GOV",0.2
"House",25,27263,47256,74972,0.363642426505896,0.630315317718615,"22_GOV",0.2
"House",26,22776,49740,72983,0.312072674458436,0.681528575147637,"22_GOV",0.2
"House",27,21389,56018,77863,0.274700435380091,0.719443124462196,"22_GOV",0.2
"House",28,27091,44038,71666,0.378017469929953,0.614489437111043,"22_GOV",0.2
"House",29,24000,38525,63009,0.380897966957101,0.611420590709264,"22_GOV",0.2
"House",30,26871,56966,84311,0.318712860718056,0.675665097081045,"22_GOV",0.2
"House",31,27185,53633,81351,0.334169217342135,0.65927892711829,"22_GOV",0.2
"House",32,31065,55641,87245,0.356066250214912,0.637755745314918,"22_GOV",0.2
"House",33,27879,41075,69477,0.401269484865495,0.591202844106683,"22_GOV",0.2
"House",34,27929,59689,88033,0.317256028989129,0.678029829722945,"22_GOV",0.2
"House",35,26570,33802,60809,0.43694190004769,0.555871663733987,"22_GOV",0.2
"House",36,27660,35076,63195,0.437692855447425,0.555043911701875,"22_GOV",0.2
"House",37,25542,28369,54400,0.469522058823529,0.521488970588235,"22_GOV",0.2
"House",38,30892,35386,66820,0.462316671655193,0.529571984435798,"22_GOV",0.2
"House",39,27692,36896,65050,0.425703305149885,0.567194465795542,"22_GOV",0.2
"House",40,27887,15847,44186,0.631127506450007,0.358643009097904,"22_GOV",0.2
"House",41,19362,7767,27470,0.70484164543138,0.282744812522752,"22_GOV",0.2
"House",42,40285,34113,74904,0.537821745167147,0.455422941364947,"22_GOV",0.2
"House",43,21321,18825,40586,0.525328931158528,0.463829892081013,"22_GOV",0.2
"House",44,24067,20822,45203,0.532420414574254,0.460633143817888,"22_GOV",0.2
"House",45,30990,36495,67870,0.456608221600118,0.537719168999558,"22_GOV",0.2
"House",46,19336,15176,34988,0.552646621698868,0.433748713844747,"22_GOV",0.2
"House",47,21668,25599,47774,0.453552141332105,0.535835391635618,"22_GOV",0.2
"House",48,22666,38172,61235,0.370147791295828,0.623368988323671,"22_GOV",0.2
"House",49,16482,39103,55944,0.294616044616045,0.698966823966824,"22_GOV",0.2
"House",50,19688,36671,56778,0.346754024446088,0.645866356687449,"22_GOV",0.2
"House",51,21338,34310,56064,0.380600742009132,0.611979166666667,"22_GOV",0.2
"House",52,29038,81086,110505,0.262775440025338,0.733776752183159,"22_GOV",0.2
"House",53,22142,51384,73947,0.299430673320081,0.694876059880725,"22_GOV",0.2
"House",54,24983,43409,68902,0.362587443035035,0.63001073989144,"22_GOV",0.2
"House",55,26671,55043,82190,0.324504197590948,0.669704343594111,"22_GOV",0.2
"House",56,19926,38904,59315,0.33593526089522,0.655888055297985,"22_GOV",0.2
"House",57,34791,55515,90767,0.383300098053257,0.611620963566054,"22_GOV",0.2
"House",58,31138,44658,76266,0.408281540922561,0.58555581779561,"22_GOV",0.2
"House",59,28828,43744,73089,0.394423237422868,0.598503194735186,"22_GOV",0.2
"House",60,37545,34537,72584,0.517262757632536,0.475821117601675,"22_GOV",0.2
"House",61,36474,46861,83835,0.435068885310431,0.558967018548339,"22_GOV",0.2
"House",62,33278,16069,49823,0.66792445256207,0.322521726913273,"22_GOV",0.2
"House",63,27361,11299,39256,0.696988995312818,0.287828612186672,"22_GOV",0.2
"House",64,21203,21801,43519,0.487212481904456,0.500953606470737,"22_GOV",0.2
"House",65,32983,41016,74451,0.443016212005211,0.550912680823629,"22_GOV",0.2
"House",66,31160,45498,77194,0.403658315413115,0.589398139751794,"22_GOV",0.2
"House",67,24892,22709,48156,0.516903397292134,0.471571559099593,"22_GOV",0.2
"House",68,18868,41192,60472,0.31201217092208,0.681174758565948,"22_GOV",0.2
"House",69,25871,36479,62854,0.411604671142648,0.580376746110033,"22_GOV",0.2
"House",70,29885,48174,78547,0.380472837918698,0.613314321361732,"22_GOV",0.2
"House",71,23428,38212,62017,0.377767386361804,0.616153635293548,"22_GOV",0.2
"House",72,29008,56565,85908,0.337663547050333,0.658436932532477,"22_GOV",0.2
"House",73,41304,52654,94359,0.437732489746606,0.558017783147342,"22_GOV",0.2
"House",74,30015,55221,85618,0.350568805624985,0.644969515756033,"22_GOV",0.2
"House",75,29460,63601,93417,0.315360159285783,0.680828971172271,"22_GOV",0.2
"House",76,20689,55335,76341,0.271007715382298,0.724839863245176,"22_GOV",0.2
"House",77,15250,33033,48540,0.314173877214668,0.68053152039555,"22_GOV",0.2
"House",78,23635,40986,64930,0.364007392576621,0.631233636223625,"22_GOV",0.2
"House",79,18618,48488,67376,0.276329850391831,0.719662787936357,"22_GOV",0.2
"House",80,26940,64992,92183,0.292244773982188,0.705032381241661,"22_GOV",0.2
"House",81,26108,64577,90930,0.287121961948752,0.710183657758716,"22_GOV",0.2
"House",82,14231,39415,53879,0.264128881382357,0.731546613708495,"22_GOV",0.2
"House",83,13741,45905,60066,0.228765025139014,0.764242666400293,"22_GOV",0.2
"House",84,26237,41062,67639,0.387897514747409,0.607075799464806,"22_GOV",0.2
"House",85,29051,46249,75671,0.383911934558814,0.611185262518006,"22_GOV",0.2
"House",86,26823,56519,83682,0.320534882053488,0.675402117540212,"22_GOV",0.2
"House",87,31829,44545,76744,0.414742520587929,0.580436255603044,"22_GOV",0.2
"House",88,25522,11393,37246,0.685227943940289,0.305885195725715,"22_GOV",0.2
"House",89,16508,16900,33715,0.489633694201394,0.501260566513421,"22_GOV",0.2
"House",90,33455,30351,64158,0.521447052588921,0.473066492097634,"22_GOV",0.2
"House",91,34628,41633,76533,0.452458416630734,0.543987560921433,"22_GOV",0.2
"House",92,48909,40043,89266,0.547901776712298,0.448580646606771,"22_GOV",0.2
"House",93,32656,35180,68160,0.479107981220657,0.516138497652582,"22_GOV",0.2
"House",94,29794,40528,70634,0.421808194353994,0.573774669422658,"22_GOV",0.2
"House",95,32426,27176,59995,0.540478373197766,0.45297108092341,"22_GOV",0.2
"House",96,32741,23065,56213,0.582445341824845,0.410314340099265,"22_GOV",0.2
"House",97,33843,10452,44668,0.757656487866034,0.233993015133877,"22_GOV",0.2
"House",98,30089,16758,47222,0.637181822032104,0.35487696412689,"22_GOV",0.2
"House",99,37540,13959,51910,0.723174725486419,0.268907724908495,"22_GOV",0.2
"House",100,33293,42167,75823,0.439088403254949,0.556124131200295,"22_GOV",0.2
"House",101,23700,23653,47686,0.497001216289896,0.496015602063499,"22_GOV",0.2
"House",102,35669,33400,69462,0.513503786242838,0.480838444041346,"22_GOV",0.2
"House",103,33326,31714,65412,0.509478383171284,0.484834586925946,"22_GOV",0.2
"House",104,30958,16100,47440,0.652571669477234,0.3393760539629,"22_GOV",0.2
"House",105,28627,15220,44257,0.646835528842895,0.343900399936733,"22_GOV",0.2
"House",106,25744,27975,54067,0.476149962084081,0.517413579447722,"22_GOV",0.2
"House",107,31394,11736,43594,0.720144974079002,0.26921135936138,"22_GOV",0.2
"House",108,31802,9654,41889,0.759196925207095,0.230466232185061,"22_GOV",0.2
"House",109,22237,9026,31725,0.700929866036249,0.284507486209614,"22_GOV",0.2
"House",110,13740,33853,47880,0.286967418546366,0.70703842940685,"22_GOV",0.2
"House",111,12935,29867,43103,0.300095120989258,0.692921606384706,"22_GOV",0.2
"House",112,9511,28504,38245,0.248686102758531,0.745300039220813,"22_GOV",0.2
"House",113,19985,22325,42604,0.469087409632898,0.524011829875129,"22_GOV",0.2
"House",114,26020,34200,60568,0.429599788667283,0.564654603090741,"22_GOV",0.2
"House",115,28961,41241,70588,0.41028220094067,0.584249447498158,"22_GOV",0.2
"House",116,17042,38959,56395,0.302189910453054,0.690823654579307,"22_GOV",0.2
"House",117,19447,15388,35197,0.552518680569367,0.437196351961815,"22_GOV",0.2
"House",118,18306,40222,58885,0.310877133395602,0.683060202088817,"22_GOV",0.2
"House",119,19438,36320,56134,0.346278547760715,0.647023194498878,"22_GOV",0.2
"House",120,20798,32315,53500,0.388747663551402,0.604018691588785,"22_GOV",0.2
"Senate",0,0,0,0,NA,NA,"22_GOV",0.2
"Senate",1,56885,143825,202385,0.28107320206537,0.710650492872495,"22_GOV",0.2
"Senate",2,43369,164418,209144,0.207364304020197,0.78614734345714,"22_GOV",0.2
"Senate",3,96428,118259,216211,0.445990259515011,0.546961070435824,"22_GOV",0.2
"Senate",4,72894,149033,223360,0.326352077363897,0.667232270773639,"22_GOV",0.2
"Senate",5,81916,70087,153723,0.532880570897003,0.455930472343111,"22_GOV",0.2
"Senate",6,65472,140170,207046,0.316219584053785,0.67699931416207,"22_GOV",0.2
"Senate",7,80941,185380,267770,0.302278074466893,0.692310565037159,"22_GOV",0.2
"Senate",8,76373,139154,217027,0.351905523275906,0.641182894294258,"22_GOV",0.2
"Senate",9,71694,137056,210091,0.341252124079566,0.652364927579001,"22_GOV",0.2
"Senate",10,94838,116255,212619,0.446046684444946,0.546776158292533,"22_GOV",0.2
"Senate",11,73623,196316,271270,0.271401187009253,0.723692262321672,"22_GOV",0.2
"Senate",12,61649,102760,165609,0.372256338725552,0.620497678266278,"22_GOV",0.2
"Senate",13,79568,139108,219982,0.361702321098999,0.632360829522415,"22_GOV",0.2
"Senate",14,85456,108075,195049,0.438125804285077,0.554091535973012,"22_GOV",0.2
"Senate",15,74471,54326,130070,0.572545552394864,0.417667409856231,"22_GOV",0.2
"Senate",16,92346,56001,149959,0.615808320941057,0.373442074166939,"22_GOV",0.2
"Senate",17,80829,72866,155031,0.521373144725894,0.470009223961659,"22_GOV",0.2
"Senate",18,99378,130856,231776,0.42876743062267,0.564579594090846,"22_GOV",0.2
"Senate",19,86026,151256,238837,0.360187073192177,0.63330221029405,"22_GOV",0.2
"Senate",20,80952,140089,222338,0.364094306866123,0.630072232366937,"22_GOV",0.2
"Senate",21,86618,146954,234983,0.368613899728917,0.625381410570126,"22_GOV",0.2
"Senate",22,101860,161554,264525,0.385067573953313,0.610732444948493,"22_GOV",0.2
"Senate",23,72954,123947,198420,0.367674629573632,0.624669892147969,"22_GOV",0.2
"Senate",24,73813,65536,140359,0.525887189278921,0.466916977179946,"22_GOV",0.2
"Senate",25,66143,68194,135709,0.487388456181978,0.50250167638108,"22_GOV",0.2
"Senate",26,117593,109062,227606,0.516651582119979,0.479170144899519,"22_GOV",0.2
"Senate",27,57204,143812,201986,0.283207747071579,0.711989939896825,"22_GOV",0.2
"Senate",28,60767,151275,212727,0.285657203834022,0.711122706567572,"22_GOV",0.2
"Senate",29,68852,141649,211718,0.325206170472043,0.669045617283368,"22_GOV",0.2
"Senate",30,90272,80547,171879,0.525206686098942,0.468626184699702,"22_GOV",0.2
"Senate",31,89697,153472,244199,0.367311086449985,0.628471042059959,"22_GOV",0.2
"Senate",32,107647,46537,155383,0.692784924991794,0.299498658154367,"22_GOV",0.2
"Senate",33,63139,139915,203911,0.309639989995635,0.686157196031602,"22_GOV",0.2
"Senate",34,91350,33084,125814,0.726071820306166,0.262959607038962,"22_GOV",0.2
"Senate",35,93509,79756,174336,0.536372292584435,0.4574843979442,"22_GOV",0.2
"Senate",36,52697,76602,130296,0.404440658193651,0.587907533615767,"22_GOV",0.2
"Senate",37,85790,87229,174123,0.492697690712887,0.50096196366936,"22_GOV",0.2
"Senate",38,78601,95770,175509,0.447845979408463,0.545670022619923,"22_GOV",0.2
"Senate",39,36647,88997,126471,0.289766033319892,0.703694918202592,"22_GOV",0.2
"Senate",40,56052,105027,162147,0.345686321671076,0.647727062480342,"22_GOV",0.2
"House",0,0,0,0,NA,NA,"24_PRES",0.3
"House",1,33148,56586,91037,0.36411568922526,0.621571448971297,"24_PRES",0.3
"House",2,38312,56815,96667,0.396329667828732,0.587739352622922,"24_PRES",0.3
"House",3,22958,80525,104882,0.218893613775481,0.767767586430465,"24_PRES",0.3
"House",4,29292,67104,98053,0.298736397662489,0.684364578340285,"24_PRES",0.3
"House",5,20222,78974,100155,0.201907044081673,0.788517797414008,"24_PRES",0.3
"House",6,25201,71497,98157,0.256741750460996,0.728394307079475,"24_PRES",0.3
"House",7,21089,72038,93998,0.224355837358242,0.766378008042724,"24_PRES",0.3
"House",8,55677,22001,78940,0.705307828730682,0.278705345832278,"24_PRES",0.3
"House",9,58023,53092,113018,0.513396096197066,0.469765878001734,"24_PRES",0.3
"House",10,24372,67326,92604,0.263185175586368,0.727031229752494,"24_PRES",0.3
"House",11,32183,67335,100900,0.318959365708622,0.667343904856293,"24_PRES",0.3
"House",12,37534,46183,85097,0.441073128312396,0.542710083786737,"24_PRES",0.3
"House",13,46711,28509,76442,0.611064597995866,0.37294942570838,"24_PRES",0.3
"House",14,42507,24976,68591,0.619716872475981,0.364129404732399,"24_PRES",0.3
"House",15,42244,75535,119323,0.354030656285879,0.633029675754046,"24_PRES",0.3
"House",16,37617,57546,96723,0.388914735895289,0.594956732111287,"24_PRES",0.3
"House",17,39895,51481,93091,0.428559151797703,0.553018014630845,"24_PRES",0.3
"House",18,43958,90116,136067,0.323061432970522,0.662291371162736,"24_PRES",0.3
"House",19,44475,74062,119915,0.370887712129425,0.617620814743777,"24_PRES",0.3
"House",20,25564,74663,101225,0.252546307730304,0.73759446776982,"24_PRES",0.3
"House",21,41507,26626,69487,0.5973347532632,0.38317958754875,"24_PRES",0.3
"House",22,48100,54548,104339,0.460997326023826,0.522795886485399,"24_PRES",0.3
"House",23,30303,82031,113374,0.267283504154392,0.723543316809851,"24_PRES",0.3
"House",24,37759,67548,106426,0.354791122470073,0.634694529532257,"24_PRES",0.3
"House",25,45325,63683,110220,0.411223008528398,0.577780802032299,"24_PRES",0.3
"House",26,35215,64135,100426,0.350656204568538,0.6386294385916,"24_PRES",0.3
"House",27,32999,72517,106645,0.309428477659525,0.679984996952506,"24_PRES",0.3
"House",28,40003,55463,96637,0.413951178120182,0.573931309953744,"24_PRES",0.3
"House",29,38238,53051,92467,0.413531313874139,0.573729006023771,"24_PRES",0.3
"House",30,38020,72364,111748,0.340229802770519,0.647564162222143,"24_PRES",0.3
"House",31,38159,65602,105277,0.362462836137048,0.623137057476942,"24_PRES",0.3
"House",32,44958,67730,114401,0.392986075296545,0.592040279368187,"24_PRES",0.3
"House",33,44491,56158,102162,0.435494606605196,0.549695581527378,"24_PRES",0.3
"House",34,40602,72507,114367,0.355014995584391,0.633985327935506,"24_PRES",0.3
"House",35,44959,48838,95443,0.471056022966587,0.511698081577486,"24_PRES",0.3
"House",36,43574,46371,91560,0.475906509392748,0.506454783748362,"24_PRES",0.3
"House",37,39463,37241,78174,0.504809783303912,0.476386010694093,"24_PRES",0.3
"House",38,46395,44854,92776,0.500075450547555,0.483465551435716,"24_PRES",0.3
"House",39,43315,46261,90967,0.476161685006651,0.50854705552563,"24_PRES",0.3
"House",40,44527,21113,66555,0.669025617909999,0.31722635414319,"24_PRES",0.3
"House",41,32134,12821,45678,0.703489644905644,0.280682166469635,"24_PRES",0.3
"House",42,56293,41367,99385,0.566413442672435,0.416229813352116,"24_PRES",0.3
"House",43,36248,29097,66503,0.545058117678902,0.437529134024029,"24_PRES",0.3
"House",44,38146,30553,70071,0.544390689443564,0.436029170412867,"24_PRES",0.3
"House",45,48582,49181,99514,0.488192616114316,0.494211869686677,"24_PRES",0.3
"House",46,33315,25983,60268,0.552780911926727,0.43112431140904,"24_PRES",0.3
"House",47,38778,41047,80862,0.47955776508125,0.507617916944919,"24_PRES",0.3
"House",48,37441,51752,90198,0.415097895740482,0.573759950331493,"24_PRES",0.3
"House",49,27495,54968,83447,0.329490574855897,0.658717509317291,"24_PRES",0.3
"House",50,31933,49540,82573,0.386724474101704,0.599953980114565,"24_PRES",0.3
"House",51,40012,52786,93900,0.426112886048988,0.562151224707135,"24_PRES",0.3
"House",52,40500,93067,134829,0.300380481943795,0.690259513902795,"24_PRES",0.3
"House",53,31483,67917,100414,0.313531977612683,0.67636982890832,"24_PRES",0.3
"House",54,42558,61378,105636,0.402874020220379,0.581032981180658,"24_PRES",0.3
"House",55,40881,71617,114015,0.358558084462571,0.628136648686576,"24_PRES",0.3
"House",56,29010,51380,81430,0.356256907773548,0.630971386466904,"24_PRES",0.3
"House",57,44849,63016,109270,0.41044202434337,0.576699917635216,"24_PRES",0.3
"House",58,40517,51817,93670,0.432550443044732,0.553186719333832,"24_PRES",0.3
"House",59,37205,51612,90024,0.413278681240558,0.573313782991202,"24_PRES",0.3
"House",60,48102,42000,91636,0.524924702082151,0.45833515212362,"24_PRES",0.3
"House",61,44602,52985,98943,0.450784795286175,0.53551034433967,"24_PRES",0.3
"House",62,48272,23516,72971,0.661523070808951,0.322265009387291,"24_PRES",0.3
"House",63,39771,16229,57304,0.694035320396482,0.283208851040067,"24_PRES",0.3
"House",64,30227,31903,63061,0.479329538066317,0.505906978956883,"24_PRES",0.3
"House",65,45133,51335,98057,0.460273106458488,0.523522033103195,"24_PRES",0.3
"House",66,42436,55158,99079,0.428304686159529,0.55670727399348,"24_PRES",0.3
"House",67,37172,30044,69241,0.536849554454731,0.433904767406594,"24_PRES",0.3
"House",68,29136,52938,83234,0.35004925871639,0.636014128841579,"24_PRES",0.3
"House",69,40237,48026,89647,0.448838221022455,0.535723448637433,"24_PRES",0.3
"House",70,48843,64363,114531,0.426460958168531,0.561970121626459,"24_PRES",0.3
"House",71,32365,45103,78432,0.41265044879641,0.575058649530804,"24_PRES",0.3
"House",72,41714,71930,114959,0.362859802190346,0.625701336998408,"24_PRES",0.3
"House",73,52054,60254,113710,0.457778559493448,0.529891830094099,"24_PRES",0.3
"House",74,43019,72797,117141,0.367241187970053,0.621447657097003,"24_PRES",0.3
"House",75,41834,79260,122304,0.342049319727891,0.648057299843014,"24_PRES",0.3
"House",76,32561,71397,104937,0.310290936466642,0.680379656365248,"24_PRES",0.3
"House",77,29844,50885,81620,0.365645675079637,0.623437882871845,"24_PRES",0.3
"House",78,35987,48978,85979,0.418555693832215,0.569650728666302,"24_PRES",0.3
"House",79,32025,69607,102588,0.312171014153702,0.678510157133388,"24_PRES",0.3
"House",80,39519,74475,115298,0.342755294974761,0.645934881784593,"24_PRES",0.3
"House",81,38630,74070,113995,0.338874512040002,0.649765340585113,"24_PRES",0.3
"House",82,26226,56045,83198,0.315223923652011,0.673633981586096,"24_PRES",0.3
"House",83,21871,59068,81588,0.268066382311124,0.723979016522038,"24_PRES",0.3
"House",84,42122,52524,95635,0.44044544361374,0.549213154179955,"24_PRES",0.3
"House",85,49507,64669,115400,0.429003466204506,0.560389948006932,"24_PRES",0.3
"House",86,38300,68026,107583,0.356004201407286,0.632311796473421,"24_PRES",0.3
"House",87,44438,55202,101032,0.439840842505345,0.546381344524507,"24_PRES",0.3
"House",88,41435,18643,60929,0.68005383315006,0.305979090416715,"24_PRES",0.3
"House",89,27158,26439,54356,0.499632055338877,0.486404444771506,"24_PRES",0.3
"House",90,48402,39153,88676,0.545829762280662,0.441528711263476,"24_PRES",0.3
"House",91,45482,54035,100734,0.451505946353763,0.536412730557706,"24_PRES",0.3
"House",92,60857,51810,113837,0.534597714275675,0.455124432302327,"24_PRES",0.3
"House",93,47287,46350,94781,0.498908008989143,0.489022061383611,"24_PRES",0.3
"House",94,44580,54399,100054,0.44555939792512,0.543696403941871,"24_PRES",0.3
"House",95,48700,38059,87959,0.553667049420753,0.432690230675656,"24_PRES",0.3
"House",96,49250,33377,83795,0.587743898800644,0.398317322035921,"24_PRES",0.3
"House",97,53150,16487,70421,0.754746453472686,0.234120503826983,"24_PRES",0.3
"House",98,45108,24290,70159,0.642939608603315,0.346213600535926,"24_PRES",0.3
"House",99,53458,20314,74615,0.716451115727401,0.272250887891175,"24_PRES",0.3
"House",100,45056,52727,98861,0.455751003934818,0.53334479724057,"24_PRES",0.3
"House",101,34161,35962,71099,0.480470892698913,0.505801769363845,"24_PRES",0.3
"House",102,50270,46281,97917,0.513393996956606,0.472655412236895,"24_PRES",0.3
"House",103,49343,44425,95077,0.518979353576575,0.467252858209662,"24_PRES",0.3
"House",104,47926,26686,75439,0.635294741446732,0.353742759050359,"24_PRES",0.3
"House",105,44920,25609,71393,0.629193338282465,0.358704634908184,"24_PRES",0.3
"House",106,35716,42867,79659,0.448361139356507,0.53813128460061,"24_PRES",0.3
"House",107,46676,22459,69894,0.667811257046385,0.321329441726042,"24_PRES",0.3
"House",108,47661,17046,65557,0.727016184389157,0.260017999603399,"24_PRES",0.3
"House",109,35284,18767,54608,0.646132434808087,0.34366759449165,"24_PRES",0.3
"House",110,22122,51436,74129,0.298425717330599,0.693871494286986,"24_PRES",0.3
"House",111,22878,48428,71932,0.318050380915309,0.673246955457932,"24_PRES",0.3
"House",112,15931,42544,58852,0.270695983144158,0.722898117311221,"24_PRES",0.3
"House",113,30181,33461,64615,0.467089685057649,0.517851891975547,"24_PRES",0.3
"House",114,37074,45568,83665,0.443124365027192,0.544648299766928,"24_PRES",0.3
"House",115,40363,55449,96862,0.416706241869877,0.572453593772584,"24_PRES",0.3
"House",116,26297,54153,81194,0.323878611720078,0.666958149616967,"24_PRES",0.3
"House",117,32678,31155,64386,0.507532693442674,0.483878482900009,"24_PRES",0.3
"House",118,29058,60021,89821,0.323510092294675,0.668229033299563,"24_PRES",0.3
"House",119,31253,56209,88320,0.353860960144928,0.636424365942029,"24_PRES",0.3
"House",120,31102,46826,78744,0.394976125165092,0.59466118053439,"24_PRES",0.3
"Senate",0,0,0,0,NA,NA,"24_PRES",0.3
"Senate",1,95028,193474,292766,0.324586871426327,0.66084859580689,"24_PRES",0.3
"Senate",2,74105,218027,296185,0.250198355757381,0.736117629184462,"24_PRES",0.3
"Senate",3,134789,147131,285956,0.471362727132846,0.514523213361496,"24_PRES",0.3
"Senate",4,117530,192544,314903,0.373226041034858,0.611439078065309,"24_PRES",0.3
"Senate",5,128978,91686,224364,0.574860494553493,0.408648446274803,"24_PRES",0.3
"Senate",6,103499,183603,291178,0.35544924410498,0.630552445583114,"24_PRES",0.3
"Senate",7,122058,236736,363313,0.33595825087459,0.651603438357559,"24_PRES",0.3
"Senate",8,116376,183278,303472,0.383481836874572,0.603937101281173,"24_PRES",0.3
"Senate",9,110248,178582,292234,0.377259319586359,0.611092480683288,"24_PRES",0.3
"Senate",10,141603,146419,293106,0.483111911731592,0.499542827509502,"24_PRES",0.3
"Senate",11,102982,242156,348472,0.295524461075782,0.69490805574049,"24_PRES",0.3
"Senate",12,106483,146308,255881,0.416142660064639,0.571781414016672,"24_PRES",0.3
"Senate",13,125751,183542,313495,0.401126014768976,0.585470262683615,"24_PRES",0.3
"Senate",14,118272,137462,259876,0.455109359848543,0.528952269543936,"24_PRES",0.3
"Senate",15,119909,74019,196830,0.60920083320632,0.37605547934766,"24_PRES",0.3
"Senate",16,135510,79248,218758,0.619451631483191,0.362263322941332,"24_PRES",0.3
"Senate",17,127699,102065,234046,0.545614964579613,0.436089486682105,"24_PRES",0.3
"Senate",18,125960,152954,282899,0.445247243715955,0.540666456933393,"24_PRES",0.3
"Senate",19,127576,190675,322947,0.395036956528471,0.590421957782546,"24_PRES",0.3
"Senate",20,122071,179954,305842,0.399130923810333,0.588388775903898,"24_PRES",0.3
"Senate",21,116710,176627,297287,0.392583597668247,0.594129578488128,"24_PRES",0.3
"Senate",22,135719,196045,335633,0.40436727020287,0.584105257826257,"24_PRES",0.3
"Senate",23,116733,167463,289257,0.403561538700878,0.578941909789564,"24_PRES",0.3
"Senate",24,114071,92853,209780,0.543764896558299,0.442620840880923,"24_PRES",0.3
"Senate",25,115311,109180,227789,0.506218474114202,0.479303214817221,"24_PRES",0.3
"Senate",26,157549,140369,301350,0.52281068524971,0.46580056412809,"24_PRES",0.3
"Senate",27,92117,192495,287554,0.320346787038261,0.669422091155053,"24_PRES",0.3
"Senate",28,98984,191075,293257,0.337533289912943,0.651561599552611,"24_PRES",0.3
"Senate",29,105914,177658,286475,0.369714634784885,0.620151845710795,"24_PRES",0.3
"Senate",30,132718,111778,247703,0.535794883388574,0.45125815997384,"24_PRES",0.3
"Senate",31,136884,198140,338848,0.403968741146473,0.584745962791576,"24_PRES",0.3
"Senate",32,161357,69834,233968,0.689654140737195,0.298476714764412,"24_PRES",0.3
"Senate",33,100079,180054,283256,0.353316434603327,0.635658203180162,"24_PRES",0.3
"Senate",34,136298,59295,197929,0.688620667006856,0.299577121088875,"24_PRES",0.3
"Senate",35,139987,116632,260106,0.538192121673472,0.448401805417791,"24_PRES",0.3
"Senate",36,82197,113748,198300,0.414508320726172,0.573615733736762,"24_PRES",0.3
"Senate",37,119063,122130,243963,0.488037120383009,0.500608698860073,"24_PRES",0.3
"Senate",38,114865,140906,258601,0.444178483455207,0.544878016713006,"24_PRES",0.3
"Senate",39,61900,139217,202675,0.305415073393364,0.686897742691501,"24_PRES",0.3
"Senate",40,88155,154764,245212,0.359505244441544,0.631143663442246,"24_PRES",0.3
"House",0,0,0,0,NA,NA,"24_SEN",0.3
"House",1,30858,57471,90105,0.34246712169136,0.637822540369569,"24_SEN",0.3
"House",2,35380,58385,95694,0.369720149643656,0.610121846719753,"24_SEN",0.3
"House",3,21023,80472,103677,0.202774000019291,0.776179866315576,"24_SEN",0.3
"House",4,26255,68181,96776,0.271296602463421,0.704523848888154,"24_SEN",0.3
"House",5,18963,78498,99207,0.191145786083643,0.7912546493695,"24_SEN",0.3
"House",6,22988,72045,97152,0.236618906455863,0.741569911067194,"24_SEN",0.3
"House",7,20073,70893,92828,0.216238634894644,0.763702762097643,"24_SEN",0.3
"House",8,52132,23932,77712,0.670835906938439,0.307957586987853,"24_SEN",0.3
"House",9,54534,55321,111564,0.488813595783586,0.495867842673264,"24_SEN",0.3
"House",10,24298,65326,91304,0.266121966178919,0.715477963725576,"24_SEN",0.3
"House",11,31281,66511,99787,0.313477707517011,0.666529708278633,"24_SEN",0.3
"House",12,36306,45702,83581,0.43438101960972,0.546798913628695,"24_SEN",0.3
"House",13,45735,27666,75007,0.609743090644873,0.368845574413055,"24_SEN",0.3
"House",14,41551,24218,67124,0.619018532864549,0.360794946665872,"24_SEN",0.3
"House",15,41443,74532,117789,0.35184100382888,0.632758576777118,"24_SEN",0.3
"House",16,36313,56845,94876,0.38274168388212,0.599150470087272,"24_SEN",0.3
"House",17,38647,50873,91213,0.42370056899784,0.557738480260489,"24_SEN",0.3
"House",18,41796,90810,134334,0.311134932332842,0.676001607932467,"24_SEN",0.3
"House",19,43956,72225,118080,0.372256097560976,0.611661585365854,"24_SEN",0.3
"House",20,25904,71893,99800,0.259559118236473,0.720370741482966,"24_SEN",0.3
"House",21,40590,26539,68546,0.592157091588131,0.387170659119423,"24_SEN",0.3
"House",22,45845,55145,102887,0.445585934083023,0.535976362417021,"24_SEN",0.3
"House",23,32090,77080,111608,0.287524191814207,0.690631495950111,"24_SEN",0.3
"House",24,37603,65605,104935,0.35834564254062,0.62519655024539,"24_SEN",0.3
"House",25,44114,62526,108577,0.40629230868416,0.575867817309375,"24_SEN",0.3
"House",26,34984,61892,98938,0.353595180820312,0.625563484202228,"24_SEN",0.3
"House",27,33514,69103,104802,0.31978397358829,0.659367187649091,"24_SEN",0.3
"House",28,39416,52492,93811,0.420163946658707,0.559550585752204,"24_SEN",0.3
"House",29,38104,50850,90997,0.418739079310307,0.558809631086739,"24_SEN",0.3
"House",30,39279,69979,111612,0.351924524244705,0.626984553632226,"24_SEN",0.3
"House",31,38316,63195,103944,0.368621565458324,0.607971600092357,"24_SEN",0.3
"House",32,44019,66532,112954,0.389707314482002,0.589018538520106,"24_SEN",0.3
"House",33,44109,53754,100505,0.438873687876225,0.534839062733197,"24_SEN",0.3
"House",34,40307,70489,112529,0.358192110478188,0.626407414977472,"24_SEN",0.3
"House",35,43656,48213,94134,0.463764420931863,0.512174134744088,"24_SEN",0.3
"House",36,42979,45325,90122,0.476897982734515,0.502929362419831,"24_SEN",0.3
"House",37,38291,36557,76792,0.498632670069799,0.476052192936764,"24_SEN",0.3
"House",38,45478,43791,91212,0.498596675875981,0.480101302460203,"24_SEN",0.3
"House",39,42276,45673,89774,0.470915855370152,0.508755318911934,"24_SEN",0.3
"House",40,43199,21060,65800,0.656519756838906,0.320060790273556,"24_SEN",0.3
"House",41,31240,12688,45028,0.693790530336679,0.281780225637381,"24_SEN",0.3
"House",42,54905,41145,98137,0.559472981648104,0.419260829248907,"24_SEN",0.3
"House",43,34935,28608,65299,0.535000535995957,0.438107781129879,"24_SEN",0.3
"House",44,37128,30281,69045,0.537736258961547,0.438569049170831,"24_SEN",0.3
"House",45,46555,49902,98226,0.473958015189461,0.508032496487692,"24_SEN",0.3
"House",46,32286,25538,59215,0.545233471248839,0.431275859157308,"24_SEN",0.3
"House",47,37369,40390,79528,0.4698848204406,0.507871441504879,"24_SEN",0.3
"House",48,36813,50348,88654,0.415243531030749,0.56791571728292,"24_SEN",0.3
"House",49,27808,52370,81894,0.339560895792122,0.639485188170073,"24_SEN",0.3
"House",50,31641,47872,81103,0.390133533901335,0.590261765902618,"24_SEN",0.3
"House",51,39215,51134,92047,0.426032353037035,0.555520549284605,"24_SEN",0.3
"House",52,39812,91804,133366,0.298516863368475,0.68836135146889,"24_SEN",0.3
"House",53,33541,62922,98727,0.339734824313511,0.637333252301802,"24_SEN",0.3
"House",54,42613,58562,103947,0.40994930108613,0.563383262624222,"24_SEN",0.3
"House",55,40956,68735,112115,0.365303483030817,0.613075859608438,"24_SEN",0.3
"House",56,30240,47119,79641,0.379703921347045,0.591642495699451,"24_SEN",0.3
"House",57,44600,61298,107686,0.414167115502479,0.569229054844641,"24_SEN",0.3
"House",58,40305,50460,92387,0.436262677649453,0.546180739714462,"24_SEN",0.3
"House",59,37886,48893,88579,0.427708599103625,0.551970557355581,"24_SEN",0.3
"House",60,47634,40753,90302,0.527496622444686,0.451296759761689,"24_SEN",0.3
"House",61,44622,51124,97565,0.457356634038846,0.523999385025368,"24_SEN",0.3
"House",62,47385,23164,72080,0.657394561598224,0.321365149833518,"24_SEN",0.3
"House",63,39122,15951,56467,0.692829440204013,0.282483574477128,"24_SEN",0.3
"House",64,29760,30739,61881,0.480923062006109,0.496743750101,"24_SEN",0.3
"House",65,43454,51895,96791,0.448946699589838,0.536155221043279,"24_SEN",0.3
"House",66,41727,54403,97842,0.426473293677562,0.556029108153963,"24_SEN",0.3
"House",67,36787,29588,68247,0.539027356513839,0.4335428663531,"24_SEN",0.3
"House",68,29495,50971,82221,0.358728305420756,0.619926782695418,"24_SEN",0.3
"House",69,39566,47301,88551,0.446815959164775,0.534166751363621,"24_SEN",0.3
"House",70,48134,63163,113217,0.425148166794739,0.557893249247021,"24_SEN",0.3
"House",71,32069,43934,77346,0.414617433351434,0.568019031365552,"24_SEN",0.3
"House",72,40907,71203,113577,0.360169752678799,0.626913899821267,"24_SEN",0.3
"House",73,51045,60209,112463,0.453882610280715,0.535367187430533,"24_SEN",0.3
"House",74,42980,70738,115364,0.37255989736833,0.613172220103325,"24_SEN",0.3
"House",75,40784,78008,120581,0.338229074232259,0.646934425821647,"24_SEN",0.3
"House",76,30081,71805,103281,0.291253957649519,0.695239201789293,"24_SEN",0.3
"House",77,26804,51563,79542,0.336979205954087,0.648248723944583,"24_SEN",0.3
"House",78,32633,50573,84226,0.387445681855959,0.600444043407024,"24_SEN",0.3
"House",79,29157,69455,99863,0.291969998898491,0.695502838889278,"24_SEN",0.3
"House",80,35108,77965,113956,0.308083821825968,0.684167573449401,"24_SEN",0.3
"House",81,34183,78275,113250,0.301836644591611,0.691169977924945,"24_SEN",0.3
"House",82,23869,57392,82193,0.290401859039091,0.698258975825192,"24_SEN",0.3
"House",83,22730,56406,80421,0.282637619527238,0.701383966874324,"24_SEN",0.3
"House",84,42875,50116,94270,0.454810650259892,0.531621936989498,"24_SEN",0.3
"House",85,50074,61807,113627,0.440687512651042,0.543946421185106,"24_SEN",0.3
"House",86,38409,66175,105953,0.362509792077619,0.624569384538427,"24_SEN",0.3
"House",87,43504,54788,99556,0.436980192052714,0.550323436056089,"24_SEN",0.3
"House",88,40983,17656,59714,0.686321465652946,0.295676055866296,"24_SEN",0.3
"House",89,27148,24916,53012,0.512110465554969,0.470006790915264,"24_SEN",0.3
"House",90,47671,38262,87072,0.547489434031606,0.439429437706725,"24_SEN",0.3
"House",91,44654,53107,98886,0.451570495317841,0.537052767833667,"24_SEN",0.3
"House",92,60625,50281,111915,0.54170575883483,0.449278470267614,"24_SEN",0.3
"House",93,46924,44683,92957,0.504792538485536,0.480684617618899,"24_SEN",0.3
"House",94,44438,52187,98129,0.452852877334937,0.531820358915305,"24_SEN",0.3
"House",95,49263,36055,86556,0.56914598641342,0.416551134525625,"24_SEN",0.3
"House",96,49920,31288,82477,0.605259648144331,0.379354244213538,"24_SEN",0.3
"House",97,53188,15307,69485,0.765460171259984,0.220292149384759,"24_SEN",0.3
"House",98,45573,22415,68939,0.661062678599922,0.325142517297901,"24_SEN",0.3
"House",99,53909,18669,73663,0.731832806157773,0.253437953925308,"24_SEN",0.3
"House",100,45301,50895,97324,0.465465866589947,0.522943980929678,"24_SEN",0.3
"House",101,34946,33517,69575,0.502278117139777,0.481739130434783,"24_SEN",0.3
"House",102,51371,43620,96327,0.533298036895159,0.452832539163474,"24_SEN",0.3
"House",103,49226,43565,93905,0.52421063841116,0.463926308503275,"24_SEN",0.3
"House",104,48208,25183,74341,0.64847123390861,0.338749815041498,"24_SEN",0.3
"House",105,45640,23344,70117,0.650912047007145,0.332929246830298,"24_SEN",0.3
"House",106,35607,41146,77774,0.457826523002546,0.529045696505259,"24_SEN",0.3
"House",107,46798,21057,68849,0.679719385902482,0.305843222123778,"24_SEN",0.3
"House",108,46985,16293,64373,0.729886753763224,0.253103009025523,"24_SEN",0.3
"House",109,34558,17641,53204,0.649537628749718,0.33157281407413,"24_SEN",0.3
"House",110,22244,49559,72661,0.306133964575219,0.682057775147603,"24_SEN",0.3
"House",111,22180,47534,70557,0.314355769094491,0.673696444009808,"24_SEN",0.3
"House",112,15486,40908,57081,0.27129868082199,0.716665790718453,"24_SEN",0.3
"House",113,29375,32882,63173,0.464992955851392,0.520507178699761,"24_SEN",0.3
"House",114,36229,45241,82338,0.440003400616969,0.549454686778887,"24_SEN",0.3
"House",115,40725,53840,95616,0.425922439759036,0.563085676037483,"24_SEN",0.3
"House",116,26154,52772,79838,0.327588366442045,0.660988501715975,"24_SEN",0.3
"House",117,32728,29572,63269,0.517283345714331,0.467401096903697,"24_SEN",0.3
"House",118,29411,58033,88410,0.332665988010406,0.656407646193869,"24_SEN",0.3
"House",119,31549,54429,86979,0.362719736947999,0.625771738005725,"24_SEN",0.3
"House",120,31709,44718,77450,0.409412524209167,0.577378954163977,"24_SEN",0.3
"Senate",0,0,0,0,NA,NA,"24_SEN",0.3
"Senate",1,87790,195953,289635,0.303105632951819,0.676551521742883,"24_SEN",0.3
"Senate",2,67677,219099,292976,0.230998443558517,0.747839413467315,"24_SEN",0.3
"Senate",3,126739,150146,282104,0.449263392224144,0.532236338371664,"24_SEN",0.3
"Senate",4,114160,190174,309556,0.368786261613408,0.614344415873057,"24_SEN",0.3
"Senate",5,125835,89662,220034,0.571888889898834,0.407491569484716,"24_SEN",0.3
"Senate",6,100994,180858,287446,0.351349470857135,0.629189482546287,"24_SEN",0.3
"Senate",7,119052,232424,357172,0.333318401218461,0.650734100097432,"24_SEN",0.3
"Senate",8,117489,175881,299868,0.391802393052943,0.586528072351835,"24_SEN",0.3
"Senate",9,108993,173934,288098,0.378319183055766,0.603732063395095,"24_SEN",0.3
"Senate",10,138518,144264,288564,0.480025228372216,0.49993762215661,"24_SEN",0.3
"Senate",11,106334,230595,343481,0.309577531217156,0.671347177864278,"24_SEN",0.3
"Senate",12,104858,141676,251165,0.417486512850118,0.564075408595943,"24_SEN",0.3
"Senate",13,122861,180013,308911,0.397722968751517,0.582734185574486,"24_SEN",0.3
"Senate",14,115452,136156,256231,0.450577798939238,0.531379887679477,"24_SEN",0.3
"Senate",15,116599,73208,194308,0.600073079852605,0.376762665458962,"24_SEN",0.3
"Senate",16,133119,78041,215821,0.616802813442621,0.361600585670533,"24_SEN",0.3
"Senate",17,123799,100692,230386,0.537354700372419,0.437057807332043,"24_SEN",0.3
"Senate",18,126409,146694,278675,0.453607248587064,0.526398134027092,"24_SEN",0.3
"Senate",19,126449,184655,318510,0.397001663997991,0.579746318796898,"24_SEN",0.3
"Senate",20,120508,176541,302076,0.398932718918418,0.584425773646367,"24_SEN",0.3
"Senate",21,117604,168756,292362,0.402254738987967,0.577215917253268,"24_SEN",0.3
"Senate",22,134299,192958,331461,0.405172855931769,0.582143902299215,"24_SEN",0.3
"Senate",23,116628,161406,284981,0.409248335853969,0.566374600411957,"24_SEN",0.3
"Senate",24,113012,89145,205480,0.549990266692622,0.433837843099085,"24_SEN",0.3
"Senate",25,111794,107276,224160,0.498724125624554,0.478568879371877,"24_SEN",0.3
"Senate",26,155877,136984,296196,0.526263015030588,0.462477548650218,"24_SEN",0.3
"Senate",27,88426,189491,282638,0.312859558870357,0.670437096214946,"24_SEN",0.3
"Senate",28,88531,198844,289976,0.305304576930505,0.685725715231605,"24_SEN",0.3
"Senate",29,107274,170531,282044,0.38034491072315,0.604625519422501,"24_SEN",0.3
"Senate",30,133365,106717,243461,0.547787941395131,0.438333038967227,"24_SEN",0.3
"Senate",31,136781,191981,333407,0.410252334234134,0.575815744720417,"24_SEN",0.3
"Senate",32,162540,64785,230634,0.704752985249356,0.280899607169802,"24_SEN",0.3
"Senate",33,90422,183385,277141,0.326267134779769,0.661702887699763,"24_SEN",0.3
"Senate",34,135479,56046,194575,0.696281639470641,0.288043171013748,"24_SEN",0.3
"Senate",35,141398,111367,256217,0.551868143019394,0.43465890241475,"24_SEN",0.3
"Senate",36,80512,110417,193713,0.415625177453243,0.570003045742929,"24_SEN",0.3
"Senate",37,120686,115567,239443,0.504028098545374,0.482649315285893,"24_SEN",0.3
"Senate",38,114951,137182,255083,0.450641555885731,0.537793580912879,"24_SEN",0.3
"Senate",39,60835,134846,198058,0.307157499318381,0.680840965777701,"24_SEN",0.3
"Senate",40,89028,149357,241265,0.369005035956314,0.619057882411456,"24_SEN",0.3
