"chamber","district_number","n_white","n_hispanic","n_black","n_asian","n_native","n_pacific","n_total_demo","pct_white","pct_hispanic","pct_black","pct_asian","pct_napi","source_demo","year_demo","avg_pct_D","avg_pct_R","avg_party_lean","avg_party_lean_points_abs","avg_party_lean_points_R","pct_D_20_PRES","pct_D_22_SEN","pct_D_22_GOV","pct_D_24_PRES","pct_D_24_SEN","pct_R_20_PRES","pct_R_22_SEN","pct_R_22_GOV","pct_R_24_PRES","pct_R_24_SEN","incumb_people_id","rank_partisan_dist_R","rank_partisan_dist_D"
"House",1,94357,6135,30487,4658,2338,103,138896,0.679335618016358,0.0441697385093883,0.219495161847713,0.0335358829627923,0.01757430019583,"CVAP",24,0.34450406555489,0.640587207556407,"R",29.6,29.6,0.381448224193531,0.319809526853198,0.312017235876157,0.36411568922526,0.34246712169136,0.601537475976938,0.667391061184705,0.679380785189914,0.621571448971297,0.637822540369569,12381,30,90
"House",2,102714,8194,23994,4687,1886,230,142101,0.72282390693943,0.0576632113778228,0.168851732218633,0.0329835821000556,0.0148908170948832,"CVAP",24,0.37754780921457,0.606532909331689,"R",22.9,22.9,0.42032051157078,0.3561459249383,0.350431101609729,0.396329667828732,0.369720149643656,0.559160119314526,0.630861535842955,0.640861920065692,0.587739352622922,0.610121846719753,1621,44,77
"House",3,117286,7933,10613,3962,2392,36,142987,0.820256386944268,0.0554805681635393,0.0742235308104933,0.0277088126892655,0.016980564666718,"CVAP",24,0.203806811888404,0.781108546013328,"R",57.7,57.7,0.233356541682878,0.184005107222658,0.177851814297096,0.218893613775481,0.202774000019291,0.745930006348166,0.803270363599431,0.815021365973781,0.767767586430465,0.776179866315576,18798,2,119
"House",4,101751,11093,14639,5930,1691,235,136632,0.74470841384156,0.0811888869371743,0.107141811581474,0.0434012530007612,0.0140962585631477,"CVAP",24,0.275802971142538,0.706161241577844,"R",43,43,0.309899849676903,0.248549295372038,0.244740782999358,0.298736397662489,0.271296602463421,0.666126544716241,0.736614927250379,0.746102831063253,0.684364578340285,0.704523848888154,2775,10,111
"House",5,117773,6321,18837,1680,2706,77,147899,0.796306939194991,0.0427386256837436,0.127363944313349,0.0113591031717591,0.0188168953136938,"CVAP",24,0.193274119154872,0.795677094218624,"R",60.2,60.2,0.229127079330368,0.179366515837104,0.172544552942647,0.201907044081673,0.191145786083643,0.760766870840012,0.810998955795336,0.822843887600183,0.788517797414008,0.7912546493695,1636,1,120
"House",6,110918,7856,14689,3712,1786,108,139664,0.794177454462138,0.0562492839958758,0.105173845801352,0.026578073089701,0.0135611181120403,"CVAP",24,0.239200602923588,0.745756019202842,"R",50.7,50.7,0.274789997103408,0.217090241609336,0.210021909886277,0.256741750460996,0.236618906455863,0.70909637067791,0.770896446745959,0.783837360082274,0.728394307079475,0.741569911067194,1686,4,117
"House",7,112666,7155,22015,839,2760,134,145384,0.774954602982446,0.0492144940296044,0.151426566884939,0.00577092389809057,0.0199059043636164,"CVAP",24,0.219473754140436,0.768592180344112,"R",54.9,54.9,0.249204991556462,0.222845070422535,0.200452031333352,0.224355837358242,0.216238634894644,0.741715463736649,0.76612676056338,0.793918634359997,0.766378008042724,0.763702762097643,15711,3,118
"House",8,52826,9401,72033,2384,1466,58,138591,0.381164722095951,0.0678326875482535,0.519752364872178,0.0172016941937067,0.0109963850466481,"CVAP",24,0.695512862414235,0.288383760519623,"D",40.7,-40.7,0.739945352014418,0.708386055638077,0.689183004741245,0.705307828730682,0.670835906938439,0.245846171734202,0.27760356494471,0.300199535028466,0.278705345832278,0.307957586987853,1729,114,7
"House",9,105229,10258,26348,4725,1081,84,147624,0.71281769901913,0.0694873462309652,0.178480463881212,0.0320069907332141,0.00789167073104644,"CVAP",24,0.50451735100215,0.482326117615366,"D",2.2,-2.2,0.542316140936649,0.51114804964539,0.492540121748755,0.513396096197066,0.488813595783586,0.444249187241894,0.479210992907801,0.501449916989485,0.469765878001734,0.495867842673264,1699,89,32
"House",10,104605,8182,22128,1424,2453,49,139115,0.751931854940157,0.0588146497502067,0.159062646012292,0.0102361355712899,0.0179851202242749,"CVAP",24,0.256527023765897,0.731738849793139,"R",47.5,47.5,0.283018242489199,0.238150895332284,0.228089837270812,0.263185175586368,0.266121966178919,0.705468327016784,0.751809395369746,0.766291597555326,0.727031229752494,0.715477963725576,12391,6,115
"House",11,97878,15010,18724,4963,943,123,138199,0.708239567580084,0.108611495018054,0.135485784991208,0.0359119819969754,0.00771351456956997,"CVAP",24,0.301238725858537,0.684364794034272,"R",38.3,38.3,0.32489791803196,0.27057152999645,0.259803295440031,0.318959365708622,0.313477707517011,0.65947471895952,0.717316293929712,0.732618044024354,0.667343904856293,0.666529708278633,1617,15,106
"House",12,83764,15427,27655,6419,1139,29,134918,0.62085118368194,0.114343527179472,0.204976356008835,0.0475770467987963,0.00865711024474125,"CVAP",24,0.425173337018766,0.559719224686868,"R",13.5,13.5,0.460466694393976,0.395095855217158,0.38490418840509,0.441073128312396,0.43438101960972,0.522732745222512,0.593196637343697,0.606367936028085,0.542710083786737,0.546798913628695,1696,63,58
"House",13,56160,8437,67247,3322,912,171,136393,0.411751336212269,0.0618580132411487,0.493038499043206,0.0243560886555762,0.00794029019084557,"CVAP",24,0.604330554778987,0.379308980421539,"D",22.5,-22.5,0.636513642524604,0.590700944346273,0.576833947498385,0.611064597995866,0.609743090644873,0.348623961341269,0.395884398335518,0.411598222087148,0.37294942570838,0.368845574413055,1633,105,16
"House",14,50549,11803,63051,3453,1070,52,130145,0.388405240308886,0.0906911521764186,0.484467324906835,0.0265319451381152,0.00862115332897921,"CVAP",24,0.613851985094658,0.36998052702788,"D",24.4,-24.4,0.653502005553841,0.599148160705204,0.584831734332973,0.619716872475981,0.619018532864549,0.331083513318934,0.387035938294626,0.403456382235212,0.364129404732399,0.360794946665872,1669,106,15
"House",15,104391,10456,28638,3533,1524,92,148738,0.701844854710968,0.0702981080826689,0.192539902378679,0.023753176726862,0.0108647420296091,"CVAP",24,0.338733150413975,0.649074596445416,"R",31,31,0.350910654848723,0.313282655796702,0.302761606575021,0.354030656285879,0.35184100382888,0.635139683608213,0.676900101599892,0.690670710826281,0.633029675754046,0.632758576777118,12373,27,94
"House",16,94529,12781,15490,9968,881,62,134303,0.703848759893673,0.0951654095589823,0.115336217359255,0.0742202333529407,0.0070214366023097,"CVAP",24,0.377701383701868,0.608015029487135,"R",23,23,0.4159171984123,0.355908600011368,0.345109389631395,0.388914735895289,0.38274168388212,0.5683062854846,0.632709032001364,0.648406685394853,0.594956732111287,0.599150470087272,1679,43,78
"House",17,91390,15960,22330,10888,938,296,142520,0.641243334268875,0.111984282907662,0.156679764243615,0.0763962952568061,0.00865843390401347,"CVAP",24,0.416166728394807,0.568432920129589,"R",15.2,15.2,0.456659322619665,0.389579847848733,0.379324475546519,0.428559151797703,0.42370056899784,0.52637376879212,0.598835190504751,0.613425378662506,0.553018014630845,0.557738480260489,1700,58,62
"House",18,121896,12000,7942,6929,840,16,149667,0.814448074725891,0.0801779951492313,0.0530644697895996,0.0462961106990853,0.0057193636539785,"CVAP",24,0.307896286896592,0.680687162952444,"R",37.3,37.3,0.340833873554198,0.286004660664607,0.274767619418511,0.323061432970522,0.311134932332842,0.646303183322529,0.704489226062765,0.720600141426771,0.662291371162736,0.676001607932467,14561,18,103
"House",19,123561,13398,13562,3174,1122,13,154877,0.797800835501721,0.0865073574513969,0.0875662622597287,0.0204936820832015,0.00732839608205221,"CVAP",24,0.36840978057999,0.620208829652425,"R",25.2,25.2,0.40975132593264,0.358357856251115,0.343278597272474,0.370887712129425,0.372256097560976,0.579964282829733,0.631989031567683,0.65114389089897,0.617620814743777,0.611661585365854,1725,41,80
"House",20,114864,9581,14840,1566,1617,77,142705,0.804905224063628,0.067138502505168,0.103990750148909,0.0109736869766301,0.0118706422339792,"CVAP",24,0.251166105280386,0.73644246521368,"R",48.5,48.5,0.276527989678582,0.239454547916638,0.229681118654153,0.252546307730304,0.259559118236473,0.712147121164027,0.749779950438068,0.764300976388175,0.73759446776982,0.720370741482966,1693,5,116
"House",21,73630,16114,40582,3850,1554,60,136107,0.540971441586399,0.118392147354655,0.298162475111493,0.0282865686555431,0.0118583173532588,"CVAP",24,0.595755943817724,0.387344052871556,"D",20.8,-20.8,0.644223000269324,0.590515675421537,0.577172613966194,0.5973347532632,0.592157091588131,0.340348582201531,0.396234479516167,0.412903363496671,0.38317958754875,0.387170659119423,21887,103,18
"House",22,113585,15796,13553,8433,1270,14,152686,0.7439123429784,0.103454147728017,0.0887638683310847,0.0552309969479848,0.00840941540154304,"CVAP",24,0.451471908380971,0.534238732832107,"R",8.3,8.3,0.487438685862676,0.440751348831013,0.433389634397734,0.460997326023826,0.445585934083023,0.498224004298208,0.548031705854926,0.55990743573034,0.522795886485399,0.535976362417021,1637,72,49
"House",23,135600,10519,4530,2286,1762,60,155379,0.87270480566872,0.0676989812008058,0.0291545189504373,0.0147124128743266,0.0117261663416549,"CVAP",24,0.27197439085181,0.715291762575065,"R",44.3,44.3,0.291898774470794,0.260014095409749,0.251703975365879,0.267283504154392,0.287524191814207,0.697999269738136,0.72733469665985,0.742529610536392,0.723543316809851,0.690631495950111,1634,9,112
"House",24,106464,23013,15131,2897,837,162,148773,0.715613720231494,0.154685325966405,0.101705282544548,0.0194726193596956,0.0067149281119558,"CVAP",24,0.347890529986942,0.640986880084212,"R",29.3,29.3,0.378890323630189,0.331672701324101,0.314465989941524,0.354791122470073,0.35834564254062,0.610993055626163,0.659328170838069,0.679937167522473,0.634694529532257,0.62519655024539,1670,32,89
"House",25,90721,30506,17279,5241,872,28,144970,0.625791543077878,0.210429744084983,0.119190177278058,0.0361523073739394,0.00620818100296613,"CVAP",24,0.399738005328116,0.588506006276186,"R",18.9,18.9,0.436076076076076,0.381473172555618,0.363642426505896,0.411223008528398,0.40629230868416,0.554344344344344,0.609139224955265,0.630315317718615,0.577780802032299,0.575867817309375,12372,49,72
"House",26,113182,14369,16374,2189,1408,297,147832,0.765612316683803,0.0971981708966935,0.1107608636831,0.0148073488825153,0.011533362194924,"CVAP",24,0.344141122102778,0.643305275611213,"R",29.9,29.9,0.374651985514224,0.329859730430133,0.312072674458436,0.350656204568538,0.353595180820312,0.616545602980888,0.660871234454484,0.681528575147637,0.6386294385916,0.625563484202228,1687,29,92
"House",27,116486,21441,8938,2808,1179,5,151036,0.771246590216902,0.141959532826611,0.0591779443311528,0.018591594057046,0.00783919065653222,"CVAP",24,0.306563486233809,0.680771660812657,"R",37.4,37.4,0.335457932928025,0.293138704906437,0.274700435380091,0.309428477659525,0.31978397358829,0.654265542263189,0.696508263134204,0.719443124462196,0.679984996952506,0.659367187649091,15751,17,104
"House",28,112719,10012,26807,3268,1172,116,154385,0.730116267772128,0.0648508598633287,0.173637335233345,0.0211678595718496,0.00834277941509862,"CVAP",24,0.411300814552022,0.57521712688704,"R",16.4,16.4,0.45636941692132,0.398258414402326,0.378017469929953,0.413951178120182,0.420163946658707,0.531376362008828,0.591370345521637,0.614489437111043,0.573931309953744,0.559550585752204,25383,54,67
"House",29,84492,36354,14060,2129,731,110,138002,0.612251996347879,0.263430964768627,0.101882581411864,0.0154273126476428,0.00609411457804959,"CVAP",24,0.411927929858086,0.573655124294623,"R",16.2,16.2,0.457673598641899,0.40299858647142,0.380897966957101,0.413531313874139,0.418739079310307,0.529670377504271,0.586423772691898,0.611420590709264,0.573729006023771,0.558809631086739,1690,55,66
"House",30,131309,8766,8328,2155,1326,61,152130,0.863136790902518,0.057621770853875,0.0547426543088148,0.0141655163347137,0.00911720239269046,"CVAP",24,0.341948275583414,0.644794268573654,"R",30.3,30.3,0.368756699303723,0.336837354048629,0.318712860718056,0.340229802770519,0.351924524244705,0.619911906970879,0.653054437040469,0.675665097081045,0.647564162222143,0.626984553632226,15741,28,93
"House",31,121753,12030,10817,3612,1129,104,149738,0.81310689337376,0.0803403277725093,0.0722395116804018,0.0241221333262098,0.00823438272182078,"CVAP",24,0.359308310836172,0.625443887519518,"R",26.6,26.6,0.382922218636175,0.348569250255162,0.334169217342135,0.362462836137048,0.368621565458324,0.602425192493891,0.640129855756816,0.65927892711829,0.623137057476942,0.607971600092357,1683,38,83
"House",32,118616,13328,10290,4597,1002,136,148513,0.798691023681429,0.0897429854625521,0.0692868637762351,0.0309535192205396,0.00766262886077313,"CVAP",24,0.384210432605535,0.601113393350696,"R",21.7,21.7,0.411556541488406,0.370335114801477,0.356066250214912,0.392986075296545,0.389707314482002,0.573733692494586,0.618712296717664,0.637755745314918,0.592040279368187,0.589018538520106,1735,46,75
"House",33,95101,23553,23234,5038,1059,32,148795,0.639141100171377,0.158291609261064,0.156147720017474,0.0338586646056655,0.00733223562619712,"CVAP",24,0.43067926999013,0.552718031260977,"R",12.2,12.2,0.463411464840822,0.417737381885227,0.401269484865495,0.435494606605196,0.438873687876225,0.521425358588635,0.569745333026043,0.591202844106683,0.549695581527378,0.534839062733197,1616,65,55
"House",34,124792,15211,10926,2455,915,68,154484,0.80779886590197,0.0984632712772844,0.0707257709536263,0.015891613370964,0.00636311851065482,"CVAP",24,0.34862749676643,0.64054560638156,"R",29.2,29.2,0.382861635220126,0.32927995627818,0.317256028989129,0.355014995584391,0.358192110478188,0.606845948095135,0.661372227535638,0.678029829722945,0.633985327935506,0.626407414977472,1641,33,88
"House",35,65540,43032,14987,8384,806,99,133819,0.489766027245757,0.321568686061023,0.111994559815871,0.0626517908518222,0.00676286625964923,"CVAP",24,0.465595811736412,0.518027323664555,"R",5.2,5.2,0.51742740431578,0.460185581257609,0.43694190004769,0.471056022966587,0.463764420931863,0.46873057454933,0.528182685663519,0.555871663733987,0.511698081577486,0.512174134744088,1632,78,43
"House",36,76735,27529,21397,6075,746,75,133193,0.576118865105524,0.20668503600039,0.160646580526004,0.045610505056572,0.00616398759694579,"CVAP",24,0.470763902024447,0.513946362879465,"R",4.3,4.3,0.514795140053446,0.459044692914383,0.437692855447425,0.475906509392748,0.476897982734515,0.471702604161032,0.529520762725286,0.555043911701875,0.506454783748362,0.502929362419831,1688,80,41
"House",37,76227,35065,14233,7360,1118,122,134293,0.567617076094808,0.261108173918224,0.105984675299532,0.0548055371463889,0.00923354158444595,"CVAP",24,0.498549007859172,0.483343801211318,"D",1.5,-1.5,0.546233357333756,0.489885243489775,0.469522058823529,0.504809783303912,0.498632670069799,0.436474134459319,0.496671325584817,0.521488970588235,0.476386010694093,0.476052192936764,12371,87,34
"House",38,82139,32114,16299,4826,647,76,136458,0.601936126866875,0.235339811517097,0.119443345205118,0.0353661932609301,0.0052983335531812,"CVAP",24,0.493345490748963,0.491020740907819,"D",0.2,-0.2,0.531169537252649,0.481635647655981,0.462316671655193,0.500075450547555,0.498596675875981,0.453617553829899,0.506745324688937,0.529571984435798,0.483465551435716,0.480101302460203,1727,85,36
"House",39,73052,26015,23633,4648,793,114,128598,0.568064822158976,0.202297080825518,0.183774242212165,0.0361436414252166,0.00705298682716683,"CVAP",24,0.464033240508389,0.52169190038126,"R",5.8,5.8,0.500157610408809,0.447535563244906,0.425703305149885,0.476161685006651,0.470915855370152,0.487385732453614,0.54323721645521,0.567194465795542,0.50854705552563,0.508755318911934,15712,77,44
"House",40,38373,20913,61937,5457,560,292,127653,0.300603981105027,0.16382693708726,0.485198154371617,0.0427487015581302,0.00667434372870203,"CVAP",24,0.660193926059575,0.324372181043255,"D",33.6,-33.6,0.705913022553174,0.657135100895846,0.631127506450007,0.669025617909999,0.656519756838906,0.282522960922982,0.332051398063524,0.358643009097904,0.31722635414319,0.320060790273556,1680,110,11
"House",41,22446,25621,44094,5714,893,24,99008,0.226708952811894,0.258777068519716,0.445357950872657,0.0577125080801551,0.0092618778280543,"CVAP",24,0.711071814601721,0.271901235154043,"D",43.9,-43.9,0.774524947016775,0.734669382410708,0.70484164543138,0.703489644905644,0.693790530336679,0.213244010201516,0.252891539972358,0.282744812522752,0.280682166469635,0.281780225637381,1731,117,4
"House",42,96443,26500,11255,6509,890,43,142011,0.679123448183591,0.186605262972587,0.0792544239530741,0.0458344776108893,0.00656991359824239,"CVAP",24,0.559407636901406,0.425131044337827,"D",13.4,-13.4,0.583684521652905,0.557089084065245,0.537821745167147,0.566413442672435,0.559472981648104,0.40127953318968,0.432713099655623,0.455422941364947,0.416229813352116,0.419260829248907,15855,100,21
"House",43,35955,68020,12853,6216,508,42,123857,0.290294452473417,0.549181717625972,0.103772899392041,0.050186909096781,0.00444060489112444,"CVAP",24,0.545579387728611,0.4360256305237,"D",11,-11,0.612514569159461,0.552445484785019,0.525328931158528,0.545058117678902,0.535000535995957,0.373038245737674,0.43264752987557,0.463829892081013,0.437529134024029,0.438107781129879,1712,98,23
"House",44,44314,48595,12721,9440,480,295,116162,0.381484478573027,0.418338182882526,0.109510855529347,0.0812658184259913,0.00667171708476094,"CVAP",24,0.547737811224736,0.435610637519069,"D",11.2,-11.2,0.611628482488245,0.55452795539527,0.532420414574254,0.544390689443564,0.537736258961547,0.37641481172747,0.434630617076355,0.460633143817888,0.436029170412867,0.438569049170831,1643,99,22
"House",45,75856,23152,10567,9508,454,66,120045,0.631896372193761,0.192861010454413,0.0880253238368945,0.0792036319713441,0.0043317089424799,"CVAP",24,0.47937988138311,0.506693379413992,"R",2.7,2.7,0.521060524906267,0.473069951813265,0.456608221600118,0.488192616114316,0.473958015189461,0.466438136047134,0.518324221570563,0.537719168999558,0.494211869686677,0.508032496487692,1619,82,39
"House",46,27056,63914,17945,4368,543,73,114325,0.236658648589547,0.559055324732123,0.156964793352285,0.0382068663896785,0.00538814782418544,"CVAP",24,0.562429031439089,0.420264764603255,"D",14.2,-14.2,0.647132297835447,0.577821623631009,0.552646621698868,0.552780911926727,0.545233471248839,0.341670217924792,0.406279488719224,0.433748713844747,0.43112431140904,0.431275859157308,22126,102,19
"House",47,37286,73259,11312,3826,621,43,126502,0.294746328121295,0.579113373701602,0.0894215111223538,0.0302445811133421,0.00524892887068979,"CVAP",24,0.480088012970274,0.504745865980618,"R",2.5,2.5,0.560913304219835,0.484534786253143,0.453552141332105,0.47955776508125,0.4698848204406,0.427664310825112,0.501655490360436,0.535835391635618,0.507617916944919,0.507871441504879,1618,83,38
"House",48,80281,34382,24728,2137,1030,97,142873,0.561904628586227,0.240647288151015,0.173076788476479,0.0149573397352894,0.00788812441818958,"CVAP",24,0.405899964373596,0.582280030682052,"R",17.6,17.6,0.446499192335543,0.381180588495069,0.370147791295828,0.415097895740482,0.415243531030749,0.543207263410015,0.60782806391992,0.623368988323671,0.573759950331493,0.56791571728292,1682,51,70
"House",49,85378,25061,15690,2761,1011,46,130299,0.655246778563151,0.192334553603635,0.120415352381829,0.0211897251705692,0.00811211137460763,"CVAP",24,0.325533207740177,0.660739269444664,"R",33.5,33.5,0.357419678955049,0.301525897270578,0.294616044616045,0.329490574855897,0.339560895792122,0.628465826176407,0.68638512787449,0.698966823966824,0.658717509317291,0.639485188170073,16266,24,97
"House",50,88650,25192,23948,3034,1123,70,142040,0.624119966206702,0.177358490566038,0.168600394255139,0.0213601802309209,0.00839904252323289,"CVAP",24,0.379649104376371,0.60618517707868,"R",22.7,22.7,0.417259381241022,0.355149589621393,0.346754024446088,0.386724474101704,0.390133533901335,0.567347558483118,0.632124260877239,0.645866356687449,0.599953980114565,0.590261765902618,16379,45,76
"House",51,83721,47002,18740,3339,782,92,154034,0.543522858589662,0.305140423542854,0.12166145136788,0.0216770323435086,0.00567407195813911,"CVAP",24,0.417361225003569,0.569679280880413,"R",15.2,15.2,0.462875420400292,0.393099628359062,0.380600742009132,0.426112886048988,0.426032353037035,0.525729673792893,0.594089479702687,0.611979166666667,0.562151224707135,0.555520549284605,1638,59,63
"House",52,148971,11531,11818,1949,1121,35,175580,0.848450848616015,0.0656737669438433,0.0673083494703269,0.011100353115389,0.00658389338193416,"CVAP",24,0.291168436335962,0.699969732714314,"R",40.9,40.9,0.313187084864767,0.276254362507365,0.262775440025338,0.300380481943795,0.298516863368475,0.679742224712805,0.716539001948964,0.733776752183159,0.690259513902795,0.68836135146889,1661,11,110
"House",53,113456,20103,6064,2567,1116,149,143651,0.789803064371289,0.139943334888027,0.0422134200249215,0.0178696980877265,0.0088060646984706,"CVAP",24,0.321341516549173,0.66521397167935,"R",34.4,34.4,0.34731969838449,0.3074337146885,0.299430673320081,0.313531977612683,0.339734824313511,0.642077572617649,0.679200780784037,0.694876059880725,0.67636982890832,0.637333252301802,1673,22,99
"House",54,98992,29530,14731,5721,1219,62,150732,0.656741766844466,0.19591062282727,0.0977297455085848,0.0379547806703288,0.00849852718732585,"CVAP",24,0.396518285071105,0.586520750852922,"R",19,19,0.427844076608269,0.373693924113176,0.362587443035035,0.402874020220379,0.40994930108613,0.559770991546452,0.612166305785244,0.63001073989144,0.581032981180658,0.563383262624222,1650,48,73
"House",55,110131,22040,9001,5346,909,28,147950,0.744379858060155,0.148969246367016,0.0608381209868199,0.0361338289962825,0.00633322068266306,"CVAP",24,0.353862741833212,0.631927766184507,"R",27.8,27.8,0.382843829966008,0.335190490704054,0.324504197590948,0.358558084462571,0.365303483030817,0.60389374785166,0.652337701920146,0.669704343594111,0.628136648686576,0.613075859608438,15622,36,85
"House",56,109995,17370,6856,2110,969,92,137509,0.799911278534496,0.126319004574246,0.0498585547127824,0.0153444501814427,0.00771585859834629,"CVAP",24,0.36183130450023,0.621092820519534,"R",25.9,25.9,0.390198895156675,0.348361140693409,0.33593526089522,0.356256907773548,0.379703921347045,0.595646029688285,0.635664418412022,0.655888055297985,0.630971386466904,0.591642495699451,1630,40,81
"House",57,123582,11056,6396,3541,673,83,145390,0.850003439026068,0.0760437444115826,0.0439920214595227,0.0243551826122842,0.0051998074145402,"CVAP",24,0.406780732495565,0.580868980792529,"R",17.4,17.4,0.432962635763654,0.394417073547931,0.383300098053257,0.41044202434337,0.414167115502479,0.554903081640077,0.592757881713541,0.611620963566054,0.576699917635216,0.569229054844641,1639,52,69
"House",58,107299,14707,11464,3673,833,48,138005,0.777500815187856,0.106568602586863,0.0830694540052897,0.0266149777181986,0.00638382667294663,"CVAP",24,0.43063459188862,0.555664304787737,"R",12.5,12.5,0.467189750211054,0.416153724747475,0.408281540922561,0.432550443044732,0.436262677649453,0.519352435814669,0.568076599326599,0.58555581779561,0.553186719333832,0.546180739714462,1775,64,57
"House",59,114309,13739,10647,4910,1213,109,145087,0.787865211907338,0.0946949071936149,0.0733835560732526,0.0338417639071729,0.00911177431472151,"CVAP",24,0.415356079809171,0.570133538792094,"R",15.5,15.5,0.441197872362231,0.400554609851189,0.394423237422868,0.413278681240558,0.427708599103625,0.545929714162729,0.582546263247488,0.598503194735186,0.573313782991202,0.551970557355581,14051,57,64
"House",60,108873,13755,11121,9160,1160,128,144296,0.754511559571991,0.0953248877307756,0.0770707434717525,0.0634806231634973,0.00892609635748739,"CVAP",24,0.526346304966227,0.457631372372013,"D",6.9,-6.9,0.54834704486953,0.523326515947156,0.517262757632536,0.524924702082151,0.527496622444686,0.43601675667491,0.459758996185949,0.475821117601675,0.45833515212362,0.451296759761689,1663,93,28
"House",61,119025,11743,6323,6143,1147,84,144569,0.823309284839765,0.0812276490810616,0.043736900718688,0.0424918205147715,0.00851496517233985,"CVAP",24,0.450179993432967,0.53614844625715,"R",8.6,8.6,0.46759858087882,0.439639294854929,0.435068885310431,0.450784795286175,0.457356634038846,0.519669980413171,0.545351256966537,0.558967018548339,0.53551034433967,0.523999385025368,1698,71,50
"House",62,51232,24231,48640,3079,1036,91,128744,0.397936991238427,0.188210712732244,0.377804014167651,0.0239156776238116,0.00875380600260983,"CVAP",24,0.66874815808155,0.315102413024122,"D",35.4,-35.4,0.715133197617055,0.679746580852776,0.66792445256207,0.661523070808951,0.657394561598224,0.269679901085314,0.305410297666935,0.322521726913273,0.322265009387291,0.321365149833518,1655,111,10
"House",63,37481,26421,50721,2426,1090,141,118114,0.317329021115194,0.223690671723928,0.429424115684847,0.0205394788086086,0.0104221345479791,"CVAP",24,0.702618180423051,0.276928578209585,"D",42.6,-42.6,0.759783604554775,0.71182592724861,0.696988995312818,0.694035320396482,0.692829440204013,0.22472841499062,0.271822866180297,0.287828612186672,0.283208851040067,0.282483574477128,12380,116,5
"House",64,40115,58524,11481,4576,627,107,115776,0.346488045881703,0.505493366500829,0.0991656301824212,0.0395245992260918,0.00633982863460475,"CVAP",24,0.492321648497252,0.490936719327236,"D",0.1,-0.1,0.57100388119684,0.497029839749493,0.487212481904456,0.479329538066317,0.480923062006109,0.415095378347876,0.484412414809357,0.500953606470737,0.505906978956883,0.496743750101,12378,84,37
"House",65,101813,22801,9723,6503,757,157,141856,0.717720787277239,0.160733419806,0.0685413376945635,0.0458422625761335,0.00644315362057298,"CVAP",24,0.458294735917651,0.528410856099123,"R",7,7,0.513469997987407,0.455785519033705,0.443016212005211,0.460273106458488,0.448946699589838,0.471061786607631,0.532189650296918,0.550912680823629,0.523522033103195,0.536155221043279,15969,76,45
"House",66,83000,32493,10222,6820,812,18,133627,0.621131956865005,0.243161935836321,0.0764965164225793,0.0510375897086667,0.00621131956865005,"CVAP",24,0.425089043962585,0.561164732375429,"R",13.6,13.6,0.466720555370643,0.412519313917706,0.403658315413115,0.428304686159529,0.426473293677562,0.520327136132376,0.574314761675994,0.589398139751794,0.55670727399348,0.556029108153963,1724,62,59
"House",67,63350,27733,26157,9789,776,311,128766,0.491977695975646,0.215375176677073,0.203135920972928,0.0760216206141373,0.00844166938477548,"CVAP",24,0.538242334371969,0.439176448337082,"D",9.9,-9.9,0.592439355408272,0.528546460821439,0.516903397292134,0.536849554454731,0.539027356513839,0.391907026998537,0.454371436894012,0.471571559099593,0.433904767406594,0.4335428663531,1697,95,26
"House",68,79800,28361,14538,3723,782,98,127693,0.624936370826905,0.222103012694509,0.113851189963428,0.0291558660224131,0.00689152890134933,"CVAP",24,0.344786071111602,0.64060353600543,"R",29.6,29.6,0.379472465170948,0.318031211689474,0.31201217092208,0.35004925871639,0.358728305420756,0.606319355619318,0.669543752692091,0.681174758565948,0.636014128841579,0.619926782695418,14048,31,91
"House",69,74781,26764,21413,4336,996,9,128618,0.581419396973985,0.208089069959104,0.166485250898008,0.033712233124446,0.00781383632151021,"CVAP",24,0.441521030064114,0.543784032957262,"R",10.2,10.2,0.481769631436672,0.423268786357479,0.411604671142648,0.448838221022455,0.446815959164775,0.503626293927606,0.563789943421787,0.580376746110033,0.535723448637433,0.534166751363621,1646,68,52
"House",70,96218,22924,23961,4054,686,145,148664,0.647217887316364,0.154200075337674,0.161175536780929,0.0272695474358284,0.00558978636388097,"CVAP",24,0.415643571781525,0.572223091328081,"R",15.7,15.7,0.447924823805795,0.39273784328225,0.380472837918698,0.426460958168531,0.425148166794739,0.540237366392417,0.595774791544483,0.613314321361732,0.561970121626459,0.557893249247021,19101,56,65
"House",71,98329,17703,14670,2025,825,62,133831,0.734725138420844,0.132278769492868,0.109615858807003,0.0151310234549544,0.00662776187878743,"CVAP",24,0.407207077120589,0.580330116193089,"R",17.3,17.3,0.447043175290739,0.387689176748017,0.377767386361804,0.41265044879641,0.414617433351434,0.541386129290456,0.600374719364269,0.616153635293548,0.575058649530804,0.568019031365552,19738,53,68
"House",72,118724,15597,7309,4926,898,16,147535,0.804717524655167,0.105717287423323,0.0495407869319145,0.0333886874301013,0.00619514013623886,"CVAP",24,0.359286852486957,0.630714551919384,"R",27.1,27.1,0.400703716199933,0.347749049961532,0.337663547050333,0.362859802190346,0.360169752678799,0.589453896948956,0.64297204672091,0.658436932532477,0.625701336998408,0.626913899821267,1672,37,84
"House",73,134780,10879,7878,2731,657,98,157145,0.857679213465271,0.0692290559674186,0.0501320436539502,0.0173788539247192,0.00480447993890992,"CVAP",24,0.455058536126038,0.535348444467505,"R",8,8,0.493904479199732,0.44623239324495,0.437732489746606,0.457778559493448,0.453882610280715,0.496512555657553,0.545159270148921,0.558017783147342,0.529891830094099,0.535367187430533,1721,73,48
"House",74,130588,14998,6872,3709,906,87,157517,0.829040674974765,0.0952151196378804,0.0436270370817118,0.0235466648044338,0.00630408146422291,"CVAP",24,0.369078627171348,0.620338772653927,"R",25.1,25.1,0.408577898799864,0.361667505648494,0.350568805624985,0.367241187970053,0.37255989736833,0.580832668628691,0.628756394797532,0.644969515756033,0.621447657097003,0.613172220103325,1620,42,79
"House",75,148277,9711,5302,2533,1102,61,167277,0.886415944810105,0.0580534084183719,0.0316959295061485,0.0151425479892633,0.00695253979925513,"CVAP",24,0.337566163730612,0.65233895284665,"R",31.5,31.5,0.379117672302807,0.324988464551298,0.315360159285783,0.342049319727891,0.338229074232259,0.611380997339284,0.665375411788692,0.680828971172271,0.648057299843014,0.646934425821647,1703,26,95
"House",76,129298,16315,8489,1878,1015,86,157388,0.821523877296871,0.103661016087631,0.0539367677332452,0.0119322947111597,0.00699545073321981,"CVAP",24,0.296958818682196,0.693642637686722,"R",39.7,39.7,0.3434538909667,0.279484182742183,0.271007715382298,0.310290936466642,0.291253957649519,0.648855421082713,0.711034654830534,0.724839863245176,0.680379656365248,0.695239201789293,1657,12,109
"House",77,77548,38068,17057,2933,667,101,136581,0.567780291548605,0.278721051976483,0.124885599021826,0.0214744364150211,0.00562303687921453,"CVAP",24,0.349135115756549,0.640131680609987,"R",29.1,29.1,0.430363080196835,0.324765679838144,0.314173877214668,0.365645675079637,0.336979205954087,0.560633062907302,0.664560881952186,0.68053152039555,0.623437882871845,0.648248723944583,15742,34,87
"House",78,97260,17698,18730,3016,802,31,137760,0.706010452961672,0.128469802555168,0.135961091753775,0.0218931475029036,0.00604674796747967,"CVAP",24,0.398232558367145,0.591970823550448,"R",19.4,19.4,0.463562417914731,0.372744253538956,0.364007392576621,0.418555693832215,0.387445681855959,0.528546359552794,0.618410287284459,0.631233636223625,0.569650728666302,0.600444043407024,12388,47,74
"House",79,113810,29563,7019,2273,831,6,153775,0.740107299626077,0.192248414891887,0.0456446106324175,0.0147813363680702,0.00544301739554544,"CVAP",24,0.302140396650988,0.688853363114666,"R",38.7,38.7,0.368517292162929,0.287803934406714,0.276329850391831,0.312171014153702,0.291969998898491,0.623990590374902,0.703178476831047,0.719662787936357,0.678510157133388,0.695502838889278,1665,14,107
"House",80,139661,11115,1963,2880,503,84,156396,0.892995984552035,0.0710695925727001,0.0125514719046523,0.0184147932172178,0.00375329292309266,"CVAP",24,0.320495244048815,0.671988890440018,"R",35.1,35.1,0.368986439161878,0.298959102959711,0.292244773982188,0.342755294974761,0.308083821825968,0.62454958946187,0.69496718675301,0.705032381241661,0.645934881784593,0.684167573449401,1666,20,101
"House",81,123245,14737,6546,2335,645,114,147706,0.834393998889686,0.0997725210891907,0.0443177663737424,0.0158084302601113,0.00513858611024603,"CVAP",24,0.315764291265533,0.676856986581685,"R",36.1,36.1,0.370887890326155,0.290377628536827,0.287121961948752,0.338874512040002,0.301836644591611,0.621400117834311,0.703996476934933,0.710183657758716,0.649765340585113,0.691169977924945,1615,19,102
"House",82,63470,44898,11767,1463,940,9,122683,0.517349592038017,0.365967574969637,0.095913859295909,0.0119250425894378,0.00773538306040772,"CVAP",24,0.300364264172647,0.690349472037529,"R",39,39,0.386436263057547,0.272071267830906,0.264128881382357,0.315223923652011,0.290401859039091,0.604326109723677,0.720396511000763,0.731546613708495,0.673633981586096,0.698258975825192,1715,13,108
"House",83,96915,26442,12919,1642,1735,30,140052,0.691992974038214,0.188801302373404,0.0922443092565619,0.0117242167195042,0.012602461942707,"CVAP",24,0.26558276360183,0.723860100005219,"R",45.8,45.8,0.305265341990919,0.240920238234264,0.228765025139014,0.268066382311124,0.282637619527238,0.68650832397598,0.747518393086535,0.764242666400293,0.723979016522038,0.701383966874324,1640,7,114
"House",84,88850,20684,31181,2298,1299,19,144129,0.616461642001263,0.143510327553789,0.216340916817573,0.0159440501217659,0.00914458575304068,"CVAP",24,0.434297996091708,0.555891345197319,"R",12.2,12.2,0.478360708021049,0.403055941780315,0.387897514747409,0.44044544361374,0.454810650259892,0.513921224685058,0.588335354850161,0.607075799464806,0.549213154179955,0.531621936989498,15252,66,56
"House",85,96716,29618,22850,3512,710,107,154147,0.62742706637171,0.192141267750913,0.148235126210695,0.0227834469694512,0.0053001355848638,"CVAP",24,0.423981846799156,0.565493122703142,"R",14.2,14.2,0.464006820780127,0.398914841527162,0.383911934558814,0.429003466204506,0.440687512651042,0.527544712926541,0.592006881492755,0.611185262518006,0.560389948006932,0.543946421185106,12393,60,61
"House",86,116896,14878,6476,2321,906,68,141729,0.824785329749028,0.104974987476099,0.0456928363284861,0.0163763238292798,0.00687227031870683,"CVAP",24,0.352104015701239,0.637969115221001,"R",28.6,28.6,0.391657434789376,0.332770977661318,0.320534882053488,0.356004201407286,0.362509792077619,0.599461651849885,0.658781722244158,0.675402117540212,0.632311796473421,0.624569384538427,1685,35,86
"House",87,108112,15675,9270,3428,635,0,136856,0.789969018530426,0.114536447068452,0.0677354299409598,0.0250482258724499,0.00463991348570761,"CVAP",24,0.438230053088316,0.551034480810128,"R",11.3,11.3,0.492974002366044,0.42937838366708,0.414742520587929,0.439840842505345,0.436980192052714,0.49776379952102,0.561594155632379,0.580436255603044,0.546381344524507,0.550323436056089,1659,67,54
"House",88,31447,21072,60809,3658,892,15,118308,0.265806200764107,0.178111370321534,0.513988910301924,0.0309192953984515,0.00766642999628089,"CVAP",24,0.692623535200072,0.293796770674138,"D",39.9,-39.9,0.751947273816657,0.704706293894465,0.685227943940289,0.68005383315006,0.686321465652946,0.238100805214164,0.283131071226758,0.305885195725715,0.305979090416715,0.295676055866296,19121,113,8
"House",89,36091,39897,16866,2827,345,175,96901,0.372452296673925,0.411729497115613,0.174053931331978,0.0291741055303867,0.00536630168935305,"CVAP",24,0.511142648375576,0.474909579316652,"D",3.6,-3.6,0.59075098949677,0.50618054317466,0.489633694201394,0.499632055338877,0.512110465554969,0.399448280588729,0.47789267249064,0.501260566513421,0.486404444771506,0.470006790915264,1626,90,31
"House",90,81553,17624,32724,3391,634,41,136518,0.597379100191916,0.129096529395391,0.239704654331297,0.0248392153415667,0.00494440293587659,"CVAP",24,0.546286988115624,0.442729486453462,"D",10.4,-10.4,0.604067412428904,0.535950774612694,0.521447052588921,0.545829762280662,0.547489434031606,0.387044304992969,0.451243128435782,0.473066492097634,0.441528711263476,0.439429437706725,20006,96,24
"House",91,108471,20206,7478,4233,421,8,141085,0.768834390615586,0.143218627068788,0.0530035085232307,0.0300031895665733,0.003040720133253,"CVAP",24,0.459852610743461,0.530868701364294,"R",7.1,7.1,0.518911221652411,0.465468727505922,0.452458416630734,0.451505946353763,0.451570495317841,0.474055401075693,0.526259995550262,0.543987560921433,0.536412730557706,0.537052767833667,12394,74,46
"House",92,109920,17680,9609,4491,541,48,142577,0.770951836551477,0.124003170216795,0.0673951619125104,0.031498769086178,0.00413110108923599,"CVAP",24,0.548099120577016,0.44412258909431,"D",10.4,-10.4,0.596645749745429,0.559631483268622,0.547901776712298,0.534597714275675,0.54170575883483,0.397871173813523,0.432984716206208,0.448580646606771,0.455124432302327,0.449278470267614,1635,97,25
"House",93,72761,29766,19503,4882,639,11,127925,0.568778581199922,0.232683212820012,0.152456517490717,0.0381629861246824,0.00508110220832519,"CVAP",24,0.501278116272908,0.488011910611766,"D",1.3,-1.3,0.549150218456784,0.494313339406942,0.479107981220657,0.498908008989143,0.504792538485536,0.442571957720682,0.496150116084286,0.516138497652582,0.489022061383611,0.480684617618899,12385,86,35
"House",94,78143,26510,26357,4104,892,120,135895,0.575024835350822,0.19507708157033,0.193951212333051,0.0301997865999485,0.00744692593546488,"CVAP",24,0.446907484627201,0.542679148505438,"R",9.6,9.6,0.496331356054813,0.433890275729037,0.421808194353994,0.44555939792512,0.452852877334937,0.495659632515553,0.557032225121979,0.573774669422658,0.543696403941871,0.531820358915305,17177,70,51
"House",95,60364,29100,29480,5753,516,45,126084,0.478760191618286,0.230798515275531,0.233812379048888,0.0456283112845405,0.00444941467593033,"CVAP",24,0.562478131267092,0.426134408540437,"D",13.6,-13.6,0.613147253075552,0.562238205697312,0.540478373197766,0.553667049420753,0.56914598641342,0.379127855489048,0.428549972464663,0.45297108092341,0.432690230675656,0.416551134525625,1705,101,20
"House",96,47625,37365,32350,6704,536,0,124992,0.381024385560676,0.298939132104455,0.258816564260113,0.0536354326676907,0.00428827444956477,"CVAP",24,0.59968398733119,0.388289773062833,"D",21.1,-21.1,0.6501788230194,0.602759725807888,0.582445341824845,0.587743898800644,0.605259648144331,0.341682020158231,0.387572331523191,0.410314340099265,0.398317322035921,0.379354244213538,1691,104,17
"House",97,21535,23977,65845,4280,708,57,116437,0.184949801180037,0.205922516038716,0.565498939340588,0.0367580751822874,0.00657007652206773,"CVAP",24,0.765601135236992,0.223406916391675,"D",54.2,-54.2,0.805454913983126,0.774623588456713,0.757656487866034,0.754746453472686,0.765460171259984,0.187349565481771,0.215495608531995,0.233993015133877,0.234120503826983,0.220292149384759,1671,120,1
"House",98,44846,25905,42772,2566,816,67,117262,0.38244273507189,0.220915556616807,0.364755845883577,0.0218826218212209,0.0075301461684092,"CVAP",24,0.654512701425786,0.334643302576287,"D",32,-32,0.703141830073841,0.655614678510102,0.637181822032104,0.642939608603315,0.661062678599922,0.288825155404441,0.333785588603167,0.35487696412689,0.346213600535926,0.325142517297901,1708,108,12
"House",99,37317,19566,61572,2250,651,132,121664,0.306721791162546,0.160819963177275,0.506082325092057,0.0184935560231457,0.00643575749605471,"CVAP",24,0.73092765612678,0.258001830397089,"D",47.3,-47.3,0.776064012102731,0.742011332536715,0.723174725486419,0.716451115727401,0.731832806157773,0.216726352988453,0.248409975715993,0.268907724908495,0.272250887891175,0.253437953925308,1668,118,3
"House",100,99398,21700,11520,3690,686,56,137415,0.723341702143143,0.157915802496088,0.083833642615435,0.0268529636502565,0.00539970163373722,"CVAP",24,0.459739037558806,0.530976618541761,"R",7.1,7.1,0.500891485366363,0.45467147213751,0.439088403254949,0.455751003934818,0.465465866589947,0.49152140513268,0.537130183373599,0.556124131200295,0.53334479724057,0.522943980929678,1653,75,47
"House",101,56291,40778,16170,4486,781,363,119254,0.472026095560736,0.341942408640381,0.135592936086001,0.0376171868448857,0.00959296962785315,"CVAP",24,0.502201484479012,0.485565414737344,"D",1.7,-1.7,0.566622957433932,0.513142425260329,0.497001216289896,0.480470892698913,0.502278117139777,0.425080693968126,0.475919549882432,0.496015602063499,0.505801769363845,0.481739130434783,23317,88,33
"House",102,59147,43115,17257,7202,565,138,128776,0.459301422625334,0.334806175063676,0.134007889668882,0.0559265701683544,0.00545909175622787,"CVAP",24,0.527301531346455,0.461527725756904,"D",6.6,-6.6,0.575874002535966,0.530057636887608,0.513503786242838,0.513393996956606,0.533298036895159,0.416041414420684,0.461095100864553,0.480838444041346,0.472655412236895,0.452832539163474,15148,92,29
"House",103,34937,55238,18819,7940,424,55,117863,0.296420420318505,0.468662769486607,0.159668428599306,0.0673663490662888,0.00406404045374715,"CVAP",24,0.526139126247171,0.463422009364611,"D",6.3,-6.3,0.588748321851696,0.524116198314237,0.509478383171284,0.518979353576575,0.52421063841116,0.403451350848139,0.467562068807269,0.484834586925946,0.467252858209662,0.463926308503275,20356,91,30
"House",104,16437,45967,48496,3918,302,4,115321,0.142532582964074,0.398600428369508,0.420530519159563,0.0339747314019129,0.002653462942569,"CVAP",24,0.654880149513139,0.334753772906612,"D",32,-32,0.723234679496525,0.66912555061437,0.652571669477234,0.635294741446732,0.64847123390861,0.270107401467658,0.321200497397096,0.3393760539629,0.353742759050359,0.338749815041498,1704,109,13
"House",105,27485,44264,45436,2235,587,32,120441,0.228203020566086,0.367516045200555,0.377246950789183,0.0185568037462326,0.00513944586976196,"CVAP",24,0.6516290654701,0.336102972506859,"D",31.6,-31.6,0.716653103499297,0.665650337647085,0.646835528842895,0.629193338282465,0.650912047007145,0.274728120145003,0.323599159834677,0.343900399936733,0.358704634908184,0.332929246830298,12398,107,14
"House",106,50111,51291,4997,3124,338,22,110115,0.455078781274122,0.465794850837761,0.0453798301775417,0.0283703400989874,0.00326930935839804,"CVAP",24,0.470747821802108,0.518219162473992,"R",4.7,4.7,0.546962052557328,0.489653254218431,0.476149962084081,0.448361139356507,0.457826523002546,0.445685182085555,0.500148340441313,0.517413579447722,0.53813128460061,0.529045696505259,1718,79,42
"House",107,14996,37442,61250,2160,430,66,116546,0.128670224632334,0.321263707034132,0.525543562198617,0.0185334546016165,0.00425583031592676,"CVAP",24,0.698843577239003,0.289550935417009,"D",40.9,-40.9,0.768613639831155,0.736940255554277,0.720144974079002,0.667811257046385,0.679719385902482,0.224342674057875,0.251225969839991,0.26921135936138,0.321329441726042,0.305843222123778,1652,115,6
"House",108,17410,37245,57466,1985,358,12,114571,0.151958174407136,0.325082263399988,0.501575442302153,0.0173255012175856,0.00322943851410915,"CVAP",24,0.74726410485133,0.239531709925052,"D",50.8,-50.8,0.808716155567166,0.774822228074796,0.759196925207095,0.727016184389157,0.729886753763224,0.182964243130635,0.212057365863002,0.230466232185061,0.260017999603399,0.253103009025523,1628,119,2
"House",109,6899,54503,47478,1331,317,30,110482,0.0624445611049764,0.493320178852664,0.42973516047863,0.0120472113104397,0.00314078311399142,"CVAP",24,0.675673414358199,0.310474592715748,"D",36.5,-36.5,0.755539334955393,0.712324885880686,0.700929866036249,0.646132434808087,0.649537628749718,0.236658556366586,0.273351172674327,0.284507486209614,0.34366759449165,0.33157281407413,1631,112,9
"House",110,6474,96845,5413,1293,171,49,110436,0.0586221884168206,0.876933246405158,0.0490148140099243,0.0117081386504401,0.00199210402405013,"CVAP",24,0.307299067472591,0.684267719312719,"R",37.7,37.7,0.394939536316722,0.290437255599005,0.286967418546366,0.298425717330599,0.306133964575219,0.598924234255051,0.701888291754668,0.70703842940685,0.693871494286986,0.682057775147603,1624,16,105
"House",111,6193,89191,1847,1175,127,30,98830,0.06266315895983,0.9024688859658,0.0186886572902965,0.0118891024992411,0.00158858646160073,"CVAP",24,0.321818918123191,0.669055240701864,"R",34.7,34.7,0.42014434509324,0.300636144130758,0.300095120989258,0.318050380915309,0.314355769094491,0.573778698669188,0.69010029717682,0.692921606384706,0.673246955457932,0.673696444009808,1656,21,100
"House",112,5130,90217,2344,239,156,45,98093,0.0522973096959008,0.919708847726137,0.0238956908240139,0.00243646335620279,0.00204907587697389,"CVAP",24,0.272327968722882,0.719573169298715,"R",44.7,44.7,0.354914985299379,0.245008504513934,0.248686102758531,0.270695983144158,0.27129868082199,0.639795902493661,0.746643987962842,0.745300039220813,0.722898117311221,0.716665790718453,1701,8,113
"House",113,24833,69543,4032,3478,379,16,102768,0.241641366962479,0.676698972442784,0.0392340028024288,0.0338432196792776,0.00384360890549587,"CVAP",24,0.476766243538564,0.511133286079658,"R",3.4,3.4,0.554320139664005,0.478919553728714,0.469087409632898,0.467089685057649,0.464992955851392,0.437251366589394,0.510980622431004,0.524011829875129,0.517851891975547,0.520507178699761,1677,81,40
"House",114,25012,80899,5982,2919,307,12,115223,0.217074715985524,0.702108086059207,0.0519167180163683,0.0253334837662619,0.00276854447462746,"CVAP",24,0.444319459733472,0.546128622975275,"R",10.2,10.2,0.498144166572366,0.436467556495309,0.429599788667283,0.443124365027192,0.440003400616969,0.494477763947041,0.555190299986785,0.564654603090741,0.544648299766928,0.549454686778887,1649,69,53
"House",115,32888,76764,7133,3088,302,48,120706,0.272463672062698,0.635958444484947,0.0590939969844084,0.0255828210693752,0.00289960731032426,"CVAP",24,0.425339601357153,0.565436497344954,"R",14,14,0.48713899813292,0.417806568670532,0.41028220094067,0.416706241869877,0.425922439759036,0.505233782226989,0.574014486796037,0.584249447498158,0.572453593772584,0.563085676037483,1689,61,60
"House",116,12289,96363,2687,1411,237,59,113777,0.108009527408879,0.846946219358921,0.0236163723775456,0.0124014519630505,0.00260158028424022,"CVAP",24,0.326074826929972,0.66483294638325,"R",33.9,33.9,0.397604251934007,0.304363261973231,0.302189910453054,0.323878611720078,0.327588366442045,0.595282290141462,0.687559910533603,0.690823654579307,0.666958149616967,0.660988501715975,1675,23,98
"House",117,9199,66793,31418,955,303,35,108670,0.0846507775835097,0.614640655194626,0.289113830864084,0.00878807398546057,0.00311033403883316,"CVAP",24,0.539157580682305,0.449818409152102,"D",8.9,-8.9,0.648069404856471,0.564020923356834,0.552518680569367,0.507532693442674,0.517283345714331,0.344236250642493,0.42571639754378,0.437196351961815,0.483878482900009,0.467401096903697,1702,94,27
"House",118,12789,100404,5393,2279,214,35,121545,0.105220288781933,0.826064420584969,0.0443703977950553,0.0187502571064215,0.00204862396643219,"CVAP",24,0.332161549645359,0.659470596862321,"R",32.7,32.7,0.415082203131133,0.316250785616008,0.310877133395602,0.323510092294675,0.332665988010406,0.578638088177576,0.676037437787705,0.683060202088817,0.668229033299563,0.656407646193869,19071,25,96
"House",119,11904,101945,5097,3125,188,110,122658,0.0970503350780218,0.831132090854245,0.0415545663552316,0.0254773435079652,0.00242951947691956,"CVAP",24,0.365060140442161,0.625675359847106,"R",26.1,26.1,0.454264839777042,0.354037377844354,0.346278547760715,0.353860960144928,0.362719736947999,0.539161910683751,0.636956986946287,0.647023194498878,0.636424365942029,0.625771738005725,1733,39,82
"House",120,55888,45578,14885,1467,862,78,118990,0.469686528279687,0.383040591646357,0.125094545760148,0.0123287671232877,0.00789982351458106,"CVAP",24,0.406279206641506,0.583192765985908,"R",17.7,17.7,0.46992373984748,0.402207051341999,0.388747663551402,0.394976125165092,0.409412524209167,0.519833839667679,0.587936032918732,0.604018691588785,0.59466118053439,0.577378954163977,1710,50,71
"Senate",1,312129,22538,66719,13501,6479,433,423806,0.736490280930426,0.0531799927325238,0.157428162885849,0.0318565570095751,0.01630934908897,"CVAP",24,0.308018985488523,0.676618763670489,"R",36.9,36.9,0.347275723590606,0.287690214029445,0.28107320206537,0.324586871426327,0.303105632951819,0.633272714245258,0.699413584065322,0.710650492872495,0.66084859580689,0.676551521742883,1749,3,37
"Senate",2,332670,24994,46540,11128,6320,356,424373,0.783909438159355,0.0588963011313161,0.109667674427921,0.0262222148911453,0.0157314438006188,"CVAP",24,0.234195465424382,0.751148120049776,"R",51.7,51.7,0.270489478562831,0.213146169692905,0.207364304020197,0.250198355757381,0.230998443558517,0.712548940938836,0.774766444689312,0.78614734345714,0.736117629184462,0.747839413467315,16763,1,40
"Senate",3,270721,26814,120396,7948,5307,276,431599,0.627251221620069,0.0621271133621718,0.27895338033684,0.0184152419259544,0.0129356184791902,"CVAP",24,0.46288581784927,0.523570121529466,"R",6.1,6.1,0.508870859664134,0.466128441727572,0.445990259515011,0.471362727132846,0.449263392224144,0.478830551632424,0.522669867591104,0.546961070435824,0.514523213361496,0.532236338371664,23325,27,14
"Senate",4,298336,40306,56999,23157,3217,451,424046,0.703546313371663,0.0950510086169897,0.134417020794914,0.0546096414068285,0.00865000495229291,"CVAP",24,0.360487120523035,0.6259937734885,"R",26.6,26.6,0.389835373630424,0.336294768927339,0.326352077363897,0.373226041034858,0.368786261613408,0.595058925606626,0.653063785915998,0.667232270773639,0.611439078065309,0.614344415873057,19070,10,31
"Senate",5,182447,34558,167412,14426,3247,251,402971,0.452754664727735,0.0857580322157178,0.415444287554191,0.0357991021686424,0.00868052539760926,"CVAP",24,0.565530526765612,0.418148584551424,"D",14.7,-14.7,0.602876442785565,0.546419529719563,0.532880570897003,0.574860494553493,0.571888889898834,0.380907560297787,0.440297293251677,0.455930472343111,0.408648446274803,0.407491569484716,19218,36,5
"Senate",6,306295,37488,60287,13097,4778,296,423037,0.724038322889014,0.0886163621621749,0.142509993215723,0.0309594669024222,0.0119942227275628,"CVAP",24,0.345461730150432,0.640580718666291,"R",29.5,29.5,0.376232537960954,0.325549450549451,0.316219584053785,0.35544924410498,0.351349470857135,0.609464642082429,0.663118131868132,0.67699931416207,0.630552445583114,0.629189482546287,22852,9,32
"Senate",7,370255,36015,36078,12282,3464,106,458581,0.807392805196901,0.0785357439579921,0.0786731242681228,0.0267826185559367,0.00778488424073392,"CVAP",24,0.329309581820777,0.658972059918326,"R",33,33,0.364963940330295,0.31574577266454,0.302278074466893,0.33595825087459,0.333318401218461,0.623564567897172,0.674522285846795,0.692310565037159,0.651603438357559,0.650734100097432,19047,7,34
"Senate",8,325991,61345,48682,8141,3262,210,448091,0.727510706530593,0.136902995150539,0.108643110439621,0.0181681845875057,0.00774842610094824,"CVAP",24,0.382071319681354,0.603967468147289,"R",22.2,22.2,0.419328523379984,0.3717209370992,0.351905523275906,0.383481836874572,0.391802393052943,0.568277711282439,0.617635660702917,0.641182894294258,0.603937101281173,0.586528072351835,19954,14,27
"Senate",9,307284,55654,61674,10528,3617,201,439849,0.69861247837326,0.1265297863585,0.140216301503471,0.0239354869512037,0.00868025163181001,"CVAP",24,0.371878705085009,0.615823958410853,"R",24.4,24.4,0.413515795398579,0.356031499366009,0.341252124079566,0.377259319586359,0.378319183055766,0.575297263069021,0.633738833646357,0.652364927579001,0.611092480683288,0.603732063395095,19069,13,28
"Senate",10,254878,84838,48231,18231,2284,170,409840,0.621896349795042,0.207002732773765,0.117682510247902,0.0444832129611556,0.00598770251805583,"CVAP",24,0.476222641897073,0.508601276181123,"R",3.2,3.2,0.514972846136972,0.465748783632445,0.446046684444946,0.483111911731592,0.480025228372216,0.470552848662913,0.523466247564912,0.546776158292533,0.499542827509502,0.49993762215661,12366,28,13
"Senate",11,399990,41621,22160,6808,3967,237,475700,0.840845070422535,0.087494219045617,0.046583981500946,0.0143115408871137,0.00883750262770654,"CVAP",24,0.295823600613257,0.692596200691038,"R",39.7,39.7,0.318558874257399,0.281568780977847,0.271401187009253,0.295524461075782,0.309577531217156,0.672172487322924,0.707639294129813,0.723692262321672,0.69490805574049,0.671347177864278,18056,2,39
"Senate",12,241390,105818,65788,8227,2802,273,424850,0.568177003648346,0.249071436977757,0.154849947040132,0.0193644815817347,0.00723784865246558,"CVAP",24,0.407677102379757,0.579257552649102,"R",17.2,17.2,0.448350921116103,0.383019906486091,0.372256338725552,0.416142660064639,0.417486512850118,0.539290455554802,0.604719246565814,0.620497678266278,0.571781414016672,0.564075408595943,16389,22,19
"Senate",13,291261,64621,41806,17928,2976,362,419648,0.694060260027452,0.153988580905902,0.0996215876162879,0.0427215189873418,0.00795428549641604,"CVAP",24,0.39289068937817,0.594123207617796,"R",20.1,20.1,0.429358228592604,0.37959707242962,0.361702321098999,0.401126014768976,0.397722968751517,0.560728091140583,0.611168981218244,0.632360829522415,0.585470262683615,0.582734185574486,22415,17,23
"Senate",14,224099,114458,33297,18917,2313,288,394081,0.568662280089626,0.290442827743535,0.0844927819407685,0.0480028217549184,0.00660016595572991,"CVAP",24,0.455422449663253,0.530017368411433,"R",7.5,7.5,0.512423417290674,0.448487994408355,0.438125804285077,0.455109359848543,0.450577798939238,0.473440690946222,0.537553449551846,0.554091535973012,0.528952269543936,0.531379887679477,23324,26,15
"Senate",15,125231,77250,135293,15885,2229,480,356976,0.35081069875846,0.216401102595132,0.378997467616871,0.0444987898346107,0.00758874546187979,"CVAP",24,0.602901228373848,0.381472023089938,"D",22.1,-22.1,0.657720005893837,0.598379433878135,0.572545552394864,0.60920083320632,0.600073079852605,0.330142373006225,0.39078860376082,0.417667409856231,0.37605547934766,0.376762665458962,23323,37,4
"Senate",16,173556,77967,127129,10648,2719,364,393370,0.441202938709103,0.198202709916872,0.323179195159773,0.0270686630907288,0.00783740498767064,"CVAP",24,0.624681237384158,0.358113525971257,"D",26.7,-26.7,0.677836915212054,0.628595481969973,0.615808320941057,0.619451631483191,0.616802813442621,0.306628998082938,0.356030387460162,0.373442074166939,0.362263322941332,0.361600585670533,1706,38,3
"Senate",17,185039,145438,40958,22687,2417,287,397959,0.464970009473338,0.365459758417324,0.10292015006571,0.0570083852859214,0.00679466980266811,"CVAP",24,0.542829197535445,0.439468625335232,"D",10.3,-10.3,0.592396010390943,0.544240680655628,0.521373144725894,0.545614964579613,0.537354700372419,0.392290176710176,0.442935746676385,0.470009223961659,0.436089486682105,0.437057807332043,19337,33,8
"Senate",18,347633,41072,29222,20306,3602,327,442352,0.785874145476905,0.0928491337215611,0.0660605128947083,0.0459046189459978,0.00888206677035483,"CVAP",24,0.445771113911149,0.539695271298856,"R",9.4,9.4,0.469014977927945,0.434597823029149,0.42876743062267,0.445247243715955,0.453607248587064,0.517557316141727,0.549042435783688,0.564579594090846,0.540666456933393,0.526398134027092,21025,24,17
"Senate",19,336605,48601,43122,12965,3033,295,446235,0.754322274138066,0.108913464878371,0.0966351810144879,0.0290541979002095,0.00745795376875413,"CVAP",24,0.388895637113517,0.59586687830635,"R",20.7,20.7,0.417269966397578,0.375196396773856,0.360187073192177,0.395036956528471,0.397001663997991,0.568173128631067,0.613386404106002,0.63330221029405,0.590421957782546,0.579746318796898,1678,15,26
"Senate",20,300253,61374,47027,11575,2497,192,423939,0.70824576177233,0.144770827878539,0.110928694930167,0.0273034563934906,0.00634289367102343,"CVAP",24,0.392992915876618,0.59474726566528,"R",20.2,20.2,0.433500996291581,0.374048620556101,0.364094306866123,0.399130923810333,0.398932718918418,0.554394752864338,0.61448979040379,0.630072232366937,0.588388775903898,0.584425773646367,17676,16,25
"Senate",21,350912,44665,22892,10039,2497,245,431532,0.813177238304459,0.10350333231371,0.0530482096345115,0.0232636281897982,0.00635410583687884,"CVAP",24,0.392301248381735,0.59364715065295,"R",20.1,20.1,0.421922251802838,0.379347422588036,0.368613899728917,0.392583597668247,0.402254738987967,0.564989402672594,0.606682795492463,0.625381410570126,0.594129578488128,0.577215917253268,1664,18,24
"Senate",22,385693,36882,19496,9818,2612,205,455196,0.847311927169835,0.0810244378245855,0.0428299018444802,0.0215687308324326,0.00618854295731948,"CVAP",24,0.403524573829498,0.586470612439021,"R",18.3,18.3,0.441398745105669,0.395091466878764,0.385067573953313,0.40436727020287,0.405172855931769,0.548694034387996,0.595799719728819,0.610732444948493,0.584105257826257,0.582143902299215,18057,21,20
"Senate",23,260730,87502,50771,18649,3007,364,422672,0.616861301434682,0.207021047053034,0.120119146761555,0.0441216830071545,0.00797545141386229,"CVAP",24,0.398769164218833,0.584405884126431,"R",18.6,18.6,0.436247169715778,0.377665589660743,0.367674629573632,0.403561538700878,0.409248335853969,0.550232571598053,0.608536954765751,0.624669892147969,0.578941909789564,0.566374600411957,16595,20,21
"Senate",24,160974,88564,93325,8863,1967,195,354208,0.454461785165778,0.250033878399133,0.263475133255037,0.0250220209594363,0.00610375824374379,"CVAP",24,0.549133313473382,0.438325350538416,"D",11.1,-11.1,0.616190031775659,0.542103234647558,0.525887189278921,0.543764896558299,0.549990266692622,0.374201719885341,0.445841779198904,0.466916977179946,0.442620840880923,0.433837843099085,1622,34,7
"Senate",25,120920,189097,41117,15296,1709,390,370016,0.326796679062527,0.511050873475742,0.111122221741763,0.0413387529187927,0.00567272766583067,"CVAP",24,0.508754411907094,0.475545204397068,"D",3.3,-3.3,0.585451114113534,0.512488293377185,0.487388456181978,0.506218474114202,0.498724125624554,0.402800832100195,0.474031576541034,0.50250167638108,0.479303214817221,0.478568879371877,21780,30,11
"Senate",26,280856,58538,63551,12244,2008,102,418456,0.671172118454509,0.139890454432485,0.15187020857629,0.0292599460875217,0.00504234614869903,"CVAP",24,0.52908701117787,0.461638799009382,"D",6.7,-6.7,0.580985080937038,0.52936076576081,0.516651582119979,0.52281068524971,0.526263015030588,0.41188208239115,0.461331279568709,0.479170144899519,0.46580056412809,0.462477548650218,12363,31,10
"Senate",27,323894,64611,37907,7252,3091,179,437860,0.739720458594071,0.14756086420317,0.086573333942356,0.0165623715342804,0.00746814050153017,"CVAP",24,0.311352822724852,0.677512354068585,"R",36.6,36.6,0.356219513518009,0.291274181861495,0.283207747071579,0.320346787038261,0.312859558870357,0.633326945259024,0.698239153523182,0.711989939896825,0.669422091155053,0.670437096214946,12360,5,36
"Senate",28,284874,85757,30414,6860,2057,200,410754,0.693539198644444,0.208779464107471,0.0740443184972027,0.0167009937821665,0.00549477302716468,"CVAP",24,0.317582992700517,0.67434007669557,"R",35.7,35.7,0.384403314096503,0.29159860471028,0.285657203834022,0.337533289912943,0.305304576930505,0.607510696184876,0.701782713283026,0.711122706567572,0.651561599552611,0.685725715231605,12387,6,35
"Senate",29,303789,62069,58246,7123,3993,83,435605,0.69739557626749,0.14248918171279,0.133712882083539,0.0163519702482754,0.00935710104337645,"CVAP",24,0.364392424882451,0.625026798638672,"R",26.1,26.1,0.404659917836261,0.338673353520061,0.325206170472043,0.369714634784885,0.38034491072315,0.586401620840987,0.651443035579107,0.669045617283368,0.620151845710795,0.604625519422501,19064,11,30
"Senate",30,189200,82022,79933,14470,1554,80,368890,0.512890021415598,0.222348125457453,0.216685190707257,0.0392257854645016,0.00442950473040744,"CVAP",24,0.544827518388749,0.444192783110314,"D",10.1,-10.1,0.603046834172366,0.544066503166124,0.525206686098942,0.535794883388574,0.547787941395131,0.389230809719491,0.446671055161044,0.468626184699702,0.45125815997384,0.438333038967227,19940,32,9
"Senate",31,307700,63661,44612,10994,2094,292,430330,0.715032649362117,0.147935305463249,0.103669277066437,0.0255478353821486,0.00554458206492692,"CVAP",24,0.39997963965502,0.589910234235553,"R",19,19,0.441765014058485,0.380745983449927,0.367311086449985,0.403968741146473,0.410252334234134,0.549762695261035,0.610712440438602,0.628471042059959,0.584745962791576,0.575815744720417,12379,19,22
"Senate",32,104138,79227,165521,12446,2002,260,364505,0.285697041192851,0.217355043140698,0.45409802334673,0.0341449362834529,0.00620567619099875,"CVAP",24,0.702907362421691,0.28593363231676,"D",41.7,-41.7,0.749486970999342,0.710795425274329,0.692784924991794,0.689654140737195,0.704752985249356,0.242800170364347,0.279409870691876,0.299498658154367,0.298476714764412,0.280899607169802,23121,39,2
"Senate",33,332693,60671,26937,7557,2225,145,430927,0.772040275963214,0.140791827850193,0.0625094273508042,0.0175366129298002,0.00549977142300204,"CVAP",24,0.337592232093864,0.653058051548389,"R",31.5,31.5,0.39880126892397,0.319090363874114,0.309639989995635,0.353316434603327,0.326267134779769,0.593743291637846,0.672439559143062,0.686157196031602,0.635658203180162,0.661702887699763,23321,8,33
"Senate",34,41932,111477,172262,5469,1130,59,332569,0.126085113164486,0.335199612711948,0.517973713725573,0.01644470771479,0.00357519792885086,"CVAP",24,0.712809316603065,0.274746541762627,"D",43.8,-43.8,0.778945821102286,0.742296784883536,0.726071820306166,0.688620667006856,0.696281639470641,0.213361425765155,0.245323901475321,0.262959607038962,0.299577121088875,0.288043171013748,16026,40,1
"Senate",35,112294,152915,78233,19960,1797,77,366919,0.306045748516703,0.416754106492169,0.213215995901003,0.0543989272836784,0.00510739427503073,"CVAP",24,0.550895853379949,0.43811698569874,"D",11.3,-11.3,0.613899120205439,0.552134034346588,0.536372292584435,0.538192121673472,0.551868143019394,0.378261935121811,0.438757002479567,0.4574843979442,0.448401805417791,0.43465890241475,25389,35,6
"Senate",36,54473,236019,17085,6551,886,101,315708,0.172542349259442,0.74758637728534,0.0541164620472082,0.0207501868815488,0.00312630658709947,"CVAP",24,0.420404307608974,0.568403428752952,"R",14.8,14.8,0.495516083562407,0.409245181601781,0.404440658193651,0.414508320726172,0.415625177453243,0.496897551289916,0.580465330568993,0.587907533615767,0.573615733736762,0.570003045742929,21775,23,18
"Senate",37,195416,103551,54989,8702,1607,584,365822,0.534183291327476,0.283063894462334,0.150316274034913,0.0237875250805036,0.00598925160323873,"CVAP",24,0.503241499673047,0.48642769464144,"D",1.7,-1.7,0.561878550802119,0.508945407717426,0.492697690712887,0.488037120383009,0.504028098545374,0.430757240906746,0.48182173573104,0.50096196366936,0.500608698860073,0.482649315285893,20632,29,12
"Senate",38,74577,223888,45837,8324,951,114,355297,0.209900449483108,0.630143232281725,0.129010377233695,0.0234282867572763,0.00299749223888747,"CVAP",24,0.457030549433163,0.533309847744553,"R",7.6,7.6,0.5327147365792,0.457438680912688,0.447845979408463,0.444178483455207,0.450641555885731,0.459580555072014,0.534163084256018,0.545670022619923,0.544878016713006,0.537793580912879,23320,25,16
"Senate",39,17022,269242,13227,2769,512,124,303418,0.0561008246050004,0.887363307384532,0.0435933266978228,0.0091260241646837,0.00209611822634122,"CVAP",24,0.311100254326769,0.680255535612566,"R",36.9,36.9,0.403101837198426,0.290650921294244,0.289766033319892,0.305415073393364,0.307157499318381,0.590950534058324,0.700998860254543,0.703694918202592,0.686897742691501,0.680840965777701,17173,4,38
"Senate",40,79544,239789,25335,5973,1160,201,352633,0.225571628293438,0.679995916434367,0.0718452328624944,0.0169382899501748,0.00385953668544918,"CVAP",24,0.367635422961015,0.623010043941566,"R",25.5,25.5,0.445476691527458,0.353974053546962,0.345686321671076,0.359505244441544,0.369005035956314,0.546903192946853,0.637138483947021,0.647727062480342,0.631143663442246,0.619057882411456,20905,12,29
