"people_id","person_hash","state_id","party","legislator_name","first_name","middle_name","last_name","suffix","nickname","ftm_eid","votesmart_id","opensecrets_id","knowwho_pid","ballotpedia","bioguide_id","district_number","chamber","session_id","termination_date","member_id","leg_party_loyalty","leg_party_independence","leg_n_votes_denom_loyalty","leg_n_votes_party_line_partisan","leg_n_votes_party_line_bipartisan","leg_n_votes_cross_party","leg_n_votes_absent_nv","leg_n_votes_independent","leg_n_votes_other","leg_n_votes_missing","setting_party_loyalty","rank_independent_all","rank_independent_R","rank_independent_D","rank_partisan_leg_R","rank_partisan_leg_D"
1749,"ljqrakg6",9,"R","Don Gaetz","Don","","Gaetz","","",333757,67756,"",249063,"http://ballotpedia.org/Don_Gaetz","",1,"Senate",2212,NA,1,0.91358024691358,0.041816009557945,81,74,660,7,61,35,0,1,"partisan_cross",1,1,NA,27,NA
16763,"un7eu4cm",9,"R","Jay Trumbull","Jay","","Trumbull","","",25005017,149501,"",484526,"http://ballotpedia.org/Jay_Trumbull","",2,"Senate",2212,NA,2,0.984682713347921,0.00121543603767852,457,450,2632,7,198,4,0,4,"partisan_cross",30,19,NA,12,NA
23325,"5ozxwl83",9,"R","Corey Simon","Corey","","Simon","","",55866636,209207,"",0,"http://ballotpedia.org/Corey_Simon","",3,"Senate",2212,NA,3,0.960714285714286,0,280,269,2240,11,66,0,0,7,"partisan_cross",38,27,NA,18,NA
19070,"wu9jigw3",9,"R","Clay Yarborough","Clay","","Yarborough","","",40769504,172816,"",571636,"http://ballotpedia.org/Clay_Yarborough","",4,"Senate",2212,NA,4,0.98443579766537,0.00991011753860336,514,506,3415,8,367,43,0,4,"partisan_cross",9,3,NA,13,NA
19218,"qkwsblm5",9,"D","Tracie Davis","Tracie","","Davis","","",41612514,172818,"",588925,"http://ballotpedia.org/Tracie_Davis","",5,"Senate",2212,NA,5,0.959810874704492,0.0270119743803954,423,406,2848,17,200,97,23,0,"partisan_cross",4,NA,3,NA,4
22852,"mbdmyqln",9,"R","Jennifer Bradley","Jennifer","E.","Bradley","","",15935119,194419,"",739824,"http://ballotpedia.org/Jennifer_Bradley","",6,"Senate",2212,NA,6,0.9236276849642,0.00232761128891475,419,387,2969,32,40,8,1,5,"partisan_cross",22,11,NA,26,NA
19047,"hnpdabk8",9,"R","Tom Leek","Thomas","J.","Leek","","Tom",42540514,172855,"",571685,"http://ballotpedia.org/Tom_Leek","",7,"Senate",2212,NA,7,0.993939393939394,0.00174398325776073,495,492,2227,3,140,5,0,0,"partisan_cross",24,13,NA,8,NA
19954,"kchfqjr0",9,"R","Tommy Wright","Tommy","A.","Wright","","",46608083,185832,"",686432,"http://ballotpedia.org/Tom_Wright","",8,"Senate",2212,NA,8,0.977040816326531,0.000878220140515222,392,383,3000,9,21,3,0,2,"partisan_cross",32,21,NA,16,NA
19069,"w19mozra",9,"R","Stan McClain","Stan","","McClain","","",41676728,81346,"",571677,"http://ballotpedia.org/Stan_McClain","",9,"Senate",2212,NA,9,0.998181818181818,0.00122361578464362,550,549,2634,1,81,4,0,0,"partisan_cross",29,18,NA,1,NA
12366,"ix4l0t68",9,"R","Jason Brodeur","Jason","T.","Brodeur","","",67542,117042,"",289456,"http://ballotpedia.org/Jason_Brodeur","",10,"Senate",2212,NA,10,0.978260869565217,0.00132310134956338,414,405,3153,9,206,5,1,8,"partisan_cross",28,17,NA,15,NA
17099,"i7iok1n3",9,"R","Blaise Ingoglia","Blaise","","Ingoglia","","",68334,149443,"",484625,"http://ballotpedia.org/Blaise_Ingoglia","",11,"Senate",2212,NA,11,0.981220657276995,0.00784436774395984,426,418,2555,8,180,25,1,3,"partisan_cross",10,4,NA,14,NA
16389,"dtxflghv",9,"R","Colleen Burton","Colleen","","Burton","","",24949083,149396,"",484631,"http://ballotpedia.org/Colleen_Burton_(Florida)","",12,"Senate",2212,NA,12,0.996168582375479,0.00183294056035611,522,520,3235,2,55,7,0,5,"partisan_cross",23,12,NA,4,NA
22415,"yw2fxy0m",9,"R","Keith Truenow","Keith","","Truenow","","",49845600,194608,"",739988,"http://ballotpedia.org/Keith_Truenow","",13,"Senate",2212,NA,13,0.991452991452991,0.00282885431400283,585,580,2790,5,149,10,1,0,"partisan_cross",20,9,NA,10,NA
23324,"7sbfgcvb",9,"R","Jay Collins","Jay","","Collins","","",55866465,209220,"",0,"http://ballotpedia.org/Jay_Collins","",14,"Senate",2212,NA,14,0.985849056603774,0.0010136847440446,212,209,1636,3,123,2,0,1,"partisan_cross",31,20,NA,11,NA
1720,"1v0rsbj5",9,"D","Geraldine Thompson","Geraldine","F.","Thompson","","Geri",22592,30749,"",248524,"http://ballotpedia.org/Geraldine_Thompson","",15,"Senate",2212,NA,NA,0.975,0.0173206079886886,400,390,2272,10,91,49,17,2,"partisan_cross",5,NA,4,NA,3
1706,"sk3rdyfd",9,"D","Darryl Rouson","Darryl","Ervin","Rouson","","",157259,104952,"",264391,"http://ballotpedia.org/Darryl_Rouson","",16,"Senate",2212,NA,16,0.851851851851852,0.00497642744892614,405,345,3270,60,106,19,18,4,"partisan_cross",16,NA,11,NA,9
19337,"fa7mchib",9,"D","Carlos Smith","Carlos","Guillermo","Smith","","",11029300,172901,"",571758,"http://ballotpedia.org/Carlos_Guillermo_Smith","",17,"Senate",2212,NA,17,0.983766233766234,0.0376518218623482,308,303,1829,5,235,93,5,0,"partisan_cross",3,NA,2,NA,1
21025,"m8fyzly3",9,"R","Nick DiCeglie","Nicola","G.","DiCeglie","","Nick",336255,184438,"",652515,"http://ballotpedia.org/Nick_DiCeglie","",18,"Senate",2212,NA,18,0.992619926199262,0.000742942050520059,542,538,3379,4,114,3,0,6,"partisan_cross",34,23,NA,9,NA
19017,"dqhi1i1d",9,"R","Randy Fine","Randy","","Fine","","",41676813,172909,"",571780,"http://ballotpedia.org/Randy_Fine","",19,"Senate",2212,NA,NA,0.973154362416107,0.00757575757575758,447,435,1975,12,329,21,0,3,"partisan_cross",11,5,NA,17,NA
17676,"sjgd77kv",9,"R","Jim Boyd","Jim","","Boyd","","",12998814,117037,"",293429,"http://ballotpedia.org/Jim_Boyd","",20,"Senate",2212,NA,20,0.995614035087719,0.00154639175257732,456,454,3319,2,99,6,0,6,"partisan_cross",26,15,NA,5,NA
1664,"1ukjmsyb",9,"R","Ed Hooper","Ed","","Hooper","","",1287627,53831,"",248530,"http://ballotpedia.org/Ed_Hooper","",21,"Senate",2212,NA,21,0.95,0.00341655716162943,420,399,3246,21,123,13,3,8,"partisan_cross",18,7,NA,23,NA
18057,"gx1kxrc2",9,"R","Joe Gruters","Joe","","Gruters","","",12998816,17342,"",406446,"http://ballotpedia.org/Joe_Gruters","",22,"Senate",2212,NA,22,0.9559902200489,0.00268456375838926,409,391,3055,18,250,10,1,7,"partisan_cross",21,10,NA,19,NA
16595,"feomdl8z",9,"R","Daniel Burgess","Daniel","Wright","Burgess","Jr.","Danny",25004958,149394,"",484629,"http://ballotpedia.org/Daniel_Burgess","",23,"Senate",2212,NA,23,0.997416020671835,0.000294724432655467,387,386,2869,1,136,1,0,6,"partisan_cross",35,24,NA,3,NA
1622,"n2su1c2m",9,"D","Mackenson Bernard","Mackenson","","Bernard","","Mack",6509133,112529,"",280956,"http://ballotpedia.org/Mack_Bernard","",24,"Senate",2212,NA,24,0.75,0,52,39,591,13,5,0,4,1,"partisan_cross",40,NA,12,NA,12
21780,"hf4qqey7",9,"D","Kristen Arrington","Kristen","","Arrington","","",28148917,194624,"",744698,"http://ballotpedia.org/Kristen_Arrington","",25,"Senate",2212,NA,25,0.904847396768402,0.00750517598343685,557,504,3143,53,117,29,18,0,"partisan_cross",12,NA,7,NA,8
12363,"z9j4lnrg",9,"D","Lori Berman","Lori","B.","Berman","","",28610,117031,"",291114,"http://ballotpedia.org/Lori_Berman","",26,"Senate",2212,NA,26,0.975124378109453,0.0377358490566038,402,392,2802,10,43,128,17,5,"partisan_cross",2,NA,1,NA,2
12360,"78xpo0kc",9,"R","Ben Albritton","Ben","","Albritton","","",12998756,117015,"",291098,"http://ballotpedia.org/Ben_Albritton","",27,"Senate",2212,NA,27,0.995316159250585,0,427,425,3035,2,248,0,1,1,"partisan_cross",36,25,NA,6,NA
12387,"0yi34b0r",9,"R","Kathleen Passidomo","Kathleen","C.","Passidomo","","",70284,124279,"",308804,"http://ballotpedia.org/Kathleen_Passidomo","",28,"Senate",2212,NA,28,0.997641509433962,0.00148898153662895,424,423,2867,1,62,5,0,2,"partisan_cross",27,16,NA,2,NA
19064,"i67rpplo",9,"R","Erin Grall","Erin","K.","Grall","","",61683,117112,"",289453,"http://ballotpedia.org/Erin_Grall","",29,"Senate",2212,NA,29,0.938073394495413,0.0106666666666667,436,409,2242,27,288,32,2,2,"partisan_cross",7,2,NA,25,NA
19940,"eq7666uu",9,"D","Tina Polsky","Tina","","Polsky","","",15916244,184461,"",652562,"http://ballotpedia.org/Tina_Polsky","",30,"Senate",2212,NA,30,0.939320388349515,0.0074673304293715,412,387,2672,25,90,24,16,2,"partisan_cross",13,NA,8,NA,5
12379,"s5v8rbs6",9,"R","Gayle Harrell","Gayle","B.","Harrell","","",54371,53962,"",205899,"http://ballotpedia.org/Gayle_Harrell","",31,"Senate",2212,NA,31,0.954285714285714,0.00160051216389245,350,334,2728,16,41,5,0,3,"partisan_cross",25,14,NA,20,NA
23121,"wugdfhmi",9,"D","Rosalind Osgood","Rosalind","","Osgood","","",745520,200762,"",776914,"http://ballotpedia.org/Rosalind_Osgood","",32,"Senate",2212,NA,32,0.926282051282051,0.0125962211336599,312,289,2416,23,84,36,10,8,"partisan_cross",6,NA,5,NA,7
23321,"he2w9d7z",9,"R","Jonathan Martin","Jonathan","","Martin","","",45927469,138146,"",0,"http://ballotpedia.org/Jonathan_Martin_(Florida)","",33,"Senate",2212,NA,33,0.951541850220264,0.00323475046210721,227,216,1852,11,78,7,0,2,"partisan_cross",19,8,NA,22,NA
16026,"499cim6s",9,"D","Shevrin Jones","Shevrin","D.","Jones","","Shev",13889121,142186,"",425634,"http://ballotpedia.org/Shevrin_Jones","",34,"Senate",2212,NA,34,0.937837837837838,0.00735294117647059,370,347,2711,23,549,27,15,12,"partisan_cross",14,NA,9,NA,6
25389,"atswbq9t",9,"D","Barbara Sharief","Barbara","","Sharief","","",45470601,112566,"",0,"http://ballotpedia.org/Barbara_Sharief","",35,"Senate",2212,NA,35,0.846153846153846,0.00628930817610063,52,44,509,8,67,4,4,0,"partisan_cross",15,NA,10,NA,10
21775,"leb4b3n8",9,"R","Ileana Garcia","Ileana","","Garcia","","",50171409,194449,"",242995,"http://ballotpedia.org/Ileana_Garcia","",36,"Senate",2212,NA,36,0.893764434180139,0.00382958353279081,433,387,3332,46,396,16,1,6,"partisan_cross",17,6,NA,28,NA
20632,"bhk55hrk",9,"D","Jason Pizzo","Jason","W.B.","Pizzo","","",15941899,172750,"",588895,"http://ballotpedia.org/Jason_Pizzo","",37,"Senate",2212,NA,37,0.789915966386555,0.0106536135905557,357,282,2912,75,153,37,14,1,"partisan_cross",8,NA,6,NA,11
23320,"o8r9wc7r",9,"R","Alexis Calatayud","Alexis","Maria","Calatayud","","",53501685,209251,"",0,"http://ballotpedia.org/Alexis_Calatayud","",38,"Senate",2212,NA,38,0.938271604938272,0,243,228,1840,15,75,0,0,5,"partisan_cross",39,28,NA,24,NA
17173,"7369ytue",9,"R","Bryan Avila","Bryan","","Avila","","",15696405,138077,"",388830,"http://ballotpedia.org/Bryan_Avila","",39,"Senate",2212,NA,39,0.995085995085995,0,407,405,2881,2,226,0,0,3,"partisan_cross",37,26,NA,7,NA
20905,"ae5mf9fp",9,"R","Ana Rodriguez","Ana","Maria","Rodriguez","","",45388189,184489,"",652597,"http://ballotpedia.org/Ana_Maria_Rodriguez","",40,"Senate",2212,NA,40,0.952941176470588,0.000810591731964334,425,405,3193,20,80,3,0,8,"partisan_cross",33,22,NA,21,NA
1631,"6jt36wuf",9,"D","James Bush","James","","Bush","III","",6415847,24232,"",193620,"http://ballotpedia.org/James_Bush_(Florida)","",109,"House",1980,NA,NA,0.485549132947977,0.00291545189504373,173,84,1047,89,145,4,3,0,"partisan_cross",88,NA,51,NA,55
1642,"x3iw5rl5",9,"R","Brad Drake","Brad","","Drake","","",892175,107626,"",216940,"http://ballotpedia.org/Brad_Drake","",5,"House",1980,NA,NA,0.967479674796748,0.00249376558603491,246,238,1201,8,153,4,0,0,"partisan_cross",94,42,NA,103,NA
1668,"tbhzpugl",9,"D","Evan Jenne","Evan","Boyd","Jenne","","",6467573,68166,"",249073,"http://ballotpedia.org/Evan_Jenne","",99,"House",1980,NA,NA,0.984126984126984,0.0199556541019956,189,186,673,3,22,18,0,0,"partisan_cross",13,NA,12,NA,2
1678,"grc5uk91",9,"R","Debbie Mayfield","Debbie","","Mayfield","","",68943,107965,"",269005,"http://ballotpedia.org/Debbie_Mayfield","",32,"House",2212,NA,4456,0.986964618249534,0,537,530,3404,7,165,0,0,7,"partisan_cross",158,103,NA,74,NA
1688,"auoofu4j",9,"R","Scott Plakon","Scott","","Plakon","","",740530,107739,"",268963,"http://ballotpedia.org/Scott_Plakon","",36,"House",2042,NA,4871,0.996138996138996,0.00494743351886209,259,258,1182,1,167,8,1,0,"partisan_cross",62,19,NA,39,NA
1714,"4sermeti",9,"D","Kelly Skidmore","Kelly","","Skidmore","","",30956,68159,"",200983,"http://ballotpedia.org/Kelly_Skidmore","",92,"House",2212,NA,4786,0.894,0.0105348460291734,500,447,2915,53,241,39,7,0,"partisan_cross",29,NA,26,NA,32
1735,"unj03eso",9,"R","Thad Altman","Thad","","Altman","","",12998606,53847,"",214563,"http://ballotpedia.org/Thad_Altman","",32,"House",2105,NA,NA,0.982721382289417,0.000961538461538461,463,455,2329,8,325,3,0,0,"partisan_cross",131,77,NA,82,NA
15947,"lxcwwsqv",9,"D","Bruce Antone","Bruce","","Antone","","",1532328,53877,"",200765,"http://ballotpedia.org/Bruce_Antone","",41,"House",2212,NA,4269,0.897233201581028,0.00895208004212743,253,227,1394,26,227,17,8,0,"partisan_cross",33,NA,29,NA,31
16348,"8eu96xt7",9,"R","Chris Latvala","Chris","","Latvala","","",25004984,149454,"",251117,"http://ballotpedia.org/Christopher_Latvala","",67,"House",1980,NA,NA,0.995670995670996,0.00427350427350427,231,230,896,1,38,5,0,0,"partisan_cross",67,23,NA,41,NA
16379,"9cajgzji",9,"R","Rene Plasencia","Rene","","Plasencia","","Coach P",11029368,138170,"",396590,"http://ballotpedia.org/Rene_Plasencia",NA,50,"House",1917,NA,NA,0.938271604938272,0.0010911074740862,162,152,998,10,671,2,0,0,"partisan_cross",128,74,NA,117,NA
16444,"b1fhsadq",9,"R","Chris Sprowls","Chris","","Sprowls","","",25005008,149746,"",396592,"http://ballotpedia.org/Chris_Sprowls","",65,"House",1980,NA,NA,1,0,187,187,662,0,1,0,0,0,"partisan_cross",166,111,NA,11,NA
17177,"a2spgkpy",9,"D","Bobby Dubose","Bobby","","Dubose","","",25004868,112537,"",484721,"http://ballotpedia.org/Bobby_DuBose",NA,94,"House",1917,NA,NA,0.955555555555556,0.0105042016806723,90,86,286,4,95,5,0,0,"partisan_cross",30,NA,27,NA,17
17178,"jnw6rtac",9,"D","Joseph Geller","Joseph","S.","Geller","","Joe",172251,53856,"",484730,"http://ballotpedia.org/Joseph_S._Geller","",100,"House",1980,NA,NA,0.926108374384236,0.0202391904323827,203,188,818,15,41,22,3,0,"partisan_cross",11,NA,10,NA,24
17686,"dkqf03rv",9,"R","Paul Renner","Paul","","Renner","","",92577,149478,"",484610,"http://ballotpedia.org/Paul_M._Renner","",19,"House",2105,NA,NA,0.997319034852547,0,373,372,1433,1,39,0,0,0,"partisan_cross",161,106,NA,32,NA
17687,"5r7az9zc",9,"R","Cyndi Stevenson","Cyndi","","Stevenson","","",372950,81663,"",533046,"http://ballotpedia.org/Cyndi_Stevenson","",18,"House",2105,NA,NA,0.95771144278607,0.00382577987051207,402,385,2392,17,591,13,0,0,"partisan_cross",75,29,NA,109,NA
18004,"6wly4vjy",9,"R","Jason Fischer","Jason","","Fischer","","",65262,172837,"",571647,"http://ballotpedia.org/Jason_Fischer","",16,"House",1980,NA,NA,0.991031390134529,0.0050035739814153,223,221,932,2,237,7,0,0,"partisan_cross",61,18,NA,62,NA
18024,"xa8ucve7",9,"D","Nicholas Duran","Nicholas","Xavier","Duran","","Nick",40752172,172827,"",578968,"http://ballotpedia.org/Nick_Duran","",112,"House",1980,NA,NA,0.720238095238095,0.00125156445556946,168,121,1214,47,214,2,0,0,"partisan_cross",126,NA,54,NA,50
18056,"fntrab6z",9,"R","Ralph Massullo","Ralph","","Massullo","","",433409,172870,"",571718,"http://ballotpedia.org/Ralph_Massullo_Jr.","",23,"House",2105,NA,NA,0.997716894977169,0.00199680511182109,438,437,2006,1,55,5,0,0,"partisan_cross",110,57,NA,30,NA
18108,"5py0qhgo",9,"D","Matt Willhite","Matt","","Willhite","","",12569393,72684,"",571820,"http://ballotpedia.org/Matt_Willhite","",86,"House",1980,NA,NA,0.704225352112676,0.0052199850857569,213,150,1066,63,52,7,3,0,"partisan_cross",59,NA,43,NA,51
18244,"l9elbvmd",9,"R","Amber Mariano","Amber","","Mariano","","",40759425,172899,"",575817,"http://ballotpedia.org/Amber_Mariano","",36,"House",1980,NA,NA,0.991228070175439,0.00237154150197628,228,226,962,2,72,3,0,0,"partisan_cross",97,45,NA,61,NA
18438,"09opclpx",9,"R","Cord Byrd","Cord","","Byrd","","",11029301,138091,"",425535,"http://ballotpedia.org/Cord_Byrd","",11,"House",1976,NA,NA,0.991735537190083,0.00431654676258993,242,240,1076,2,66,6,0,0,"partisan_cross",66,22,NA,58,NA
18621,"bn2vqkh1",9,"R","Michael Grant","Michael","L.","Grant","","",838003,31276,"",227020,"http://ballotpedia.org/Michael_Grant","",75,"House",2105,NA,NA,0.99746835443038,0.000424088210347752,395,394,1782,1,180,1,0,0,"partisan_cross",153,98,NA,31,NA
18627,"923wu1oz",9,"D","Kamia Brown","Kamia","L.","Brown","","",40749081,172885,"",233207,"http://ballotpedia.org/Kamia_Brown","",45,"House",1980,NA,NA,0.952830188679245,0.015661252900232,212,202,1401,10,77,27,7,0,"partisan_cross",22,NA,21,NA,18
18668,"e18yj1xp",9,"R","Sam Killebrew","Sam","H.","Killebrew","","",75473,172881,"",571735,"http://ballotpedia.org/Sam_Killebrew","",48,"House",2105,NA,NA,0.928240740740741,0.00677560781187724,432,401,1957,31,103,17,0,0,"partisan_cross",46,9,NA,120,NA
18797,"jpk7p8yq",9,"D","David Silvers","David","","Silvers","","",24859134,149488,"",484716,"http://ballotpedia.org/David_Silvers","",89,"House",2105,NA,NA,0.785185185185185,0.00228907782864617,405,318,2404,87,232,7,10,0,"partisan_cross",102,NA,53,NA,45
18798,"3pf24own",9,"R","Jayer Williamson","Jayer","","Williamson","","",11029291,138211,"",396581,"http://ballotpedia.org/Jayer_Williamson","",3,"House",1980,NA,NA,0.994949494949495,0.0037243947858473,198,197,1347,1,60,6,0,0,"partisan_cross",77,31,NA,45,NA
18934,"0ati17l0",9,"R","Bobby Payne","Bobby","","Payne","","",41676705,172843,"",571664,"http://ballotpedia.org/Bobby_Payne_(Florida)","",20,"House",2105,NA,NA,1,0.000815328169588259,459,459,1960,0,32,2,0,0,"partisan_cross",135,81,NA,2,NA
18944,"b3wi7sej",9,"R","Bob Rommel","Bob","","Rommel","","",41676883,172794,"",571836,"http://ballotpedia.org/Bob_Rommel","",81,"House",2105,NA,NA,0.995381062355658,0.00236646382691007,433,431,2347,2,170,7,1,0,"partisan_cross",98,46,NA,43,NA
18984,"9iimpxhl",9,"D","Ramon Alexander","Ramon","","Alexander","","",25901274,172786,"",484531,"http://ballotpedia.org/Ramon_Alexander","",8,"House",1980,NA,NA,0.930612244897959,0.00740740740740741,245,228,908,17,49,9,4,0,"partisan_cross",39,NA,34,NA,23
18985,"5xk96af0",9,"D","Patricia Hawkins-Williams","Patricia","","Hawkins-Williams","","",41676862,172765,"",571826,"http://ballotpedia.org/Patricia_Hawkins-Williams","",98,"House",2105,NA,NA,0.967058823529412,0.0203045685279188,425,411,1965,14,113,52,6,0,"partisan_cross",10,NA,9,NA,16
19037,"bbztrlc7",9,"R","Chuck Clemons","Charles","Wesley","Clemons","Sr.","Chuck",41676711,172848,"",571673,"http://ballotpedia.org/Chuck_Clemons","",22,"House",2105,NA,NA,0.987623762376238,0.00205690778196778,404,399,2350,5,157,6,0,0,"partisan_cross",105,52,NA,73,NA
19040,"tel60gti",9,"D","Kimberly Daniels","Kimberly","","Daniels","","",40751169,172823,"",571637,"http://ballotpedia.org/Kimberly_Daniels","",14,"House",2212,NA,4652,0.526315789473684,0.00253936008125952,190,100,1220,90,538,5,16,0,"partisan_cross",92,NA,52,NA,52
19068,"1lo03jw5",9,"R","Rick Roth","Rick","","Roth","","",41676849,172666,"",564090,"http://ballotpedia.org/Rick_Roth","",94,"House",2105,NA,NA,0.985971943887776,0.00252383623107123,499,492,2795,7,263,9,0,0,"partisan_cross",93,41,NA,77,NA
19100,"ebduglud",9,"D","Ben Diamond","Ben","","Diamond","","",25060259,172935,"",581787,"http://ballotpedia.org/Ben_Diamond","",68,"House",1980,NA,NA,0.969811320754717,0.0248254460822343,265,257,944,8,43,32,5,0,"partisan_cross",7,NA,6,NA,12
19123,"nwuc40mq",9,"R","Jackie Toledo","Jackie","","Toledo","","",1100948,172924,"",571807,"http://ballotpedia.org/Jackie_Toledo","",60,"House",1980,NA,NA,0.974789915966387,0,238,232,1139,6,108,0,2,0,"partisan_cross",165,110,NA,95,NA
19426,"1n26wu92",9,"R","Daniel Perez","Daniel","","Perez","","",43850320,176476,"",638466,"http://ballotpedia.org/Daniel_Anthony_Perez","",116,"House",2212,NA,4690,0.997885835095137,0.000406173842404549,473,472,1886,1,102,1,0,0,"partisan_cross",154,99,NA,29,NA
19490,"0xmf4ufu",9,"R","Lawrence McClure","Lawrence","","McClure","","",43967912,176697,"",649162,"http://ballotpedia.org/Lawrence_McClure","",68,"House",2212,NA,4686,0.994197292069632,0.00055663790704147,517,514,2641,3,433,2,0,0,"partisan_cross",142,88,NA,50,NA
19698,"tvftvkha",9,"R","Tyler Sirois","Tyler","","Sirois","","",45388091,117237,"",293159,"http://ballotpedia.org/Tyler_Sirois","",31,"House",2212,NA,4748,0.97985347985348,0.00328137817883511,546,535,2777,11,322,12,0,0,"partisan_cross",83,34,NA,89,NA
19701,"7b7vdjb1",9,"D","Anna Eskamani","Anna","V.","Eskamani","","",45388083,184399,"",652465,"http://ballotpedia.org/Anna_Eskamani","",42,"House",2212,NA,4746,0.97822445561139,0.043223217042297,597,584,2463,13,17,140,22,0,"partisan_cross",2,NA,1,NA,5
19703,"qge9y7kn",9,"R","Josie Tomkow","Josie","","Tomkow","","",44113816,177604,"",666020,"http://ballotpedia.org/Josie_Tomkow","",51,"House",2212,NA,4704,0.998046875,0,512,511,2859,1,223,0,0,0,"partisan_cross",159,104,NA,27,NA
19729,"r4vp00s2",9,"R","Elizabeth Fetterhoff","Elizabeth","","Fetterhoff","","",45388054,184344,"",452657,"http://ballotpedia.org/Elizabeth_Fetterhoff","",26,"House",1980,NA,NA,1,0,256,256,1122,0,72,0,0,0,"partisan_cross",164,109,NA,8,NA
19738,"4qecge25",9,"R","Will Robinson","Will","","Robinson","","",42034326,184448,"",652533,"http://ballotpedia.org/Will_Robinson","",71,"House",2212,NA,NA,0.983660130718954,0.00158730158730159,612,602,3102,10,60,6,0,0,"partisan_cross",119,66,NA,81,NA
19893,"64zdrm7l",9,"D","Michael Grieco","Michael","","Grieco","","",45388247,146223,"",669900,"http://ballotpedia.org/Michael_Grieco","",113,"House",1980,NA,NA,0.776824034334764,0.00834403080872914,233,181,1150,52,153,13,9,0,"partisan_cross",36,NA,32,NA,46
19912,"p35wor51",9,"R","Chuck Brannan","Robert","Charles","Brannan","III","Chuck",406477,184319,"",652234,"http://ballotpedia.org/Chuck_Brannan","",10,"House",2212,NA,NA,0.996575342465753,0.000493827160493827,584,582,3185,2,279,2,0,0,"partisan_cross",149,95,NA,37,NA
19919,"ipmgr1sc",9,"R","Alex Andrade","Robert","Alexander","Andrade","","Alex",45388020,184315,"",652228,"http://ballotpedia.org/Alex_Andrade","",2,"House",2212,NA,4710,0.990403071017274,0.00259151279559443,521,516,2478,5,80,8,0,0,"partisan_cross",91,40,NA,65,NA
19925,"kant2znx",9,"R","Tommy Gregory","Tommy","","Gregory","","",42609340,184451,"",663132,"http://ballotpedia.org/Tommy_Gregory","",72,"House",2105,NA,NA,0.992141453831041,0.00682716492993173,509,505,2214,4,40,19,1,0,"partisan_cross",45,8,NA,55,NA
19953,"5f7vs4vt",9,"R","Anthony Sabatini","Anthony","","Sabatini","","",45388065,184385,"",652439,"http://ballotpedia.org/Anthony_Sabatini","",32,"House",1980,NA,NA,0.947674418604651,0.14227309893704,172,163,666,9,209,174,2,0,"partisan_cross",1,1,NA,116,NA
19960,"jzbgfskr",9,"R","Susan Valdes","Susan","L.","Valdes","","",1474008,184422,"",669882,"http://ballotpedia.org/Susan_Valdes","",64,"House",2212,NA,NA,0.925,0.0142326732673267,560,518,2437,42,184,46,5,0,"partisan_cross",23,2,NA,121,NA
20006,"ajyrzy6t",9,"D","Joseph Casello","Joseph","A.","Casello","","Joe",45388168,149312,"",652568,"http://ballotpedia.org/Joseph_Casello","",90,"House",2212,NA,4750,0.764705882352941,0.00321261682242991,459,351,2354,108,581,11,19,0,"partisan_cross",84,NA,50,NA,47
20018,"b56kttms",9,"R","Spencer Roach","Spencer","","Roach","","",45388147,184458,"",663145,"http://ballotpedia.org/Spencer_Roach","",76,"House",2105,NA,NA,0.990196078431373,0.00358166189111748,510,505,2173,5,99,10,0,0,"partisan_cross",79,32,NA,66,NA
20357,"85uvd8yc",9,"R","Ardian Zika","Ardian","","Zika","","",490608,184395,"",652452,"http://ballotpedia.org/Ardian_Zika","",37,"House",1980,NA,NA,0.995708154506438,0.00403496973772697,233,232,1229,1,19,6,0,0,"partisan_cross",72,28,NA,40,NA
20358,"ovuvhjdl",9,"D","Dotie Joseph","Dotie","","Joseph","","",45388194,184493,"",655607,"http://ballotpedia.org/Dotie_Joseph","",108,"House",2212,NA,4716,0.97008547008547,0.0200630553167097,468,454,2245,14,698,70,8,0,"partisan_cross",12,NA,11,NA,11
20417,"336ho6wl",9,"R","Mike Beltran","Mike","","Beltran","","",45388103,184413,"",670971,"http://ballotpedia.org/Mike_Beltran","",70,"House",2105,NA,NA,0.96137339055794,0.00989373396848662,466,448,2170,18,65,27,1,0,"partisan_cross",32,4,NA,107,NA
20418,"xw86aoqs",9,"R","Toby Overdorf","Toby","","Overdorf","","",45388153,184464,"",652557,"http://ballotpedia.org/Toby_Overdorf","",85,"House",2212,NA,4728,0.98694942903752,0.00450196961170512,613,605,2840,8,83,16,2,0,"partisan_cross",64,21,NA,75,NA
20422,"7cq5kgoo",9,"D","Dianne Hart","Dianne","","Hart","","Ms Dee",12513886,172926,"",575832,"http://ballotpedia.org/Dianne_Hart","",63,"House",2212,NA,4736,0.977011494252874,0.0131976904041793,522,510,2802,12,256,48,9,0,"partisan_cross",24,NA,22,NA,7
20540,"atzb6h57",9,"D","Michael Gottlieb","Michael","A.","Gottlieb","","",39396827,184483,"",663180,"http://ballotpedia.org/Michael_Gottlieb","",102,"House",2212,NA,4724,0.909688013136289,0.016710875331565,609,554,2721,55,363,63,14,0,"partisan_cross",20,NA,19,NA,28
20690,"tl2wy0dy",9,"R","Melony Bell","Melony","","Bell","","",425790,130836,"",652480,"http://ballotpedia.org/Melony_Bell","",49,"House",2105,NA,NA,0.973039215686274,0.00133600534402138,408,397,2391,11,191,4,0,0,"partisan_cross",124,71,NA,98,NA
20804,"9jchp5ri",9,"R","Brett Hage","Brett","","Hage","","",45388067,184387,"",655582,"http://ballotpedia.org/Brett_Hage","",33,"House",1980,NA,NA,1,0.00239043824701195,184,184,855,0,213,3,0,0,"partisan_cross",96,44,NA,12,NA
20836,"699pdswx",9,"R","Wyman Duggan","Wyman","","Duggan","","",1125380,138214,"",396576,"http://ballotpedia.org/Wyman_Duggan","",12,"House",2212,NA,4712,0.993091537132988,0.00242424242424242,579,575,2462,4,251,8,0,0,"partisan_cross",95,43,NA,53,NA
20906,"8n2gd2az",9,"R","Anthony Rodriguez","Anthony","","Rodriguez","","",26688655,172778,"",571851,"http://ballotpedia.org/Anthony_Rodriguez","",118,"House",1980,NA,NA,0.960352422907489,0.000683994528043776,227,218,1055,9,179,1,0,0,"partisan_cross",137,83,NA,108,NA
20907,"v24fzait",9,"R","Chip LaMarca","Chip","","LaMarca","","",45388173,130498,"",652577,"http://ballotpedia.org/Chip_LaMarca","",100,"House",2212,NA,4722,0.976967370441459,0.00230414746543779,521,509,2722,12,220,8,1,0,"partisan_cross",100,48,NA,93,NA
20953,"d3v1n078",9,"R","David Smith","David","A.","Smith","","",19869636,146175,"",476517,"http://ballotpedia.org/David_Smith_(Florida)","",38,"House",2212,NA,4718,0.956521739130435,0.00418994413407821,575,550,2912,25,77,15,1,0,"partisan_cross",69,25,NA,111,NA
20958,"v4wfa7ef",9,"R","Mike Caruso","Michael","A.","Caruso","","Mike",45388164,184475,"",652561,"http://ballotpedia.org/Mike_Caruso","",87,"House",2212,NA,4754,0.954631379962193,0.00527458889233633,529,505,2374,24,302,17,1,0,"partisan_cross",57,16,NA,113,NA
21023,"gkmdbduq",9,"R","Vance Aloupis","Vance","","Aloupis","","",41610700,184498,"",652667,"http://ballotpedia.org/Vance_Aloupis","",115,"House",1980,NA,NA,0.982683982683983,0.00224215246636771,231,227,993,4,111,3,0,0,"partisan_cross",103,50,NA,83,NA
21024,"vb66clzl",9,"R","James Buchanan","James","Vernon","Buchanan","","",44113817,176798,"",663133,"http://ballotpedia.org/James_Buchanan_(Florida)","",74,"House",2212,NA,4731,0.993197278911565,0.000493339911198816,588,584,3142,4,322,2,0,0,"partisan_cross",150,96,NA,52,NA
21026,"1qq1cdmx",9,"D","Joy Goff-Marcil","Joy","","Goff-Marcil","","",45388060,184379,"",663116,"http://ballotpedia.org/Joy_Goff-Marcil","",30,"House",1980,NA,NA,0.979757085020243,0.024983119513842,247,242,1156,5,39,37,2,0,"partisan_cross",6,NA,5,NA,3
21029,"ss5r9rz7",9,"D","Fentrice Driskell","Fentrice","","Driskell","","",45388118,184423,"",655600,"http://ballotpedia.org/Fentrice_Driskell","",67,"House",2212,NA,4745,0.978,0.0160599571734475,500,489,2170,11,79,45,8,0,"partisan_cross",21,NA,20,NA,6
21030,"nswmr0oe",9,"D","Anika Omphroy","Anika","Tene","Omphroy","","",41356086,172781,"",575852,"http://ballotpedia.org/Anika_Tene_Omphroy","",95,"House",1980,NA,NA,0.506329113924051,0.000484261501210654,158,80,1512,78,387,1,7,0,"partisan_cross",152,NA,55,NA,53
21380,"3j0cn6yf",9,"R","Randy Maggard","Randy","","Maggard","","",69054,186158,"",709872,"http://ballotpedia.org/Randy_Maggard","",54,"House",2212,NA,4758,0.994871794871795,0.00469483568075117,585,582,2878,3,141,17,0,0,"partisan_cross",63,20,NA,46,NA
21381,"u2fci01y",9,"D","Dan Daley","Dan","","Daley","","",47146673,149318,"",709876,"http://ballotpedia.org/Dan_Daley","",96,"House",2212,NA,4757,0.833005893909627,0.00365058670143416,509,424,3053,85,248,14,11,0,"partisan_cross",78,NA,47,NA,39
21391,"gw0rt51v",9,"R","Jason Shoaf","Jason","","Shoaf","","",43047669,186156,"",709836,"http://ballotpedia.org/Jason_Shoaf","",7,"House",2212,NA,4756,0.992565055762082,0.00272149984880556,538,534,2579,4,181,9,0,0,"partisan_cross",90,39,NA,54,NA
21505,"yv0h4kf6",9,"D","Emily Slosberg-King","Emily","","Slosberg-King","","",70342,173108,"",571510,"http://ballotpedia.org/Emily_Slosberg","",91,"House",1980,NA,NA,0.91,0.0113996200126662,200,182,1240,18,114,18,7,0,"partisan_cross",28,NA,25,NA,27
21696,"e070cvuf",9,"R","Joe Harding","Joe","B.","Harding","","",49845581,194541,"",739963,"http://ballotpedia.org/Joe_Harding","",22,"House",1980,NA,NA,1,0.000949667616334283,246,246,1829,0,29,2,0,0,"partisan_cross",132,78,NA,9,NA
21700,"ixm68x3r",9,"D","Allison Tant","Allison","E.","Tant","","",160200,193753,"",739944,"http://ballotpedia.org/Allison_Tant","",9,"House",2212,NA,4765,0.841889117043121,0.00442823651992706,487,410,3161,77,162,17,12,0,"partisan_cross",65,NA,44,NA,38
21701,"91ohersw",9,"D","Robin Bartleman","Robin","","Bartleman","","",806016,194479,"",740285,"http://ballotpedia.org/Robin_Bartleman","",103,"House",2212,NA,4793,0.920353982300885,0.00586264656616415,565,520,2804,45,182,21,10,0,"partisan_cross",51,NA,39,NA,26
21739,"rh0ebpc2",9,"R","Linda Chaney","Linda","","Chaney","","",49845659,194564,"",740444,"http://ballotpedia.org/Linda_Chaney","",61,"House",2212,NA,4778,0.947791164658635,0.00407747196738022,498,472,2957,26,453,16,0,0,"partisan_cross",71,27,NA,115,NA
21758,"mhz7l0j4",9,"R","David Borrero","David","","Borrero","","",49845727,194467,"",740296,"http://ballotpedia.org/David_Borrero","",111,"House",2212,NA,4794,0.989637305699482,0.00501919102450546,579,573,2691,6,100,17,0,0,"partisan_cross",60,17,NA,67,NA
21781,"wsj92iwn",9,"R","Thomas Fabricio","Thomas","P.","Fabricio","","Tom",49845720,194482,"",740278,"http://ballotpedia.org/Tom_Fabricio","",110,"House",2212,NA,4792,0.994652406417112,0.00567375886524823,561,558,3497,3,147,24,1,0,"partisan_cross",53,13,NA,48,NA
21782,"87jh4enj",9,"R","Alejandro Rizo","Alejandro","","Rizo","Jr.","Alex",49845738,194462,"",740319,"http://ballotpedia.org/Alex_Rizo","",112,"House",2212,NA,4796,0.998188405797101,0.00201265094882116,552,551,2672,1,247,7,0,0,"partisan_cross",109,56,NA,26,NA
21887,"e063soe3",9,"D","Yvonne Hayes Hinson","Yvonne","","Hayes Hinson","","",44044505,182253,"",637205,"http://ballotpedia.org/Yvonne_Hayes_Hinson","",21,"House",2212,NA,NA,0.969111969111969,0.0184779204509865,518,502,2348,16,261,59,7,0,"partisan_cross",16,NA,15,NA,14
21888,"78gk9ao5",9,"D","Christine Hunschofsky","Christine","Maria","Hunschofsky","","",49845708,194488,"",740359,"http://ballotpedia.org/Christine_Hunschofsky","",95,"House",2212,NA,4799,0.889748549323017,0.00822097994080894,517,460,2407,57,78,25,14,0,"partisan_cross",37,NA,33,NA,33
21892,"21akiis8",9,"R","Sam Garrison","Sam","","Garrison","","",49845578,193775,"",739952,"http://ballotpedia.org/Sam_Garrison","",11,"House",2212,NA,4767,0.998019801980198,0,505,504,2598,1,89,0,1,0,"partisan_cross",160,105,NA,28,NA
21920,"61wei6k0",9,"D","Michele Rayner-Goolsby","Michele","","Rayner-Goolsby","","",49845663,194561,"",740448,"http://ballotpedia.org/Michele_Rayner","",62,"House",2212,NA,NA,0.969230769230769,0.0233491426486684,390,378,1842,12,432,64,13,0,"partisan_cross",9,NA,8,NA,13
21983,"gk5cs0jg",9,"R","John Snyder","John","","Snyder","","",49845683,194524,"",740415,"http://ballotpedia.org/John_Snyder","",86,"House",2212,NA,4787,0.996763754045307,0.00228949376748919,618,616,3082,2,222,9,0,0,"partisan_cross",101,49,NA,35,NA
22022,"hplh0nrn",9,"R","Mike Giallombardo","Mike","","Giallombardo","","",49845675,146155,"",474518,"http://ballotpedia.org/Mike_Giallombardo","",79,"House",2212,NA,4783,0.998392282958199,0.00196023522822739,622,621,2883,1,59,7,0,0,"partisan_cross",111,58,NA,25,NA
22126,"aehzb0rs",9,"D","Travaris McCurdy","Travaris","Leon","McCurdy","","",49845631,194629,"",517485,"http://ballotpedia.org/Travaris_McCurdy","",46,"House",1980,NA,NA,0.972602739726027,0.0180995475113122,219,213,1056,6,25,24,2,0,"partisan_cross",17,NA,16,NA,9
22129,"mb2156j2",9,"R","Dana Trabulsy","Dana","","Trabulsy","","",49845686,194522,"",740423,"http://ballotpedia.org/Dana_Trabulsy","",84,"House",2212,NA,4788,0.984790874524715,0.000282645562464669,526,518,2802,8,209,1,0,0,"partisan_cross",156,101,NA,79,NA
22167,"at7jt366",9,"R","Michelle Salzman","Michelle","Lynn","Salzman","","",41617852,193539,"",739937,"http://ballotpedia.org/Michelle_Salzman","",1,"House",2212,NA,4763,0.980902777777778,0.00105820105820106,576,565,3010,11,190,4,0,0,"partisan_cross",130,76,NA,87,NA
22173,"9d5gzskf",9,"D","Marie Woodson","Marie","P.","Woodson","","",552530,194484,"",740370,"http://ballotpedia.org/Marie_Woodson","",105,"House",2212,NA,4789,0.948943661971831,0.0071523178807947,568,539,3125,29,48,27,7,0,"partisan_cross",41,NA,36,NA,19
22207,"slx08az4",9,"R","Jenna Persons-Mulicka","Jenna","","Persons-Mulicka","","",45903473,194544,"",740469,"http://ballotpedia.org/Jenna_Persons","",78,"House",2212,NA,4785,0.994827586206897,0.000772002058672156,580,577,3055,3,248,3,0,0,"partisan_cross",136,82,NA,47,NA
22261,"b6kfhnbd",9,"R","Adam Botana","Adam","","Botana","","",49845673,194550,"",740462,"http://ballotpedia.org/Adam_Botana","",80,"House",2212,NA,4782,0.996323529411765,0,544,542,3237,2,66,0,0,0,"partisan_cross",157,102,NA,38,NA
22496,"1ryeloth",9,"D","Daisy Morales","Daisy","","Morales","","",50606027,194633,"",744701,"http://ballotpedia.org/Daisy_Morales","",48,"House",1980,NA,NA,0.858536585365854,0.00894854586129754,205,176,1515,29,51,16,1,0,"partisan_cross",34,NA,30,NA,37
22512,"z587gd6k",9,"D","Felicia Simone Robinson","Felicia","Simone","Robinson","","",49845717,130220,"",740275,"http://ballotpedia.org/Felicia_Simone_Robinson","",104,"House",2212,NA,4791,0.967680608365019,0.0243601603453592,526,509,2437,17,186,79,15,0,"partisan_cross",8,NA,7,NA,15
22516,"vha3cc9i",9,"D","Kevin Chambliss","Kevin","Dykemia","Chambliss","","",49845747,115433,"",452742,"http://ballotpedia.org/Kevin_Chambliss","",117,"House",2212,NA,4798,0.877944325481799,0.00713557594291539,467,410,2961,57,459,28,9,0,"partisan_cross",42,NA,37,NA,35
22527,"iykjlne1",9,"R","Demi Busatta Cabrera","Demi","","Busatta Cabrera","","",49845744,194460,"",605634,"http://ballotpedia.org/Demi_Busatta_Cabrera","",114,"House",2212,NA,NA,0.982547993019197,0.00129032258064516,573,563,3101,10,196,5,0,0,"partisan_cross",125,72,NA,84,NA
22528,"1y03g0zp",9,"D","Christopher Benjamin","Christopher","","Benjamin","","",49845730,194464,"",740304,"http://ballotpedia.org/Christopher_Benjamin","",107,"House",2105,NA,NA,0.885786802030457,0.00725190839694656,394,349,1904,45,293,19,10,0,"partisan_cross",40,NA,35,NA,34
22529,"a0rhm7tw",9,"R","Fiona McFarland","Fiona","","McFarland","","",49845668,194559,"",740452,"http://ballotpedia.org/Fiona_McFarland","",73,"House",2212,NA,4780,0.991489361702128,0.00107123727905731,470,466,2582,4,678,4,0,0,"partisan_cross",129,75,NA,60,NA
22550,"ohit2l5d",9,"D","Angela Nixon","Angela","","Nixon","","",12016117,193764,"",285510,"http://ballotpedia.org/Angela_Nixon","",13,"House",2212,NA,4766,0.98989898989899,0.038723667905824,495,490,2258,5,335,125,15,0,"partisan_cross",5,NA,4,NA,1
22559,"1he9flzd",9,"R","Patt Maney","T.","Patterson","Maney","","Patt",49845565,193745,"",739941,"http://ballotpedia.org/T._Patt_Maney","",4,"House",2212,NA,4764,0.981757877280265,0.00663166620613429,603,592,2901,11,90,24,1,0,"partisan_cross",48,10,NA,86,NA
22580,"fsfxplwk",9,"R","Jim Mooney","James","Vernon","Mooney","Jr.","Jim",49845754,194453,"",740179,"http://ballotpedia.org/Jim_Mooney","",120,"House",2212,NA,4797,0.957446808510638,0.000518134715025907,564,540,3015,24,279,2,0,0,"partisan_cross",146,92,NA,110,NA
22660,"ujz2v3zu",9,"R","Webster Barnaby","Webster","","Barnaby","","",49845589,194567,"",739971,"http://ballotpedia.org/Webster_Barnaby","",29,"House",2212,NA,4770,0.994545454545455,0.0005249343832021,550,547,2755,3,503,2,0,0,"partisan_cross",145,91,NA,49,NA
22661,"31l8rpom",9,"D","Andrew Learned","Andrew","Phillips","Learned","","",49845649,182276,"",626650,"http://ballotpedia.org/Andrew_Learned","",59,"House",1980,NA,NA,0.733905579399142,0.00557880055788006,233,171,1138,62,49,8,6,0,"partisan_cross",54,NA,41,NA,49
22662,"g46vm6of",9,"R","Kaylee Tuck","Kaylee","Alexis","Tuck","","",49845643,194646,"",740410,"http://ballotpedia.org/Kaylee_Tuck","",83,"House",2212,NA,4776,1,0.000299580587177951,557,557,2597,0,183,1,0,0,"partisan_cross",155,100,NA,1,NA
22667,"ghu9mp2s",9,"D","Omari Hardy","Omari","","Hardy","","",49845691,194517,"",740431,"http://ballotpedia.org/Omari_Hardy",NA,88,"House",1917,NA,NA,0.940677966101695,0.0387243735763098,118,111,678,7,47,34,1,0,"partisan_cross",4,NA,3,NA,21
22672,"kr17w93p",9,"R","Lauren Melo","Lauren","","Melo","","",49845680,194529,"",740413,"http://ballotpedia.org/Lauren_Melo","",82,"House",2212,NA,4784,0.991919191919192,0.001499700059988,495,491,2371,4,461,5,2,0,"partisan_cross",121,68,NA,56,NA
22722,"n93x757e",9,"R","Traci Koster","Traci","","Koster","","",52311541,195064,"",750959,"http://ballotpedia.org/Traci_Koster","",66,"House",2212,NA,4779,0.985943775100402,0.00061633281972265,498,491,2565,7,180,2,0,0,"partisan_cross",138,84,NA,78,NA
23066,"tmbh2oz6",9,"D","Daryl Campbell","Daryl","","Campbell","","",54438816,200766,"",797986,"http://ballotpedia.org/Daryl_Campbell","",99,"House",2212,NA,4843,0.948148148148148,0.0170432025366627,405,384,1900,21,170,43,5,0,"partisan_cross",19,NA,18,NA,20
23116,"3dasaie0",9,"D","Jervonte Edmonds","Jervonte","","Edmonds","","Tae",54438812,200763,"",579222,"http://ballotpedia.org/Jervonte_Edmonds","",88,"House",2212,NA,4842,0.819383259911894,0.00337078651685393,227,186,1160,41,380,6,7,0,"partisan_cross",82,NA,49,NA,41
23295,"q1aqjnko",9,"R","Joel Rudman","Joel","","Rudman","","",55866623,209332,"",0,"http://ballotpedia.org/Joel_Rudman","",3,"House",2135,NA,4861,1,0.00699844479004666,221,221,1009,0,47,9,0,0,"partisan_cross",43,6,NA,10,NA
23317,"59hwb6y3",9,"R","Hillary Cassel","Hillary","","Cassel","","",55866460,209443,"",0,"http://ballotpedia.org/Hillary_Cassel","",101,"House",2212,NA,4895,0.904761904761905,0.00289017341040462,273,247,1361,26,90,5,1,0,"partisan_cross",89,38,NA,122,NA
23318,"mff5ywb5",9,"D","Johanna Lopez","Johanna","","Lopez","","",55866558,209517,"",0,"http://ballotpedia.org/Johanna_Lopez","",43,"House",2212,NA,NA,0.79746835443038,0.00874035989717224,316,252,1496,64,105,17,11,0,"partisan_cross",35,NA,31,NA,43
23319,"zh5hcllq",9,"R","Vicki Lopez","Vicki","","Lopez","","",55866559,209412,"",0,"http://ballotpedia.org/Vicki_Lopez","",113,"House",2212,NA,4896,0.948630136986301,0.000572409845449342,292,277,1368,15,86,1,0,0,"partisan_cross",141,87,NA,114,NA
23322,"960vxus6",9,"D","Jennifer Harris","Jennifer","","Harris","","Rita",55866514,209516,"",0,"http://ballotpedia.org/Jennifer_Rita_Harris","",44,"House",2212,NA,4877,0.975352112676056,0.0196739741427768,284,277,1406,7,47,35,7,0,"partisan_cross",14,NA,13,NA,8
23323,"63ed23f3",9,"D","LaVon Bracy Davis","LaVon","","Bracy Davis","","",55866452,209432,"",0,"http://ballotpedia.org/LaVon_Bracy_Davis","",40,"House",2212,NA,4874,0.978658536585366,0.0196687370600414,328,321,1456,7,103,38,7,0,"partisan_cross",15,NA,14,NA,4
23327,"uwxr8dkp",9,"D","Lindsay Cross","Lindsay","","Cross","","",55866468,184301,"",0,"http://ballotpedia.org/Lindsay_Cross","",60,"House",2212,NA,4887,0.930795847750865,0.0119047619047619,289,269,1427,20,22,21,5,0,"partisan_cross",25,NA,23,NA,22
23328,"h6szpy6d",9,"D","Lisa Dunkley","Lisa","","Dunkley","","",55866485,209448,"",0,"http://ballotpedia.org/Lisa_Dunkley","",97,"House",2212,NA,4893,0.823970037453184,0.00573514077163712,267,220,1326,47,311,11,3,0,"partisan_cross",52,NA,40,NA,40
23329,"lmfbmlu1",9,"D","Ashley Gantt","Ashley","Viola","Gantt","","",55866502,209435,"",0,"http://ballotpedia.org/Ashley_Gantt","",109,"House",2212,NA,4897,0.971988795518207,0.0418775885872066,357,347,1584,10,122,91,19,0,"partisan_cross",3,NA,2,NA,10
23330,"6cn9749t",9,"R","Alina Garcia","Alina","","Garcia","","",50008330,53911,"",0,"http://ballotpedia.org/Alina_Garcia","",115,"House",2105,NA,NA,0.976744186046512,0.00349344978165939,215,210,909,5,17,4,0,0,"partisan_cross",80,33,NA,94,NA
23331,"3otreu3p",9,"R","Kevin Steele","Kevin","M.","Steele","","",55756411,209499,"",0,"http://ballotpedia.org/Kevin_Steele","",55,"House",2212,NA,4881,0.96969696969697,0.00372935535428876,264,256,1406,8,200,7,0,0,"partisan_cross",76,30,NA,101,NA
23332,"j9zna7tb",9,"R","Chase Tramont","Chase","","Tramont","","",55866659,209394,"",0,"http://ballotpedia.org/Chase_Tramont","",30,"House",2212,NA,4867,1,0,282,282,1299,0,384,0,0,0,"partisan_cross",163,108,NA,7,NA
23333,"l11m0j5k",9,"R","Brad Yeager","Bradford","Troy","Yeager","","",55866678,0,"",0,"http://ballotpedia.org/","",56,"House",2212,NA,4882,1,0.00204290091930541,310,310,1416,0,228,4,0,0,"partisan_cross",106,53,NA,5,NA
23338,"ivvfeu8g",9,"R","Doug Bankson","Doug","","Bankson","","",55866441,173235,"",0,"http://ballotpedia.org/Doug_Bankson","",39,"House",2212,NA,4873,0.986842105263158,0.00224089635854342,304,300,1442,4,35,4,0,0,"partisan_cross",104,51,NA,76,NA
23339,"orexb33j",9,"R","Kimberly Berfield","Kimberly","","Berfield","","Kim",55866445,53771,"",0,"http://ballotpedia.org/Kimberly_Berfield","",58,"House",2212,NA,4210,0.972972972972973,0.00556173526140156,296,288,1436,8,56,10,0,0,"partisan_cross",55,14,NA,99,NA
23340,"dpobs27t",9,"D","Katherine Waldron","Katherine","M.","Waldron","","",55866668,209454,"",0,"http://ballotpedia.org/Katherine_Waldron","",93,"House",2105,NA,NA,0.787735849056604,0.00525394045534151,212,167,900,45,23,6,1,0,"partisan_cross",58,NA,42,NA,44
23341,"ni3ayex3",9,"R","Fabian Basabe","Fabian","","Basabe","","",55866442,209439,"",0,"http://ballotpedia.org/Fabián_Basabe","",106,"House",2212,NA,4900,0.977491961414791,0.00113250283125708,311,304,1393,7,60,2,0,0,"partisan_cross",127,73,NA,92,NA
23343,"rf9p55n7",9,"R","Shane Abbott","Shane","","Abbott","","",49283313,209333,"",0,"http://ballotpedia.org/Shane_Abbott","",5,"House",2212,NA,4864,0.996784565916399,0.0041407867494824,311,310,1577,1,36,8,0,0,"partisan_cross",70,26,NA,34,NA
23344,"b3eicpho",9,"R","Daniel Alvarez","Daniel","Antonio","Alvarez","Sr.","Danny",55866432,209473,"",0,"http://ballotpedia.org/Daniel_Alvarez","",69,"House",2212,NA,4889,1,0.000529941706412295,313,313,1462,0,111,1,0,0,"partisan_cross",144,90,NA,4,NA
23345,"azizztcb",9,"R","Carolina Amesty","Carolina","","Amesty","","",55866433,209512,"",0,"http://ballotpedia.org/Carolina_Amesty","",45,"House",2105,NA,NA,0.995412844036697,0.00140056022408964,218,217,1045,1,163,2,0,0,"partisan_cross",123,70,NA,42,NA
23346,"zixitc1g",9,"R","Dean Black","Dean","","Black","","",37458122,124330,"",0,"http://ballotpedia.org/Dean_Black","",15,"House",2212,NA,4865,0.980446927374302,0.00189304306672977,358,351,1653,7,98,4,0,0,"partisan_cross",112,59,NA,88,NA
23347,"8a871fhe",9,"R","Robert Brackett","Robert","","Brackett","","",601994,209396,"",0,"http://ballotpedia.org/Robert_Brackett","",34,"House",2212,NA,4870,0.990654205607477,0.00204185809086269,321,318,1587,3,47,4,0,0,"partisan_cross",107,54,NA,63,NA
23348,"rz6tv887",9,"R","Jennifer Canady","Jennifer","","Canady","","",55866458,209506,"",0,"http://ballotpedia.org/Jennifer_Canady","",50,"House",2212,NA,4879,1,0.000572737686139748,299,299,1392,0,54,1,0,0,"partisan_cross",140,86,NA,6,NA
23349,"69wtlsri",9,"R","Tiffany Esposito","Tiffany","","Esposito","","",55866490,209468,"",0,"http://ballotpedia.org/Tiffany_Esposito","",77,"House",2212,NA,4892,0.996763754045307,0.000541711809317443,309,308,1459,1,77,1,0,0,"partisan_cross",143,89,NA,36,NA
23350,"eok29ytg",9,"R","Karen Gonzalez Pittman","Karen","","Gonzalez Pittman","","",55866506,209479,"",0,"http://ballotpedia.org/Karen_Gonzalez_Pittman","",65,"House",2212,NA,4888,0.935943060498221,0.00233781414377557,281,263,1369,18,57,4,0,0,"partisan_cross",99,47,NA,118,NA
23351,"ghrztb1e",9,"R","Peggy Gossett-Seidman","Peggy","","Gossett-Seidman","","",55866508,209458,"",0,"http://ballotpedia.org/Peggy_Gossett-Seidman","",91,"House",2212,NA,4891,0.96830985915493,0.000575043128234618,284,275,1309,9,145,1,0,0,"partisan_cross",139,85,NA,102,NA
23352,"smncjrp0",9,"R","Philip Griffitts","Philip","Wayne","Griffitts","Jr.","",55866511,174908,"",0,"http://ballotpedia.org/Philip_Griffitts","",6,"House",2212,NA,4862,0.991780821917808,0.000940733772342427,365,362,1682,3,77,2,0,0,"partisan_cross",133,79,NA,57,NA
23353,"6ryrq45y",9,"R","Jeff Holcomb","Jeff","","Holcomb","","",55866529,158287,"",0,"http://ballotpedia.org/Jeff_Holcomb_(Florida)","",53,"House",2212,NA,4890,0.991596638655462,0.00178890876565295,357,354,1536,3,338,4,1,0,"partisan_cross",113,60,NA,59,NA
23354,"lv9l8jdq",9,"R","Berny Jacques","Berny","","Jacques","","",55866535,184440,"",0,"http://ballotpedia.org/Berny_Jacques","",59,"House",2212,NA,4886,0.997275204359673,0.0118539592223803,367,366,1683,1,34,25,0,0,"partisan_cross",26,3,NA,33,NA
23355,"0xekqns7",9,"R","Kiyan Michael","Kiyan","","Michael","","",55866569,209353,"",0,"http://ballotpedia.org/Kiyan_Michael","",16,"House",2212,NA,4869,0.973880597014925,0.00426212040490144,268,261,1255,7,346,8,0,0,"partisan_cross",68,24,NA,97,NA
23356,"wnxvofvg",9,"R","Juan Porras","Juan","Carlos","Porras","","",55866605,209403,"",0,"http://ballotpedia.org/Juan_Carlos_Porras","",119,"House",2212,NA,4898,0.989041095890411,0,365,361,1570,4,93,0,0,0,"partisan_cross",162,107,NA,69,NA
23357,"77lv7bqi",9,"R","John Temple","John","","Temple","","",55866652,209505,"",0,"http://ballotpedia.org/John_Temple","",52,"House",2212,NA,4880,0.990654205607477,0.00203252032520325,321,318,1466,3,177,4,0,0,"partisan_cross",108,55,NA,64,NA
23358,"xlrsk4g8",9,"R","Taylor Yarkosky","Taylor","","Yarkosky","","",55866677,209380,"",0,"http://ballotpedia.org/Taylor_Yarkosky","",25,"House",2212,NA,4868,1,0.000498504486540379,323,323,1548,0,134,1,0,0,"partisan_cross",148,94,NA,3,NA
23359,"174k0tvr",9,"R","Adam Anderson","Adam","","Anderson","","",55866434,209492,"",0,"http://ballotpedia.org/Adam_Anderson","",57,"House",2212,NA,4885,0.993265993265993,0.000489715964740451,297,295,1555,2,189,1,0,0,"partisan_cross",151,97,NA,51,NA
23360,"fqo8aog4",9,"R","Jessica Baker","Jessica","","Baker","","",55866439,209358,"",0,"http://ballotpedia.org/Jessica_Baker","",17,"House",2212,NA,4866,0.974522292993631,0.00651955867602808,314,306,1582,8,85,13,0,0,"partisan_cross",49,11,NA,96,NA
23361,"po2o5rju",9,"D","Gallop Franklin","Gallop","P.","Franklin","","",55866498,209338,"",0,"http://ballotpedia.org/Gallop_Franklin","",8,"House",2212,NA,NA,0.741935483870968,0.00397501419647927,248,184,1377,64,120,7,9,0,"partisan_cross",73,NA,45,NA,48
24808,"pbfegj2k",9,"R","Rachel Plakon","Rachel","","Plakon","","",55866601,209420,"",778200,"http://ballotpedia.org/Rachel_Plakon","",36,"House",2212,NA,4871,0.983870967741935,0.00588235294117647,310,305,1552,5,165,12,1,0,"partisan_cross",50,12,NA,80,NA
24809,"qmj19hsf",9,"R","Susan Plasencia","Susan","","Plasencia","","",55866602,209422,"",815745,"http://ballotpedia.org/Susan_Plasencia","",37,"House",2212,NA,4872,0.972972972972973,0.00683760683760684,259,252,1155,7,329,12,0,0,"partisan_cross",44,7,NA,100,NA
24810,"p0g9jx7g",9,"R","Paula Stark","Paula","A.","Stark","","",55866645,209509,"",816018,"http://ballotpedia.org/Paula_Stark","",47,"House",2212,NA,4878,0.932515337423313,0.00050251256281407,326,304,1454,22,209,1,0,0,"partisan_cross",147,93,NA,119,NA
24962,"aan0wix3",9,"R","Ryan Chamberlin","Ryan","","Chamberlin","","",58374500,0,"",0,"http://ballotpedia.org/","",24,"House",2212,NA,4901,0.995348837209302,0.00308641975308642,215,214,1028,1,49,4,0,0,"partisan_cross",87,37,NA,44,NA
24994,"qyyu5xax",9,"R","Mike Redondo","Mike","","Redondo","","",59433494,212780,"",0,"http://ballotpedia.org/Mike_Redondo","",118,"House",2212,NA,4902,1,0.000885739592559787,183,183,940,0,5,1,0,0,"partisan_cross",134,80,NA,13,NA
25070,"5993lgcj",9,"D","Tom Keen","Tom","","Keen","","",44245221,209416,"",0,"http://ballotpedia.org/Tom_Keen","",35,"House",2059,NA,NA,0.922222222222222,0.00383877159309021,90,83,423,7,4,2,2,0,"partisan_cross",74,NA,46,NA,25
25364,"589h18x4",9,"R","Jon Albert","Jon","","Albert","","",60003276,217906,"",0,"http://ballotpedia.org/Jon_Albert","",48,"House",2212,NA,4917,1,0,99,99,535,0,11,0,0,0,"partisan_cross",170,115,NA,16,NA
25365,"todjxzey",9,"D","Jose Alvarez","Jose","A.","Alvarez","","",55951097,217901,"",0,"http://ballotpedia.org/Jose_A._Alvarez","",46,"House",2212,NA,4916,0.48936170212766,0.0103448275862069,94,46,435,48,44,6,1,0,"partisan_cross",31,NA,28,NA,54
25366,"1vm12ewc",9,"D","Wallace Aristide","Wallace","","Aristide","","",60003418,217975,"",0,"http://ballotpedia.org/Wallace_Aristide","",107,"House",2212,NA,4928,0.901960784313726,0.0177993527508091,102,92,478,10,26,11,1,0,"partisan_cross",18,NA,17,NA,30
25367,"trdbpya8",9,"R","Yvette Benarroch","Yvette","","Benarroch","","",55522836,217944,"",0,"http://ballotpedia.org/Yvette_Benarroch","",81,"House",2212,NA,4923,0.96551724137931,0.00167785234899329,87,84,432,3,76,1,0,0,"partisan_cross",115,62,NA,104,NA
25368,"4m5frqn4",9,"R","Omar Blanco","Omar","","Blanco","","",60003440,191307,"",0,"http://ballotpedia.org/Omar_Blanco","",115,"House",2212,NA,4929,0.988636363636364,0.00160771704180064,88,87,504,1,29,1,0,0,"partisan_cross",117,64,NA,70,NA
25369,"98nrb49v",9,"R","Erika Booth","Erika","","Booth","","",60003242,212769,"",0,"http://ballotpedia.org/Erika_Booth","",35,"House",2212,NA,4914,0.97752808988764,0,89,87,459,2,27,0,0,0,"partisan_cross",173,118,NA,91,NA
25370,"whiav4j6",9,"R","Nan Cobb","Nan","","Cobb","","",60003211,217878,"",0,"http://ballotpedia.org/Nan_Cobb","",26,"House",2212,NA,4910,0.989473684210526,0,95,94,555,1,6,0,0,0,"partisan_cross",171,116,NA,68,NA
25371,"9h1zwj8k",9,"R","William Conerly","William","","Conerly","","Bill",15552014,217921,"",0,"http://ballotpedia.org/Bill_Conerly","",72,"House",2212,NA,4920,1,0,92,92,473,0,3,0,0,0,"partisan_cross",172,117,NA,19,NA
25372,"q0vezim1",9,"R","Richard Gentry","Richard","","Gentry","","",60003217,217882,"",0,"http://ballotpedia.org/Richard_Gentry","",27,"House",2212,NA,4911,0.981981981981982,0.00148809523809524,111,109,546,2,14,1,0,0,"partisan_cross",122,69,NA,85,NA
25373,"orjt5kaa",9,"R","Anne Gerwig","Anne","","Gerwig","","",60003389,142658,"",0,"http://ballotpedia.org/Anne_Gerwig","",93,"House",2212,NA,4925,0.956521739130435,0.00797448165869218,92,88,515,4,14,5,1,0,"partisan_cross",38,5,NA,112,NA
25374,"92gmmh14",9,"R","Sam Greco","Sam","","Greco","","",60003195,217859,"",0,"http://ballotpedia.org/Sam_Greco","",19,"House",2212,NA,4906,1,0.0031055900621118,99,99,518,0,25,2,0,0,"partisan_cross",86,36,NA,17,NA
25375,"fgvnskqr",9,"R","J.J. Grow","J.J.","","Grow","","",60003205,217872,"",0,"http://ballotpedia.org/J.J._Grow","",23,"House",2212,NA,4909,0.988095238095238,0.00171821305841924,84,83,465,1,32,1,0,0,"partisan_cross",114,61,NA,72,NA
25376,"85vz5wux",9,"R","Chad Johnson","Chad","","Johnson","","",60003203,116376,"",0,"http://ballotpedia.org/Chad_Johnson_(Florida)","",22,"House",2212,NA,4908,0.964705882352941,0.00166389351081531,85,82,489,3,26,1,0,0,"partisan_cross",116,63,NA,105,NA
25377,"sptd0tns",9,"R","Kim Kendall","Kim","","Kendall","","",52467598,138136,"",0,"http://ballotpedia.org/Kim_Kendall","",18,"House",2212,NA,4905,0.978260869565217,0.00316957210776545,92,90,510,2,27,2,0,0,"partisan_cross",85,35,NA,90,NA
25378,"69jhivhz",9,"R","Jennifer Kincart Jonsson","Jennifer","","Kincart Jonsson","","",60003283,217912,"",0,"http://ballotpedia.org/Jennifer_Kincart_Jonsson","",49,"House",2212,NA,4918,1,0.00541516245487365,78,78,469,0,4,3,0,0,"partisan_cross",56,15,NA,21,NA
25379,"363fpbb9",9,"R","Monique Miller","Monique","","Miller","","",48889110,153863,"",0,"http://ballotpedia.org/Monique_Miller","",33,"House",2212,NA,4913,1,0,72,72,400,0,26,0,0,0,"partisan_cross",175,120,NA,22,NA
25380,"erfj23tf",9,"R","Danny Nix","Danny","","Nix","Jr.","",59841133,217933,"",0,"http://ballotpedia.org/Danny_Nix","",75,"House",2212,NA,NA,0.963636363636364,0,110,106,532,4,5,0,0,0,"partisan_cross",169,114,NA,106,NA
25381,"o0c4j2lt",9,"R","Vanessa Oliver","Vanessa","","Oliver","","",60003351,217937,"",0,"http://ballotpedia.org/Vanessa_Oliver","",76,"House",2212,NA,4922,1,0.00158730158730159,95,95,512,0,22,1,0,0,"partisan_cross",120,67,NA,18,NA
25382,"6s4nbwa9",9,"R","Michael Owen","Michael","","Owen","","",60003334,158281,"",0,"http://ballotpedia.org/Michael_Owen_(Florida)","",70,"House",2212,NA,4919,0.988235294117647,0.00158982511923688,85,84,530,1,13,1,0,0,"partisan_cross",118,65,NA,71,NA
25383,"6y03sdmz",9,"R","Bill Partington","Bill","","Partington","","",60003222,74583,"",0,"http://ballotpedia.org/Bill_Partington","",28,"House",2212,NA,4912,1,0,86,86,484,0,1,0,0,0,"partisan_cross",174,119,NA,20,NA
25384,"4kcrbubd",9,"D","Mitch Rosenwald","Mitch","","Rosenwald","","",42603889,217969,"",0,"http://ballotpedia.org/Mitch_Rosenwald","",98,"House",2212,NA,4927,0.804878048780488,0.0117647058823529,82,66,454,16,52,7,0,0,"partisan_cross",27,NA,24,NA,42
25385,"acg61uvz",9,"R","Judson Sapp","Judson","","Sapp","","",60003197,182254,"",0,"http://ballotpedia.org/Judson_Sapp","",20,"House",2212,NA,4907,1,0,111,111,487,0,21,0,0,0,"partisan_cross",168,113,NA,15,NA
25386,"ja2ug2hy",9,"D","Leonard Spencer","Leonard","","Spencer","","",60003262,217900,"",0,"http://ballotpedia.org/Leonard_Spencer","",45,"House",2212,NA,4915,0.905405405405405,0.00349040139616056,74,67,437,7,55,2,5,0,"partisan_cross",81,NA,48,NA,29
25387,"e0l4ayk4",9,"D","Debra Tendrich","Debra","","Tendrich","","",58157330,217952,"",0,"http://ballotpedia.org/Debra_Tendrich","",89,"House",2212,NA,4924,0.863013698630137,0.0066334991708126,73,63,453,10,71,4,2,0,"partisan_cross",47,NA,38,NA,36
25388,"yxw5cpae",9,"R","Meg Weinberger","Meg","","Weinberger","","",60003394,217966,"",0,"http://ballotpedia.org/Meg_Weinberger","",94,"House",2212,NA,4926,1,0,117,117,560,0,18,0,0,0,"partisan_cross",167,112,NA,14,NA
26477,"ksb13pz2",9,"R","Nathan Boyles","Nathan","","Boyles","","",0,81390,"",922698,"http://ballotpedia.org/Nathan_Boyles","",3,"House",2135,NA,5063,1,0,3,3,9,0,0,0,0,0,"partisan_cross",176,121,NA,23,NA
26478,"wjgchaz6",9,"R","Brian Hodgers","Brian","","Hodgers","","",0,172907,"",571770,"http://ballotpedia.org/Brian_Hodgers","",32,"House",2135,NA,5064,1,0,3,3,9,0,0,0,0,0,"partisan_cross",177,122,NA,24,NA
