ID,Label,T_10_CENS_Total,T_10_CENS_White,T_10_CENS_Hispanic,T_10_CENS_Black,T_10_CENS_Asian,T_10_CENS_Native,T_10_CENS_Pacific,T_10_CENS_BlackAlone,T_10_CENS_NativeAlone,T_18_ACS_Total,T_18_ACS_White,T_18_ACS_Hispanic,T_18_ACS_Black,T_18_ACS_Asian,T_18_ACS_Native,T_18_ACS_Pacific,T_18_ACS_BlackAlone,T_18_ACS_AsianAlone,T_18_ACS_NativeAlone,T_18_ACS_OtherAlone,T_18_ACS_TwoOrMore,T_19_ACS_Total,T_19_ACS_White,T_19_ACS_Hispanic,T_19_ACS_Black,T_19_ACS_Asian,T_19_ACS_Native,T_19_ACS_Pacific,T_19_ACS_BlackAlone,T_19_ACS_NativeAlone,T_20_CENS_Total,T_20_CENS_White,T_20_CENS_Hispanic,T_20_CENS_Black,T_20_CENS_Asian,T_20_CENS_Native,T_20_CENS_Pacific,T_20_ACS_Total,T_20_ACS_White,T_20_ACS_Hispanic,T_20_ACS_Black,T_20_ACS_Asian,T_20_ACS_Native,T_20_ACS_Pacific,T_20_ACS_BlackAlone,T_20_ACS_AsianAlone,T_20_ACS_NativeAlone,T_20_ACS_PacificAlone,T_20_ACS_OtherAlone,T_20_ACS_TwoOrMore,T_22_ACS_Total,T_22_ACS_White,T_22_ACS_Hispanic,T_22_ACS_Black,T_22_ACS_Asian,T_22_ACS_Native,T_22_ACS_Pacific,V_10_VAP_Total,V_10_VAP_White,V_10_VAP_Hispanic,V_10_VAP_Black,V_10_VAP_Asian,V_10_VAP_Native,V_10_VAP_Pacific,V_10_VAP_BlackAlone,V_10_VAP_NativeAlone,V_19_CVAP_Total,V_19_CVAP_White,V_19_CVAP_Hispanic,V_19_CVAP_Black,V_19_CVAP_Asian,V_19_CVAP_Native,V_19_CVAP_Pacific,V_19_CVAP_BlackAlone,V_19_CVAP_AsianAlone,V_19_CVAP_NativeAlone,V_19_CVAP_OtherAlone,V_19_CVAP_TwoOrMore,V_20_VAP_Total,V_20_VAP_White,V_20_VAP_Hispanic,V_20_VAP_Black,V_20_VAP_Asian,V_20_VAP_Native,V_20_VAP_Pacific,V_20_VAP_NH_Total,V_20_VAP_NH_White,V_20_VAP_NH_Hispanic,V_20_VAP_NH_BlackAlone,V_20_VAP_NH_AsianAlone,V_20_VAP_NH_NativeAlone,V_20_VAP_NH_PacificAlone,V_20_VAP_NH_OtherAlone,V_20_VAP_NH_TwoOrMore,V_20_CVAP_Total,V_20_CVAP_White,V_20_CVAP_Hispanic,V_20_CVAP_Black,V_20_CVAP_Asian,V_20_CVAP_Native,V_20_CVAP_Pacific,V_20_CVAP_BlackAlone,V_20_CVAP_AsianAlone,V_20_CVAP_NativeAlone,V_20_CVAP_PacificAlone,V_20_CVAP_OtherAlone,V_22_CVAP_Total,V_22_CVAP_White,V_22_CVAP_Hispanic,V_22_CVAP_Black,V_22_CVAP_Asian,V_22_CVAP_Native,V_22_CVAP_Pacific,V_22_CVAP_BlackAlone,V_22_CVAP_AsianAlone,V_22_CVAP_NativeAlone,V_22_CVAP_PacificAlone,V_24_CVAP_Total,V_24_CVAP_White,V_24_CVAP_Hispanic,V_24_CVAP_Black,V_24_CVAP_Asian,V_24_CVAP_Native,V_24_CVAP_Pacific,V_24_CVAP_BlackAlone,V_24_CVAP_AsianAlone,V_24_CVAP_NativeAlone,V_24_CVAP_PacificAlone,E_08_PRES_Total,E_08_PRES_Dem,E_08_PRES_Rep,E_16_PRES_Total,E_16_PRES_Dem,E_16_PRES_Rep,E_16_GOV_Total,E_16_GOV_Dem,E_16_GOV_Rep,E_16_LTG_Total,E_16_LTG_Dem,E_16_LTG_Rep,E_18_SEN_Total,E_18_SEN_Dem,E_18_SEN_Rep,E_18_AG_Total,E_18_AG_Dem,E_18_AG_Rep,E_16-20_COMP_Total,E_16-20_COMP_Dem,E_16-20_COMP_Rep,E_20_PRES_Total,E_20_PRES_Dem,E_20_PRES_Rep,E_20_SEN_Total,E_20_SEN_Dem,E_20_SEN_Rep,E_20_GOV_Total,E_20_GOV_Dem,E_20_GOV_Rep,E_20_LTG_Total,E_20_LTG_Dem,E_20_LTG_Rep,E_24_PRES_Total,E_24_PRES_Dem,E_24_PRES_Rep
0,Un,0,0,0,0,0,0,0,0,0,0,0,0,0,0,0,0,0,0,0,0,0,0,0,0,0,0,0,0,0,0,0,0,0,0,0,0,0,0,0,0,0,0,0,0,0,0,0,0,0,0,0,0,0,0,0,0,0,0,0,0,0,0,0,0,0,0,0,0,0,0,0,0,0,0,0,0,0,0,0,0,0,0,0,0,0,0,0,0,0,0,0,0,0,0,0,0,0,0,0,0,0,0,0,0,0,0,0,0,0,0,0,0,0,0,0,0,0,0,0,0,0,0,0,0,0,0,0,0,0,0,0,0,0,0,0,0,0,0,0,0,0,0,0,0,0,0,0,0,0,0,0,0,0,0,0,0,0,0,0,0,0,0,0,0
1,1,22692,6852,866,14771,318,244,19,0,0,18778,5604,844,12164,174,136,0,11871,99,53,8,285,23383,7136,1122,14843,327,197,0,0,0,23066,6369,1342,15092,464,410,28,23977,6651,1274,15704,389,142,0,15331,283,49,0,50,340,23114,7226,1393,14190,380,247,0,17965,6193,595,10980,247,183,16,0,0,18684,6370,624,11444,83,143,0,11286,64,60,58,0,18644,5789,964,11567,375,300,19,18644,5789,964,10885,270,44,6,107,579,18578,5866,696,11725,94,93,0,0,0,0,0,0,17766,6336,828,10410,54,134,0,10190,47,4,0,18252,6326,724,10969,107,344,5,10553,95,9,5,12082,10761,1209,11481,9878,1199,10662,9220,1183,10471,8297,2174,9144,8077,804,9005,7483,1522,10746,9375,1140,11984,10696,1136,11399,10016,1043,11490,10105,1130,11099,9486,1613,10744,9470,1128
2,2,22599,5188,2633,14942,207,215,25,0,0,19104,4211,1809,12964,251,129,9,12494,225,33,52,241,23838,4800,2546,16365,248,166,32,0,0,23821,4913,3457,15359,515,394,46,23479,5130,2349,15783,319,263,73,15143,291,67,10,55,430,23310,4988,2394,15558,561,302,172,16829,4660,1664,10497,167,151,17,0,0,16627,4204,1039,11149,109,99,13,11024,89,69,38,0,17986,4419,2283,11048,420,277,34,17986,4419,2283,10337,321,27,1,58,540,16550,4484,1158,10643,191,175,8,0,0,0,0,0,16898,4555,1160,10775,327,173,33,10544,285,4,33,16691,4844,1188,10236,291,239,1,9926,242,25,1,8526,7678,756,8133,7030,848,7361,6383,775,7236,5826,1410,5715,5003,546,5623,4623,1000,7334,6369,826,8588,7565,945,8024,6973,825,8088,7033,856,7824,6637,1187,7839,6687,1049
3,3,24618,6622,5749,12528,283,371,44,0,0,21109,5595,4511,10924,324,132,22,10173,293,42,92,360,22142,6091,4521,11495,286,147,16,0,0,23366,5617,5515,12587,294,578,45,22270,6097,4817,11351,365,183,4,10194,330,64,1,18,748,23703,6986,4586,12127,149,366,10,18007,5804,3663,8578,218,236,32,0,0,15553,5247,2353,7706,119,122,1,7589,117,78,31,0,17132,4844,3602,8700,228,429,33,17132,4844,3602,7932,173,26,6,69,480,16197,5441,2495,8089,154,84,0,0,0,0,0,0,17255,6178,2372,8557,34,89,1,7985,30,14,1,17608,6025,2455,8689,153,124,12,8008,147,8,12,9662,8392,1165,8877,7334,1241,8091,6823,1054,7845,6325,1520,6212,5279,717,6100,5073,1027,7720,6479,1058,8751,7404,1259,8138,6802,1036,8250,6963,1067,7912,6553,1359,7720,6315,1279
4,4,18331,15575,868,1373,183,494,34,0,0,4891,3680,429,588,1,273,0,461,1,194,8,105,22407,18460,1637,1749,277,456,15,0,0,23586,19132,1647,1621,422,737,26,24038,19233,1344,1961,409,331,15,1450,258,198,15,884,652,24370,20105,1438,1599,359,561,14,15615,13695,560,927,130,388,18,0,0,18981,16766,522,1149,165,367,15,1022,161,267,24,0,20387,17259,1043,1113,320,578,16,20387,17259,1043,921,232,206,8,33,685,20333,17834,612,1353,174,293,15,0,0,0,0,0,20851,18461,649,1150,215,348,15,837,124,194,15,22691,19971,921,1163,365,288,4,756,210,101,4,9087,4447,4505,11038,4242,6444,10651,4857,5591,10466,5006,5460,9799,4354,5310,9588,4647,4941,12060,5377,6504,14221,6378,7710,13867,6297,7267,13951,6372,7370,13669,6360,7309,18582,8573,9819
5,5,21657,7476,2293,10834,1334,242,41,0,0,12231,3233,1900,6607,615,123,0,6143,565,2,3,380,21855,6167,2877,11991,1166,349,16,0,0,23394,6430,2904,12707,1510,434,43,22167,6008,2312,12852,1073,501,19,12019,927,43,18,74,767,23207,6007,3263,13365,961,448,31,15741,6114,1431,7336,958,169,30,0,0,14213,5042,1063,7470,505,116,0,7338,502,30,64,0,17839,5476,1938,9238,1157,325,27,17839,5476,1938,8633,1040,44,4,106,598,15245,5224,1084,8273,496,165,0,0,0,0,0,0,16704,5608,1747,8619,649,55,0,8490,636,10,0,16190,5143,1812,8521,667,27,0,8458,640,0,0,9359,7782,1484,10040,7879,1833,9406,7616,1582,9292,7300,1992,7790,6444,1174,7648,6129,1519,9472,7626,1672,10732,8683,1944,10340,8322,1765,10334,8326,1812,10143,8158,1985,9954,7793,2050
6,6,22315,17801,680,2953,895,96,13,0,0,17440,13775,692,1788,946,130,3,1695,818,55,106,252,22883,16229,748,3849,1892,192,6,0,0,23054,16894,1097,3637,1189,298,36,22098,16607,622,3257,1791,155,9,2696,1270,106,3,61,728,23170,17051,832,3807,1526,111,29,17581,14449,442,2006,659,72,9,0,0,16919,13127,526,2588,453,138,4,2551,394,89,76,0,18551,14073,721,2651,872,234,26,18551,14073,721,2375,756,23,3,70,530,16535,13407,352,2032,536,101,4,0,0,0,0,0,17243,13760,455,2314,551,61,0,2240,485,0,0,17463,14280,522,1946,577,102,0,1827,547,27,0,13732,8879,4642,13103,7977,4408,12895,8229,4315,12615,8088,4527,11261,7664,3283,11091,7684,3407,12864,8672,3892,14090,9560,4308,13847,9565,3918,13851,9548,4039,13565,9127,4438,13537,9033,4284
7,7,21126,13577,1323,5172,1072,175,18,0,0,13871,9446,502,3093,740,103,18,2826,704,81,13,265,22806,14070,1260,5837,1758,126,32,0,0,22931,12479,1919,6240,2125,453,22,22088,13221,1385,5754,1806,161,29,5231,1729,65,2,17,438,23206,12995,1696,6789,1938,202,0,16409,11265,832,3497,790,124,12,0,0,16105,11340,614,3724,395,44,4,3565,373,20,14,0,18256,10628,1270,4598,1598,330,10,18256,10628,1270,4161,1482,43,4,83,585,16134,10850,819,4114,332,68,4,0,0,0,0,0,17284,11005,980,4698,490,96,0,4485,441,10,0,16473,10395,888,4100,842,119,87,3937,794,0,87,10476,7399,2904,10361,6691,3127,9867,6755,2749,9628,6713,2915,8343,5951,2173,8204,5954,2250,10027,7015,2771,11359,7990,3216,11004,7764,2925,11019,7802,2955,10782,7597,3185,10597,7182,3242
8,8,21591,13614,1481,5772,829,163,34,0,0,0,0,0,0,0,0,0,0,0,0,0,0,25191,16510,2194,6007,820,183,4,0,0,25283,13769,2109,7780,1556,444,22,24109,15178,1675,5950,854,172,0,5498,690,0,0,442,632,25311,14742,1615,7568,947,173,0,15005,9946,905,3663,525,101,25,0,0,17854,12234,1005,4107,473,27,0,4059,414,0,27,0,18712,10814,1399,5347,1068,319,19,18712,10814,1399,4890,942,18,4,76,569,17714,11998,864,4368,462,17,0,0,0,0,0,0,17812,11377,740,5240,415,47,0,5154,367,0,0,18343,11728,629,5612,365,7,0,5512,364,0,0,9093,5877,3098,11072,6155,4371,10666,6570,3878,10710,6887,3823,9203,5926,3099,9110,5702,3408,11593,7175,4179,13601,8467,4925,13333,8396,4592,13324,8387,4689,13188,8434,4754,14131,8643,5278
9,9,13710,10846,397,2114,341,112,13,0,0,8015,5136,256,2554,91,55,4,2406,43,16,0,147,18345,12971,738,3705,981,107,0,0,0,25123,15555,1340,6154,1692,503,32,22743,15662,1498,3751,1882,123,0,3512,1728,24,0,0,318,26282,16590,1807,5897,2074,221,45,9796,7962,230,1369,206,74,10,0,0,13009,9987,251,2239,483,32,0,2209,422,14,4,0,18593,12104,838,4268,1102,311,19,18593,12104,838,3916,967,22,4,82,660,15516,11823,517,2365,679,50,0,0,0,0,0,0,18177,12644,694,3912,789,57,40,3875,675,15,40,19484,13289,977,4053,1087,106,18,3886,1065,1,18,7426,4182,3127,10308,4984,4781,9983,5471,4327,9925,5685,4240,9418,5579,3644,9236,5489,3747,11943,6809,4891,14471,8276,6000,14168,8290,5528,14177,8276,5675,14007,8239,5768,16849,9601,6998
10,10,22702,18152,459,2155,1936,111,24,0,0,20717,16670,366,1828,1746,121,6,1780,1651,35,1,181,23653,18864,388,2211,2094,126,0,0,0,23180,16834,827,2644,2535,279,19,23074,18551,283,2438,1781,28,0,2357,1749,23,0,4,106,23433,17786,427,2939,2218,469,15,18049,14684,318,1621,1417,68,12,0,0,17822,14915,274,1674,918,51,0,1670,918,22,4,0,18734,14055,559,2011,1874,188,14,18734,14055,559,1833,1779,21,7,75,405,17541,14851,210,1623,831,24,0,0,0,0,0,0,17757,14716,230,1636,947,87,0,1562,894,8,0,18018,14240,481,1736,1095,119,0,1604,996,0,0,13417,8141,5094,13225,7461,5073,12871,7756,4766,12531,7586,4945,11192,7236,3710,11004,7314,3690,12895,8201,4440,14168,8986,4981,13942,9103,4537,13951,9101,4650,13712,8718,4994,13429,8317,4887
11,11,22019,17479,755,3355,305,270,18,0,0,9920,8660,278,641,180,116,0,497,74,36,10,320,23100,18122,737,3173,778,266,49,0,0,24861,19077,1354,3197,560,747,64,23787,17579,898,3966,894,273,63,3644,439,79,42,144,957,23949,17720,1070,3708,1085,131,1,16429,13272,438,2408,183,193,16,0,0,17581,14361,363,2224,441,193,4,2135,398,86,7,0,18917,14879,829,2348,345,527,38,18917,14879,829,2021,263,84,11,58,772,18143,14583,302,2597,465,208,0,0,0,0,0,0,18044,14579,481,2383,565,103,0,2075,516,10,0,18043,14592,597,2210,292,161,0,1963,282,62,0,8726,4361,4204,10511,3756,6174,10216,4642,5327,10048,5170,4878,8288,3765,4350,8156,3823,4333,10606,4432,5940,12470,5040,7232,12209,5101,6763,12226,5160,6842,12065,5362,6703,12729,4716,7809
12,12,23666,20954,701,825,1174,88,11,0,0,18537,15380,867,839,1456,116,1,583,1302,28,49,270,24437,20967,852,1057,1415,145,20,0,0,25133,20990,1069,995,1647,286,16,24438,21212,1141,806,1073,118,20,559,949,46,0,254,284,25252,21350,969,1131,1337,75,21,18818,16857,463,597,862,59,9,0,0,18699,16870,483,675,590,69,0,665,545,25,19,0,20604,17535,734,755,1234,190,13,20604,17535,734,630,1087,9,1,48,560,18767,17067,672,513,471,29,0,0,0,0,0,0,19469,17483,631,732,614,8,0,663,503,0,0,19737,17261,776,793,908,20,0,711,775,0,0,15724,9037,6501,15189,8602,5754,15112,9086,5704,14691,8507,6184,13584,8818,4483,13420,8934,4486,15377,9893,5192,16826,10828,5786,16693,11196,5139,16695,10983,5487,16361,10309,6052,16648,10596,5787
13,13,24422,15141,5552,3495,430,229,15,0,0,21474,12961,5133,3173,308,203,9,2684,231,65,44,325,24441,14099,6415,3683,424,421,16,0,0,25044,13456,6759,4330,559,602,51,24464,14463,5288,4075,421,284,9,3493,367,124,0,9,723,24602,13680,5629,4661,505,620,13,18507,12568,3389,2275,310,159,11,0,0,16508,11703,2347,1991,269,167,10,1914,244,102,13,0,19338,11389,4514,2993,399,438,39,19338,11389,4514,2485,324,27,10,63,526,17067,11993,1968,2613,243,131,0,0,0,0,0,0,17562,11779,2366,2919,252,193,0,2801,163,75,0,18001,11496,3108,3066,141,200,0,3002,53,57,0,10434,7671,2567,10225,6100,3585,9790,6476,2967,9508,6415,3093,7546,5131,2168,7396,5223,2173,9570,6355,2959,11006,7312,3510,10616,7148,3116,10674,7179,3194,10404,7090,3314,10124,6257,3704
14,14,18048,15884,741,1013,334,128,8,0,0,2268,2171,41,24,16,0,0,19,16,0,0,5,21490,19388,422,1054,602,48,28,0,0,23044,19820,1180,1019,554,341,27,21642,18972,539,1463,569,73,36,997,479,18,0,58,581,24315,21547,536,1243,705,99,46,15658,14175,543,630,231,99,7,0,0,18907,17483,278,738,315,31,0,694,311,27,60,0,20401,18056,821,711,414,260,25,20401,18056,821,555,335,46,7,68,513,19395,17442,291,1248,372,50,0,0,0,0,0,0,21546,19502,319,1120,472,63,0,869,394,14,0,22002,19744,500,1122,526,69,5,871,431,11,5,10021,5283,4618,12740,6579,5768,12484,7116,5148,12240,7081,5159,11839,6902,4747,11609,7151,4458,13854,8118,5560,15798,9352,6307,15609,9371,5963,15646,9402,6079,15395,9238,6157,17823,10794,6835
15,15,20765,12733,1140,5791,1181,187,7,0,0,11397,5910,754,3920,935,139,8,3502,866,25,4,334,21683,11044,1846,7775,1371,268,17,0,0,24530,11190,2065,9041,2065,526,21,22647,11443,1923,7974,1554,166,0,7419,1410,1,0,3,453,25302,12214,2746,8776,1779,194,0,15644,10098,739,3989,825,131,5,0,0,16730,9390,962,5542,769,104,0,5401,714,29,49,0,19301,9355,1403,6802,1564,401,18,19301,9355,1403,6219,1430,34,5,108,747,17250,9436,834,5862,869,66,0,0,0,0,0,0,19151,10101,1158,6385,1248,48,0,6259,1243,5,0,18816,9755,1321,6177,1236,49,8,6029,1202,3,8,9938,6957,2853,11083,6974,3618,10680,7093,3306,10503,7044,3459,8942,6316,2414,8816,6149,2667,11114,7623,3255,12836,8808,3848,12528,8733,3482,12532,8766,3542,12309,8500,3809,12479,8272,4021
16,16,24069,9498,3225,11319,285,260,29,0,0,18786,6989,2887,8809,378,200,0,8037,332,24,74,419,25037,9351,3302,11982,546,213,0,0,0,24169,7730,4532,11597,445,573,45,24821,9246,4123,10883,608,97,0,10469,486,7,0,84,408,24211,8271,4721,10949,518,267,0,18138,7958,1959,8101,206,191,19,0,0,18505,8176,1608,8422,235,126,0,8272,180,22,35,0,18704,6756,2979,8611,345,412,33,18704,6756,2979,8060,230,60,8,72,539,18040,7909,2111,7764,216,86,0,0,0,0,0,0,17687,7094,2359,7908,172,235,0,7649,123,20,0,17516,6549,2798,7816,261,171,0,7618,221,10,0,10797,9151,1525,10265,7970,1936,9562,7792,1519,9396,7276,2120,7736,6366,1198,7578,5912,1666,9495,7549,1751,10855,8654,2075,10240,8134,1816,10328,8216,1826,10013,7980,2033,10102,7739,2237
17,17,23990,12714,2973,7657,805,227,32,0,0,14318,7830,2411,3985,421,100,0,3203,421,24,2,389,24276,11255,3753,8672,959,112,32,0,0,24699,10873,4086,8885,856,515,40,24378,11118,3651,8895,928,83,64,7784,895,29,59,57,781,24399,11527,3145,8745,841,244,26,18450,10434,1950,5503,607,164,23,0,0,17808,9286,1724,6101,569,84,30,5943,569,44,35,0,19596,9281,2709,6811,694,412,31,19596,9281,2709,6245,582,44,11,77,647,18290,9885,1891,5822,560,74,60,0,0,0,0,0,19211,10522,1794,6178,670,107,20,5938,666,10,20,19100,9318,2207,6816,626,136,4,6562,618,9,4,10509,8032,2350,10609,6964,3174,10009,7161,2576,9815,6889,2926,8245,6051,1991,8114,5938,2176,10192,7201,2776,11758,8244,3370,11270,8000,2965,11305,8027,3026,11025,7860,3165,10698,7221,3329
18,18,23484,12416,2405,6640,2177,231,30,0,0,16317,7896,1663,4648,2175,151,4,4311,2099,77,3,250,23782,11928,2652,6750,2530,328,5,0,0,24505,10719,3059,7800,2854,448,40,24799,12125,3465,6837,2510,327,14,6259,2399,68,13,0,473,25298,11859,4118,6424,3202,317,23,18323,10428,1522,4722,1705,159,20,0,0,17174,10114,1482,4898,505,199,4,4726,432,55,48,0,19715,9317,2118,5927,2210,364,31,19715,9317,2118,5446,2091,42,5,72,624,17919,10017,1810,5144,743,185,10,0,0,0,0,0,17813,9766,2123,4442,1186,181,4,4203,1064,66,4,17416,9092,1569,5344,1356,72,10,5027,1282,0,10,10300,7596,2576,9919,6511,2893,9463,6630,2543,9301,6512,2789,7615,5669,1787,7497,5548,1949,9443,6755,2471,10807,7774,2888,10429,7515,2641,10448,7534,2666,10234,7340,2894,10121,7026,2961
19,19,24590,18435,3592,2174,458,220,18,0,0,22907,15950,4154,2027,893,113,3,1649,833,5,7,308,24637,16911,4544,2491,877,90,5,0,0,25130,15813,5359,2672,998,579,15,23987,16265,3918,3100,746,166,3,2649,681,114,0,18,343,24160,15517,4352,3337,903,187,4,19483,15398,2281,1462,338,163,12,0,0,17829,14352,1522,1600,336,10,0,1518,295,10,4,0,20134,13621,3508,1988,720,446,10,20134,13621,3508,1705,633,34,3,52,578,17601,13827,1484,1897,283,119,4,0,0,0,0,0,18186,13263,2182,2150,469,127,15,2032,394,30,15,18293,13066,2434,2081,568,135,0,2045,443,28,0,11858,7946,3717,11322,6139,4568,10834,6700,3815,10505,6583,3922,8567,5350,2952,8387,5516,2871,10696,6519,3906,12249,7407,4637,11889,7371,4167,11926,7348,4298,11600,7230,4370,11503,6580,4722
20,20,16210,13361,902,1641,222,203,10,0,0,1946,1438,216,276,11,43,0,227,3,16,5,23,20391,18071,752,1045,146,324,56,0,0,23078,18930,1711,1492,492,454,18,21853,19116,780,1213,485,300,31,882,403,71,8,67,526,24083,20970,1086,1331,624,36,51,13369,11380,590,1169,158,142,8,0,0,16948,15438,436,826,41,137,15,801,40,62,65,0,19835,16859,1109,1116,380,311,14,19835,16859,1109,989,297,59,7,57,458,18391,16669,481,857,230,136,10,0,0,0,0,0,20162,18201,578,961,339,28,0,901,305,2,0,21934,19154,749,1442,511,161,0,1229,433,18,0,9139,4636,4387,11801,5210,6083,11530,5777,5488,11299,5871,5428,11444,5972,5257,11202,6184,5018,13356,6952,6194,15462,8188,7118,15218,8079,6798,15262,8180,6881,14933,8012,6921,17860,9584,8046
21,21,23888,18680,1642,1830,1760,150,14,0,0,19979,14938,1059,2335,1601,163,14,2081,1536,52,0,309,23748,17618,1396,2842,1731,153,37,0,0,24050,17350,1827,2589,2001,390,34,23836,17248,1852,3076,1626,185,31,2304,1562,69,21,113,664,24284,17142,1891,3507,1605,215,16,18776,15112,1088,1315,1255,108,10,0,0,17871,14661,836,1707,560,51,20,1657,558,26,37,0,19597,14739,1284,1859,1456,270,26,19597,14739,1284,1547,1331,22,2,62,610,17681,14381,935,1723,583,71,20,0,0,0,0,0,18329,14544,957,2057,652,138,0,1898,613,10,0,19092,14741,1215,1976,1008,121,0,1767,896,0,0,12693,7992,4514,12792,6870,5174,12435,7261,4798,12058,7212,4846,10554,6560,3719,10329,6661,3668,12351,7518,4516,13632,8252,5119,13417,8431,4615,13419,8351,4759,13145,8104,5041,13097,7626,5223
22,22,24665,20708,626,822,2442,81,19,0,0,12182,9644,233,596,1636,65,0,453,1581,48,2,206,23380,18850,413,1195,2824,107,119,0,0,25064,18844,966,1025,3823,231,26,23793,18423,598,1113,3584,87,193,709,3238,33,0,2,793,24377,18340,735,952,4163,123,4,18863,16141,379,600,1698,55,9,0,0,17425,14865,265,875,1235,87,0,821,1205,65,85,0,20007,15593,602,759,2756,155,9,20007,15593,602,632,2601,18,2,64,495,17624,14734,284,819,1578,74,0,0,0,0,0,0,18147,14979,342,728,2059,32,0,598,1868,4,0,18259,14689,706,489,2318,60,0,389,1992,0,0,15350,8618,6547,15178,7847,6544,15030,8333,6367,14685,8119,6566,12993,7813,4905,12770,7901,4869,15086,8942,5830,16693,9918,6530,16487,10217,5885,16505,9996,6261,16216,9624,6592,15815,9056,6480
23,23,26418,21520,1054,1740,2079,150,32,0,0,16872,11848,1417,1781,1773,88,20,1538,1570,36,28,411,27386,19649,2129,2771,2856,192,29,0,0,23870,16854,1434,2811,2521,251,30,27540,19058,2785,3527,2819,197,35,2299,2386,37,22,16,936,24612,17257,2529,3464,2143,154,0,22319,18310,831,1384,1757,120,26,0,0,21560,16986,1221,1917,1260,131,14,1761,1140,39,14,0,20508,14735,1066,2271,2186,211,22,20508,14735,1066,1949,2013,18,2,53,672,21122,16458,1392,2073,1000,113,19,0,0,0,0,0,18945,15095,1267,1767,687,113,0,1506,538,39,0,18343,14168,1313,1701,1033,118,0,1419,849,17,0,11199,6884,4112,10902,6305,3881,10725,6498,3899,10535,6592,3943,9383,6105,2957,9238,6172,3066,10763,6957,3499,11861,7756,3857,11616,7713,3549,11642,7698,3691,11432,7498,3934,10826,6970,3658
24,24,23918,15349,2887,4712,1024,233,45,0,0,21791,13420,2964,4182,1214,191,83,3726,1063,24,36,527,23790,14035,3856,4853,1243,252,46,0,0,24939,13172,4102,5758,1769,633,43,23689,12569,4536,5276,1513,215,84,4452,1190,88,0,39,815,24483,13188,4938,4402,2016,316,68,18466,12707,1789,3185,772,174,26,0,0,16909,11978,1431,2960,420,120,0,2806,381,90,42,0,19544,11137,2685,4204,1325,472,30,19544,11137,2685,3652,1161,32,5,55,817,16860,11011,1923,3313,490,141,0,0,0,0,0,0,17584,11366,2123,3138,851,211,0,2917,731,65,0,17732,10548,2622,3596,826,168,0,3323,800,11,0,9976,7068,2737,10018,5999,3402,9554,6119,3051,9381,6241,3140,7423,4930,2240,7286,5014,2272,9420,6170,2973,10854,7141,3507,10502,6970,3163,10508,6959,3249,10267,6839,3428,9907,6172,3531
25,25,23686,17335,1227,3095,2075,142,23,0,0,11989,9461,733,839,967,30,0,503,814,2,33,423,24813,16926,1945,3345,2616,144,179,0,0,25000,15232,1922,5341,2351,370,28,24196,15970,2085,3658,2368,229,158,2616,1907,60,0,111,1445,24331,14690,2865,4316,2364,262,133,19632,14876,900,2206,1641,109,18,0,0,18546,14207,1172,2204,811,89,0,2016,707,65,70,0,21231,13324,1436,4413,1892,279,20,21231,13324,1436,3851,1736,16,7,75,786,18930,13941,1544,2482,812,182,0,0,0,0,0,0,18862,13066,1764,2875,988,190,40,2219,906,14,40,20227,13796,1650,3343,1212,171,25,2662,1068,0,25,8679,5800,2719,9411,5519,3315,9126,5708,3099,9037,5904,3133,7608,5085,2286,7463,5102,2361,8813,5779,2786,9642,6402,3033,9423,6289,2842,9434,6303,2906,9265,6297,2968,9425,6094,3168
26,26,22244,10849,2791,6972,1849,257,33,0,0,11237,4771,2562,3314,575,108,0,3090,527,14,21,245,23509,9992,4236,6872,2402,315,29,0,0,22925,8461,3553,7646,3234,432,23,22710,9314,3773,6750,2966,222,20,6372,2672,23,14,22,517,23391,9626,3370,7460,3046,123,0,16065,8522,1742,4571,1309,156,17,0,0,15229,8231,1074,4660,1060,138,15,4583,987,76,74,0,17298,7084,2243,5539,2341,315,16,17298,7084,2243,5063,2216,35,0,66,591,15329,7924,887,4761,1535,126,15,0,0,0,0,0,15937,8088,1181,4886,1594,85,0,4817,1358,0,0,15773,6659,1334,5845,1828,123,0,5729,1598,4,0,8962,6783,2084,9413,6394,2547,9025,6420,2333,8904,6351,2553,7251,5417,1650,7151,5344,1807,8824,6421,2190,9911,7229,2530,9604,7058,2261,9609,7054,2332,9438,6883,2555,9191,6470,2583
27,27,23209,16462,909,4384,1515,195,23,0,0,6897,4482,412,1605,408,9,0,1428,317,9,51,191,24355,15636,1046,5508,2355,81,0,0,0,24954,14868,1506,5446,2914,383,31,24370,15480,1122,5429,2509,66,0,4801,2268,0,0,0,697,24409,14570,1161,5939,2737,153,0,16731,12154,582,3048,966,139,13,0,0,17619,12282,432,3734,1118,46,0,3427,1036,1,55,0,19145,11931,1001,4029,1971,282,18,19145,11931,1001,3656,1832,22,0,79,624,17565,12298,353,3718,1273,55,0,0,0,0,0,0,17420,11900,444,4087,906,87,0,3897,872,38,0,18018,12378,726,3882,1048,178,0,3581,997,32,0,12174,7668,4361,12796,6813,5300,12356,7280,4779,12293,7456,4837,10301,6479,3618,10134,6403,3731,12674,7644,4755,14479,8707,5554,14206,8753,5117,14193,8704,5234,14011,8719,5292,14119,8135,5747
28,28,23914,14938,1238,7236,427,305,29,0,0,11845,6652,780,4160,158,90,31,3807,105,6,164,304,26257,14221,1553,10024,398,218,48,0,0,25703,13018,2086,9688,718,702,62,25510,14399,1998,8749,497,183,14,7873,251,12,0,84,882,25861,13738,2323,9902,597,159,38,18298,11941,770,5190,308,217,21,0,0,19724,11259,831,7194,202,162,0,7027,153,25,167,0,19965,10695,1349,7102,533,500,39,19965,10695,1349,6512,393,65,8,87,856,18962,11112,997,6620,317,91,0,0,0,0,0,0,19714,10998,1375,6998,323,137,0,6675,205,25,0,19434,10578,1634,6810,239,403,35,6151,197,9,35,9469,5875,3453,10642,5509,4601,10270,6056,3930,10060,6198,3862,8144,4949,3003,8027,4945,3082,10370,6012,4117,12044,6973,4867,11730,6840,4534,11770,6888,4606,11579,6793,4786,11626,6685,4760
29,29,18608,12406,872,4474,606,488,33,0,0,2755,1262,178,1194,140,78,25,1052,79,71,27,85,21582,13679,1504,5845,621,494,14,0,0,23301,13238,1476,7258,864,682,24,21787,12986,1897,6390,574,528,32,5266,301,257,0,11,1081,23668,12510,2307,8115,999,567,23,13600,9405,504,3025,406,357,18,0,0,16307,10529,835,4308,434,284,1,4085,327,184,10,0,17835,10551,923,5304,620,501,11,17835,10551,923,4901,511,173,3,93,680,16843,10219,940,4952,365,394,4,0,0,0,0,0,17767,9493,1133,6178,568,249,0,5503,467,136,0,19412,10589,1240,6608,702,249,0,5880,587,107,0,8147,4567,3471,10076,4893,4735,9795,5274,4330,9573,5414,4159,8710,4914,3628,8592,4915,3677,10877,5950,4713,12810,7012,5607,12521,6944,5216,12577,7012,5331,12393,6845,5548,14474,8348,5905
30,30,23906,19296,829,3306,314,355,40,0,0,15791,12295,678,2530,262,178,0,2136,139,61,26,372,23872,18686,1082,3560,477,418,0,0,0,24785,18519,1250,3859,415,834,41,24365,18984,1210,3807,403,268,28,3359,160,57,0,9,594,24850,19797,930,3645,494,397,20,18089,15030,487,2192,231,242,20,0,0,18180,14717,616,2202,297,231,0,2139,232,122,123,0,19285,14877,810,2669,292,643,24,19285,14877,810,2322,198,84,1,77,916,18495,14852,682,2403,230,115,0,0,0,0,0,0,18575,15006,608,2432,235,141,0,2325,208,14,0,19707,16224,529,2444,203,193,0,2293,186,11,0,9969,4274,5541,10608,3000,7093,10374,3707,6432,10086,4247,5839,8230,2930,5147,8099,3180,4919,10533,3599,6724,12312,4113,8004,12036,4153,7549,12094,4212,7665,11937,4176,7761,12787,3957,8626
31,31,22616,10658,1221,10107,846,376,42,0,0,15825,6823,1203,7585,409,574,31,6591,290,170,1,718,23593,10169,1763,11075,790,741,66,0,0,25086,10147,1780,11822,1122,650,60,24006,9665,1713,11423,1238,550,68,9930,999,166,5,126,1399,24306,8924,1761,12420,1295,638,180,18199,9130,844,7672,643,265,27,0,0,18355,8633,1103,7839,440,443,21,7426,411,219,82,0,20283,8858,1260,8985,878,456,37,20283,8858,1260,8124,730,78,10,160,1063,19137,8696,1116,8154,836,304,35,0,0,0,0,0,18822,8247,1141,8493,845,301,4,7975,613,142,4,18584,7093,1455,9205,732,199,4,8693,499,53,4,9118,5896,3117,8879,5469,2887,8687,5501,2977,8532,5479,3053,7209,4872,2169,7100,4766,2334,8890,5973,2699,10203,6982,3043,9959,6825,2827,10040,6872,2956,9869,6491,3378,9225,6353,2712
32,32,21187,11182,1952,7395,914,309,72,0,0,9457,4560,670,3938,560,96,33,3395,367,6,17,423,23718,12404,2531,7964,1126,270,88,0,0,23371,9954,2748,9405,1160,672,88,24571,12763,3146,7981,970,251,106,6656,488,43,4,145,1333,23810,11581,3182,8116,740,271,82,15365,8767,1208,4814,642,208,41,0,0,16318,9729,1118,4818,422,201,28,4627,311,84,84,0,17030,8015,1713,6271,813,496,75,17030,8015,1713,5569,647,89,31,74,892,17183,9314,1737,5562,299,160,4,0,0,0,0,0,16898,9359,1635,5311,259,142,0,4819,214,5,0,16376,8660,1670,5424,301,194,5,4911,252,14,5,7441,4483,2868,7293,4175,2681,7029,4110,2733,6873,4142,2731,5649,3536,1956,5559,3554,2005,7300,4551,2555,8661,5515,2971,8352,5228,2846,8425,5327,2878,8292,4980,3312,7985,4951,2905
33,33,21461,14890,1621,4561,404,307,27,0,0,8855,6364,786,1678,60,72,21,1409,32,4,1,217,23660,15672,2250,5511,249,304,101,0,0,23735,15241,2293,5289,621,701,58,24212,16273,1586,5839,307,414,16,5315,192,243,15,0,581,24387,16654,1559,5415,356,513,35,16140,11773,973,3056,268,212,19,0,0,17295,12623,922,3347,194,181,55,3187,126,83,0,0,18403,12495,1479,3654,453,482,45,18403,12495,1479,3192,280,77,10,53,817,18054,13643,733,3159,191,344,15,0,0,0,0,0,19034,14224,812,3353,163,486,20,3054,97,163,20,20149,14287,967,4061,401,474,0,3608,257,163,0,9002,4430,4458,10319,3875,5896,10142,4224,5736,9881,4713,5168,8365,3633,4572,8227,3815,4412,10365,4427,5717,11932,5095,6644,11710,5072,6308,11768,5089,6466,11589,4983,6606,12451,5249,7004
34,34,21054,13956,1174,5112,869,281,51,0,0,11029,6999,567,3006,630,84,14,2648,342,42,20,401,23712,14245,1588,6386,1640,278,19,0,0,24498,14504,1761,6634,1321,687,70,23519,13693,1198,7102,1592,229,10,6214,1165,43,0,73,1127,24289,13933,1533,7090,1640,574,16,15614,10832,716,3423,599,189,32,0,0,17657,11455,872,4456,629,143,8,4300,504,63,77,0,18794,11693,1095,4768,941,524,45,18794,11693,1095,4175,732,92,9,92,906,17023,11040,602,4481,824,120,0,0,0,0,0,0,17447,11373,944,4061,849,232,0,3893,759,83,0,18498,11044,1085,5398,769,192,25,5187,667,49,25,9765,4980,4681,11239,4794,5823,11030,5034,5766,10766,5459,5307,9441,4862,4393,9289,4965,4324,11432,5828,5342,13073,6797,6047,12805,6745,5682,12852,6811,5789,12661,6440,6221,13192,6755,6182
35,35,21474,14361,2409,4503,176,298,45,0,0,11284,6812,1934,2383,102,25,0,2188,102,0,64,154,24923,15002,3471,5864,287,96,0,0,0,22898,14365,3379,4338,353,669,44,24933,15953,3482,4967,296,239,1,4421,244,34,0,273,532,24190,15198,3167,5462,177,490,4,16169,11523,1412,3061,107,200,30,0,0,17977,12451,1105,4203,168,53,0,4176,168,30,0,0,17709,11890,2011,3166,251,505,29,17709,11890,2011,2871,180,54,8,48,647,18217,13484,968,3553,210,157,0,0,0,0,0,0,17555,12886,845,3637,110,289,0,3164,86,49,0,17327,12803,1136,3121,154,338,4,2605,92,55,4,8313,3467,4689,9694,3083,6277,9370,3799,5402,9168,3890,5278,7816,2840,4840,7602,3059,4543,9677,3523,5989,11131,4051,6934,10851,4004,6584,10927,4038,6707,10686,3992,6694,11516,3886,7497
36,36,20306,14335,2304,3453,223,244,57,0,0,11018,7096,1599,1828,306,209,8,1646,150,12,33,410,22122,14810,2963,3559,384,326,41,0,0,23024,14789,3361,4102,371,611,41,22904,15537,3301,3576,254,250,20,3332,157,49,20,72,434,23991,15973,3016,4082,377,363,78,15407,11541,1369,2295,151,175,37,0,0,16209,12202,1231,2395,168,203,15,2335,153,73,15,0,17941,12431,2069,2833,286,461,21,17941,12431,2069,2518,211,53,5,73,581,16416,12683,1286,2188,158,147,10,0,0,0,0,0,17237,13163,1002,2679,173,211,0,2624,173,34,0,17484,12981,1103,3054,142,168,0,2922,142,27,0,8997,4056,4801,9425,3404,5602,9177,3951,5040,9004,4149,4855,7997,3436,4387,7805,3642,4163,9663,4123,5345,11074,4784,6123,10850,4703,5823,10913,4721,5983,10714,4634,6080,12666,5468,7004
37,37,20117,12001,4120,3665,219,584,27,0,0,7314,3956,2451,711,147,78,108,624,147,28,3,82,22872,14403,4817,3038,401,463,175,0,0,24099,13634,6375,3440,248,769,43,23452,14030,5544,3311,294,585,372,2877,283,132,0,20,565,22663,13011,6078,2718,485,496,80,15545,9944,2545,2796,151,390,21,0,0,15909,12113,1130,2228,170,262,0,2191,157,127,27,0,18738,11686,3823,2721,196,501,27,18738,11686,3823,2523,122,73,7,58,446,15582,11571,1215,2412,114,242,0,0,0,0,0,0,15198,11026,1484,2152,297,227,0,2014,268,101,0,15778,11728,1417,2317,104,281,2,2013,90,40,2,7044,3191,3725,8806,3211,5252,8610,3918,4525,8421,4067,4354,7632,3272,4261,7460,3509,3951,9083,3864,5068,10434,4457,5849,10117,4382,5463,10226,4423,5638,9995,4456,5539,11627,4883,6603
38,38,18297,17024,604,413,168,111,11,0,0,3762,3512,111,89,21,7,0,46,15,0,14,40,23411,22168,441,379,209,84,0,0,0,25152,23144,760,452,381,282,27,23757,22244,382,654,229,310,0,309,190,157,0,58,413,25074,23345,480,641,254,246,52,16092,15168,420,303,128,90,9,0,0,20731,20009,205,278,148,83,0,244,138,36,0,0,22893,21351,530,312,324,236,17,22893,21351,530,214,247,13,8,71,459,21150,20032,232,407,162,198,0,0,0,0,0,0,22633,21502,355,407,122,180,0,324,104,143,0,24834,23418,579,373,212,188,0,266,174,157,0,10699,4354,6171,13096,4396,8311,12713,5114,7428,12506,5323,7183,12429,5047,7223,12131,5337,6794,14942,6095,8669,17605,7294,10151,17237,7160,9770,17347,7356,9794,16996,7227,9769,21175,9221,11718
39,39,21982,14583,1802,5152,365,258,59,0,0,15444,10092,1265,3808,293,112,0,3431,219,0,39,353,22719,14219,2379,5853,408,158,0,0,0,23622,13749,3282,5704,454,662,40,23300,14136,2375,6536,459,162,30,5112,315,0,0,20,1342,23672,14249,2327,6894,493,163,40,16537,11823,1098,3266,259,179,35,0,0,16218,11809,840,3324,243,153,0,3113,243,4,0,0,18008,11471,2014,3879,329,452,21,18008,11471,2014,3571,269,53,3,78,549,16857,11953,945,3478,281,156,0,0,0,0,0,0,17594,12420,1099,3727,156,82,0,3353,156,8,0,17936,12443,1528,3613,90,255,0,2977,66,12,0,8762,3755,4881,9123,3165,5575,8797,3826,4743,8562,3772,4790,7102,2866,4105,6911,2982,3929,8667,3453,5037,9847,3898,5793,9530,3859,5388,9573,3926,5460,9359,3845,5514,9942,3758,6047
40,40,22075,17224,1005,3443,307,270,68,0,0,11613,8368,446,2710,84,93,9,2512,41,4,0,176,21914,16291,1495,3840,315,253,35,0,0,23633,16626,1915,4073,432,581,52,22726,16504,1968,3984,257,294,45,3540,170,36,17,11,476,23838,16960,2194,4189,260,429,63,16491,13469,587,2135,227,166,43,0,0,15513,12966,250,1898,138,95,15,1883,123,30,134,0,17831,13347,1147,2565,316,404,38,17831,13347,1147,2315,229,60,3,101,629,16367,13163,567,2294,100,113,20,0,0,0,0,0,17390,13778,649,2325,122,268,25,2274,96,150,25,19137,15023,980,2611,201,185,0,2562,170,46,0,8960,3496,5320,9566,2502,6670,9256,3635,5392,9072,3591,5481,7281,2396,4781,7129,2682,4447,9070,2858,6055,10366,3128,7112,10125,3204,6669,10153,3303,6666,9964,3286,6678,11143,3066,7947
41,41,20305,14677,2199,3024,350,239,23,0,0,4764,3518,579,580,68,51,1,478,59,9,0,112,22135,15388,2200,3712,569,365,4,0,0,25242,17552,3183,3415,564,599,26,21644,16130,1514,3192,532,400,5,2783,348,101,1,0,774,24472,17715,2527,3654,625,442,1,15955,12128,1378,2143,248,173,12,0,0,16262,12723,444,2558,258,255,0,2508,229,13,14,0,20119,14814,2025,2451,400,430,18,20119,14814,2025,2181,329,50,1,71,648,16512,13569,344,2243,210,249,0,0,0,0,0,0,18479,15206,461,2540,307,129,0,2440,243,10,0,19868,15658,777,2908,454,139,0,2754,375,6,0,8591,3614,4842,10474,3495,6618,10150,4483,5479,10010,4761,5249,9191,3590,5480,8995,3927,5068,11357,4388,6806,13414,5152,8133,13094,5078,7677,13183,5152,7857,12933,5296,7637,15117,5431,9497