ID,Label,T_10_CENS_Total,T_10_CENS_White,T_10_CENS_Hispanic,T_10_CENS_Black,T_10_CENS_Asian,T_10_CENS_Native,T_10_CENS_Pacific,T_19_ACS_Total,T_19_ACS_White,T_19_ACS_Hispanic,T_19_ACS_Black,T_19_ACS_Asian,T_19_ACS_Native,T_19_ACS_Pacific,T_19_ACS_BlackAlone,T_19_ACS_NativeAlone,T_20_CENS_Total,T_20_CENS_White,T_20_CENS_Hispanic,T_20_CENS_Black,T_20_CENS_Asian,T_20_CENS_Native,T_20_CENS_Pacific,T_20_ACS_Total,T_20_ACS_White,T_20_ACS_Hispanic,T_20_ACS_Black,T_20_ACS_Asian,T_20_ACS_Native,T_20_ACS_Pacific,T_20_ACS_BlackAlone,T_20_ACS_AsianAlone,T_20_ACS_NativeAlone,T_20_ACS_PacificAlone,T_20_ACS_TwoOrMore,T_22_ACS_Total,T_22_ACS_White,T_22_ACS_Hispanic,T_22_ACS_Black,T_22_ACS_Asian,T_22_ACS_Native,T_22_ACS_Pacific,V_10_VAP_Total,V_10_VAP_White,V_10_VAP_Hispanic,V_10_VAP_Black,V_10_VAP_Asian,V_10_VAP_Native,V_10_VAP_Pacific,V_19_CVAP_Total,V_19_CVAP_White,V_19_CVAP_Hispanic,V_19_CVAP_Black,V_19_CVAP_Asian,V_19_CVAP_Native,V_19_CVAP_Pacific,V_19_CVAP_BlackAlone,V_19_CVAP_AsianAlone,V_19_CVAP_NativeAlone,V_19_CVAP_PacificAlone,V_19_CVAP_OtherAlone,V_19_CVAP_TwoOrMore,V_20_VAP_Total,V_20_VAP_White,V_20_VAP_Hispanic,V_20_VAP_Black,V_20_VAP_Asian,V_20_VAP_Native,V_20_VAP_Pacific,V_20_VAP_NH_Total,V_20_VAP_NH_White,V_20_VAP_NH_Hispanic,V_20_VAP_NH_BlackAlone,V_20_VAP_NH_AsianAlone,V_20_VAP_NH_NativeAlone,V_20_VAP_NH_PacificAlone,V_20_VAP_NH_TwoOrMore,V_20_CVAP_Total,V_20_CVAP_White,V_20_CVAP_Hispanic,V_20_CVAP_Black,V_20_CVAP_Asian,V_20_CVAP_Native,V_20_CVAP_Pacific,V_20_CVAP_BlackAlone,V_20_CVAP_AsianAlone,V_20_CVAP_NativeAlone,V_20_CVAP_PacificAlone,V_22_CVAP_Total,V_22_CVAP_White,V_22_CVAP_Hispanic,V_22_CVAP_Black,V_22_CVAP_Asian,V_22_CVAP_Native,V_22_CVAP_Pacific,V_22_CVAP_BlackAlone,V_22_CVAP_AsianAlone,V_22_CVAP_NativeAlone,V_22_CVAP_PacificAlone,V_24_CVAP_Total,V_24_CVAP_White,V_24_CVAP_Hispanic,V_24_CVAP_Black,V_24_CVAP_Asian,V_24_CVAP_Native,V_24_CVAP_Pacific,V_24_CVAP_BlackAlone,V_24_CVAP_AsianAlone,V_24_CVAP_NativeAlone,V_24_CVAP_PacificAlone,E_08_PRES_Total,E_08_PRES_Dem,E_08_PRES_Rep,E_12_PRES_Total,E_12_PRES_Dem,E_12_PRES_Rep,E_16_PRES_Total,E_16_PRES_Dem,E_16_PRES_Rep,E_16_SEN_Total,E_16_SEN_Dem,E_16_SEN_Rep,E_18_SEN_Total,E_18_SEN_Dem,E_18_SEN_Rep,E_18_GOV_Total,E_18_GOV_Dem,E_18_GOV_Rep,E_18_AG_Total,E_18_AG_Dem,E_18_AG_Rep,E_18_TREAS_Total,E_18_TREAS_Dem,E_18_TREAS_Rep,E_16-20_COMP_Total,E_16-20_COMP_Dem,E_16-20_COMP_Rep,E_20_PRES_Total,E_20_PRES_Dem,E_20_PRES_Rep,E_16-22_COMP_Total,E_16-22_COMP_Dem,E_16-22_COMP_Rep,E_22_SEN_Total,E_22_SEN_Dem,E_22_SEN_Rep,E_22_GOV_Total,E_22_GOV_Dem,E_22_GOV_Rep,E_22_AG_Total,E_22_AG_Dem,E_22_AG_Rep,E_22_TREAS_Total,E_22_TREAS_Dem,E_22_TREAS_Rep,E_22_CONG_Total,E_22_CONG_Dem,E_22_CONG_Rep,E_20-24_COMP_Total,E_20-24_COMP_Dem,E_20-24_COMP_Rep,E_24_PRES_Total,E_24_PRES_Dem,E_24_PRES_Rep,E_24_SEN_Total,E_24_SEN_Dem,E_24_SEN_Rep
0,Un,0,0,0,0,0,0,0,0,0,0,0,0,0,0,0,0,0,0,0,0,0,0,0,0,0,0,0,0,0,0,0,0,0,0,0,0,0,0,0,0,0,0,0,0,0,0,0,0,0,0,0,0,0,0,0,0,0,0,0,0,0,0,0,0,0,0,0,0,0,0,0,0,0,0,0,0,0,0,0,0,0,0,0,0,0,0,0,0,0,0,0,0,0,0,0,0,0,0,0,0,0,0,0,0,0,0,0,0,0,0,0,0,0,0,0,0,0,0,0,0,0,0,0,0,0,0,0,0,0,0,0,0,0,0,0,0,0,0,0,0,0,0,0,0,0,0,0,0,0,0,0,0,0,0,0,0,0,0,0,0,0,0,0,0,0,0,0
1,1,471323,343801,21278,84359,16106,8895,1581,514064,365834,29320,92673,21009,10524,2755,0,0,539263,369651,34886,93917,23128,17785,2290,522606,368991,30324,94725,21851,10106,2634,82764,13060,1779,800,23406,539968,375059,33821,97118,23730,10972,2676,365245,275890,14747,57660,11656,6757,1053,393356,293734,18199,62745,10665,6495,435,59866,8078,1628,435,1666,0,425129,302734,24205,66429,16847,13681,1516,425129,302734,24205,60819,11887,2807,618,20125,400864,297900,19007,64510,11441,6343,482,0,0,0,0,413206,306195,20113,66214,12319,6455,428,62291,8831,884,428,423806,312129,22538,66719,13501,6479,433,61653,9060,790,433,242160,83693,155581,233936,78332,155604,255795,78331,164117,251621,69834,170994,215922,74280,140850,216034,73327,139312,214001,66710,142975,212003,70057,141733,240547,77139,157341,293087,101782,185604,227650,70844,153261,202075,58135,141334,202385,56885,143825,200811,55851,144960,199007,56866,142141,199393,68144,131249,246469,75908,167547,292766,95028,193474,289635,87790,195953
2,2,491579,383714,26689,61335,14354,8536,1388,534902,404420,37773,68974,18050,9028,2372,0,0,538769,391461,44857,66607,20207,17224,2160,538584,405453,39332,68550,18531,9170,2344,58174,11372,2224,540,19729,546016,405891,41883,69019,19726,10672,1958,385909,308587,18171,43720,10326,6466,883,409383,325311,20480,47051,9068,6011,321,44903,6971,1960,321,1581,0,427245,320663,30427,48210,14591,13013,1361,427245,320663,30427,42936,9885,2042,505,19215,411441,326700,21261,46028,9527,6171,346,0,0,0,0,417594,330290,22214,46067,10522,6149,383,43118,7664,1449,383,424373,332670,24994,46540,11128,6320,356,43099,7930,1160,356,241329,67849,170106,234763,62463,172300,258331,60802,184905,254093,55729,187017,203659,53781,149233,203212,52443,147432,201522,48570,149274,201312,46282,154862,234241,57938,170753,289124,78205,206015,228184,53597,171480,208730,44490,161717,209144,43369,164418,207606,42808,164798,207141,41864,165277,207039,49813,157226,249965,58368,188869,296185,74105,218027,292976,67677,219099
3,3,526626,327161,31233,154803,11396,5345,617,541857,326738,36776,162587,14199,4304,765,0,0,541142,317889,41647,157164,15775,10843,985,544372,326072,37272,163492,14047,4948,811,154685,11343,1008,276,12105,542670,322035,39062,161386,14735,7013,753,419531,269639,22936,116378,8545,4133,449,422585,270139,21125,121100,6571,2886,133,118942,5325,971,133,984,0,437027,266964,30836,119888,11976,8419,677,437027,266964,30836,113761,9278,1278,170,13369,426605,271909,21669,122277,6611,3384,238,0,0,0,0,426800,270374,23606,120714,6961,4219,202,117348,5601,717,202,431599,270721,26814,120396,7948,5307,276,115834,6323,711,276,263020,138822,120908,256844,136480,120364,268652,132426,125130,264276,129075,126508,240463,131074,108792,240715,125470,112126,237076,116854,116459,234724,117958,116580,256246,130419,121122,291009,148086,139344,240395,116623,121006,215771,100577,112777,216211,96428,118259,214095,91338,122757,212695,92685,120010,215171,101694,113149,250338,116334,131624,285956,134789,147131,282104,126739,150146
4,4,451164,330843,33047,59452,26892,4428,1174,501176,351958,44899,69550,33599,4811,1766,0,0,542508,358540,55309,80547,38057,11183,1800,510986,353146,48771,71095,33620,4674,2113,60398,25118,1302,218,17834,541292,359226,55935,79530,37988,5978,2157,350324,266056,22919,40582,19288,3232,771,376560,282033,26579,46125,17665,2802,110,44072,15465,1024,110,1409,0,434081,298014,39866,58760,28618,8533,1263,434081,298014,39866,51356,23570,1009,434,17402,382019,284291,29255,45741,18267,2758,222,0,0,0,0,405351,292377,33872,52880,20844,3356,322,49971,17660,520,322,424046,298336,40306,56999,23157,3217,451,53913,19367,389,451,225022,79136,144008,227010,76604,150406,259780,88792,158885,255048,72859,172587,230859,87854,142394,231092,89011,139888,228097,80021,144771,225687,81176,144303,251500,89613,156806,306573,119513,182429,243852,85719,154886,223090,75024,145692,223360,72894,149033,221214,70162,151052,219768,71695,148073,78580,22267,56216,266224,94896,168459,314903,117530,192544,309556,114160,190174
5,5,486413,222393,34731,212176,18266,4997,1166,518111,215425,49833,230136,23941,4537,1333,0,0,543411,209316,61829,243427,26690,10432,1522,523427,212244,51856,233463,25302,4727,1249,220724,19696,975,334,16106,545954,217752,58444,241191,26880,5796,1570,367820,183719,24031,146278,13434,3732,794,372635,176373,25083,156279,11219,2699,235,153617,9871,890,235,1145,0,419708,177567,43755,174685,19915,7942,1111,419708,177567,43755,163989,16190,1067,377,14410,379381,176582,26186,161031,12112,2737,243,0,0,0,0,397124,184359,29803,166598,12561,2608,249,162368,10662,582,249,402971,182447,34558,167412,14426,3247,251,160665,12231,383,251,229916,134100,93932,221121,130297,90824,223785,127781,87053,219734,108283,103387,192208,116222,75301,192684,119073,71717,190608,110594,76878,188522,111807,76478,210401,121648,84606,246485,148600,93888,186567,106388,77583,153653,83959,67653,153723,81916,70087,152360,79740,72620,151327,81983,69344,106238,63605,42497,191473,108212,80898,224364,128978,91686,220034,125835,89662
6,6,490176,364977,33357,73334,16555,5278,894,527040,375386,45423,85076,20718,6178,1204,0,0,538821,366540,51759,86970,23032,12412,1501,531450,374798,46570,86536,20186,6835,1039,74981,13963,979,201,18309,540401,376167,50198,86078,21507,7876,1289,380140,290044,23830,51920,12380,3763,590,402073,300448,28899,57648,10488,3531,151,55452,8930,1155,151,1108,0,425131,298978,37372,62251,17362,9295,973,425131,298978,37372,56126,13614,1216,358,15716,406677,301647,29501,60575,10359,3895,162,0,0,0,0,414234,304280,32769,60268,11520,4654,178,57012,9124,474,178,423037,306295,37488,60287,13097,4778,296,56501,10196,299,296,235267,89705,142702,230291,84301,145990,254752,88155,155469,250061,79797,161040,222869,87975,134178,222833,85883,134384,220347,78432,138413,217795,80844,136781,242648,87977,149818,288125,108402,175602,230179,80221,147036,206752,67308,137101,207046,65472,140170,205123,63970,141153,203438,65539,137899,205673,66577,137774,247228,84941,159713,291178,103499,183603,287446,100994,180858
7,7,435320,352191,30388,41047,9749,3622,635,507058,401005,42788,45997,15002,4725,1214,0,0,541606,412063,49611,48482,20056,10619,1063,523180,409353,45582,48244,16048,4773,1288,41891,11529,1312,360,11732,550804,423351,50656,50973,18684,5067,937,343088,286435,20163,27882,6744,2738,417,393443,325464,26138,30553,7668,2918,192,29722,6610,1313,192,576,0,432446,341529,33942,33767,13588,7993,717,432446,341529,33942,29261,10856,1080,201,13843,405079,333759,27504,31670,8339,3073,214,0,0,0,0,425868,347864,30334,33970,10034,3109,169,32203,8363,579,169,458581,370255,36015,36078,12282,3464,106,33029,9851,311,106,228615,93097,133050,234186,87672,146514,272086,91564,169481,267155,82488,174366,250460,92269,157480,250368,91872,155540,247450,83014,160204,244071,85742,158147,269690,93780,170878,334307,122010,208462,275625,91494,181176,267367,84420,180345,267770,80941,185380,264669,77907,186762,262489,80485,181975,133011,0,100385,308646,101069,204950,363313,122058,236736,357172,119052,232424
8,8,482492,360179,53237,59449,9366,4854,681,522262,369353,71322,67469,13631,4205,776,0,0,543176,367496,81486,71394,14082,12249,1041,530145,373836,74965,66864,13460,4181,769,58321,9739,1306,170,10218,545629,374907,84487,70305,12826,4567,760,389296,303043,36507,41732,6891,3653,489,415372,312402,47692,45094,6722,2715,194,43873,5073,1320,194,608,0,446999,317447,59039,51324,10811,9568,769,446999,317447,59039,44261,8291,1122,223,14655,423640,316811,50791,45482,7247,2608,157,0,0,0,0,435856,320446,56728,47785,7251,3021,118,45547,5977,879,118,448091,325991,61345,48682,8141,3262,210,45426,6696,815,210,239557,123046,113795,220813,108153,112660,256570,104841,140560,250837,100529,137524,222454,99022,122687,222190,96302,122178,219903,87811,127610,216965,93148,123561,244391,102297,136764,299102,125422,169973,237379,93228,141378,216754,80572,133875,217027,76373,139154,214423,72167,142256,212653,77051,135450,209405,52985,137943,257929,98093,157391,303472,116376,183278,299868,117489,175881
9,9,475764,337739,47592,75588,13741,4611,669,502490,340941,60060,82502,16778,4617,706,0,0,536986,347633,74477,85741,19890,11618,996,513965,345300,64022,84791,18467,4832,828,74857,14568,1229,146,12022,539682,353550,73652,89222,20245,6314,672,384019,285275,33391,52969,10958,3551,473,391942,287206,37709,55560,7851,3092,104,54091,6763,1205,104,617,0,438273,299187,54298,60701,15687,9110,754,438273,299187,54298,54144,12977,1157,163,14567,401108,291808,40620,56163,8758,3209,95,0,0,0,0,422296,301080,47344,59347,10017,3436,85,56071,8655,786,85,439849,307284,55654,61674,10528,3617,201,57528,9151,492,201,231069,108306,119447,224239,101042,123197,245985,97738,138819,241285,92613,137603,216348,93634,121993,216315,90869,121914,214086,83867,126864,211517,88174,123187,235452,95828,135033,284260,117546,163534,228490,87385,138743,209782,74689,132947,210091,71694,137056,208130,68953,139177,206174,71907,134267,203056,54304,134385,248234,92109,154070,292234,110248,178582,288098,108993,173934
10,10,480327,324396,78133,58400,21371,4094,846,525154,321563,108782,70013,28884,5071,939,0,0,535435,307401,116320,73182,35632,10189,1265,530019,319845,111621,70864,30435,4924,920,57470,24632,711,159,13466,536908,312657,118303,73987,32919,5726,1100,372006,261181,55372,40574,15382,2977,576,391456,259394,71225,42682,14516,2482,199,40994,13018,802,199,1183,0,423987,255401,85451,53120,26130,7554,891,423987,255401,85451,43018,21709,680,209,15059,395600,259721,73805,43607,15076,2387,195,0,0,0,0,400448,256750,77866,46101,16106,2299,147,43395,14172,332,147,409840,254878,84838,48231,18231,2284,170,45196,16052,376,170,238187,114775,121322,237874,111120,126754,262061,123601,124369,255783,110092,134997,230980,118953,111375,230880,117388,110608,227187,106016,116770,223462,108399,114690,250809,121736,123276,300878,154944,141579,237672,113661,120557,212518,98980,111246,212619,94838,116255,209422,90596,118826,207128,92934,114194,209638,97244,111841,252428,119954,129721,293106,141603,146419,288564,138518,144264
11,11,460813,393984,33111,25474,6455,4188,535,512499,427041,45215,29061,8592,4686,866,0,0,538539,434258,51975,30985,9939,11176,876,524798,434354,48234,30847,9600,4563,737,23062,6485,1481,220,8998,539237,437625,54447,32165,10458,5848,847,386826,338340,23538,18376,4665,3247,383,429063,371270,29916,19499,4701,3151,86,18275,3904,1305,86,496,0,461615,383756,37803,22549,7607,8733,564,461615,383756,37803,18441,5871,1300,136,12901,439265,378400,31951,19663,4921,3229,153,0,0,0,0,451583,383867,36580,20761,5630,3467,200,18892,4577,963,200,475700,399990,41621,22160,6808,3967,237,19099,5307,849,237,239542,103268,132801,238740,96653,142087,280615,86241,184343,274675,87520,170610,250466,84152,165396,250265,80957,164359,248505,72202,171559,245045,78704,166125,271240,85859,179384,328743,104724,220972,277908,82167,193176,270758,76237,191599,271270,73623,196316,268604,68389,200215,265952,73336,192616,268488,72063,194840,304543,88697,213555,348472,102982,242156,343481,106334,230595
12,12,430185,272016,75237,75381,8606,4406,941,498210,282749,114388,91461,11417,4842,546,0,0,536474,277218,146154,97503,13091,11831,1024,511450,282825,124166,94744,11915,5897,675,81880,8614,1412,260,10273,543162,281760,149365,99704,13180,6206,502,331730,226723,48821,49856,6146,3147,639,365308,234434,66039,55648,6026,2732,139,54405,5352,1287,139,472,0,421893,237490,102491,68067,9941,8941,735,421893,237490,102491,58663,7873,1071,190,12160,376832,236869,73376,57274,6254,2871,143,0,0,0,0,397938,238975,88743,60298,6929,2585,169,57882,5950,687,169,424850,241390,105818,65788,8227,2802,273,61752,6961,452,273,173768,84551,87161,171836,84559,87277,206149,89700,107809,201609,83965,107293,176499,80251,95613,176138,79524,93615,174683,73691,97967,172416,77171,95085,196904,86487,106130,250837,112463,135274,187663,77837,107527,165323,63322,99974,165609,61649,102760,163591,59239,104352,162141,61706,100435,156779,23608,102951,208538,84777,121740,255881,106483,146308,251165,104858,141676
13,13,385521,279259,49011,39744,16299,3885,814,476409,320382,77090,55429,24847,3622,928,0,0,536634,338004,94583,59440,29717,10247,1200,491115,323740,82887,55279,28007,3824,1380,44863,22935,1275,438,12920,535017,339553,96509,63683,28317,6839,1078,299918,227986,32447,26713,11368,2728,551,351218,257383,44092,33107,13768,2130,74,31553,12703,1048,74,778,0,426144,283211,67031,42164,21787,7901,862,426144,283211,67031,35306,18220,956,291,17478,361891,262085,47669,33502,15382,2307,338,0,0,0,0,392269,279405,56082,36877,16052,2780,415,34088,14508,630,415,419648,291261,64621,41806,17928,2976,362,39471,15949,370,362,188516,80891,105573,193957,80254,113703,228876,90190,130511,225323,82447,132933,211419,89263,122037,211580,88287,120531,209655,80256,125630,206343,83492,122796,229347,92602,132634,294139,126291,164932,231521,90706,138801,219841,83451,134360,219982,79568,139108,217398,75043,142355,215707,78459,137248,214882,61993,139532,261841,102229,157336,313495,125751,183542,308911,122861,180013
14,14,481440,272990,141721,48452,23697,4162,1015,535816,280375,175163,57295,30728,4739,1377,0,0,535992,262398,181328,54050,38091,8661,1214,546737,280090,185017,59556,33271,4252,1288,38172,25461,976,300,14881,547934,273175,189720,58139,34782,4668,1827,377135,223104,105085,34450,17338,3035,725,375584,225549,99725,32911,14564,1862,205,30625,12811,644,205,1019,0,429795,219461,140178,40473,28116,6732,860,429795,219461,140178,29525,23918,582,202,13500,384972,225204,109600,31998,15181,2048,195,0,0,0,0,388341,222517,114037,32352,16159,2067,284,28880,13750,472,284,394081,224099,114458,33297,18917,2313,288,29244,16290,394,288,216567,110335,104174,224346,113928,110418,247451,124408,110479,242172,111255,120800,211912,111239,100036,212100,110737,98549,210043,97453,109193,206716,103783,102692,233829,116614,112114,282048,144528,133533,220178,105973,111047,194576,87265,104595,195049,85456,108075,193074,82903,110171,191140,84353,106787,192114,92071,100043,229884,105681,121622,259876,118272,137462,256231,115452,136156
15,15,458768,165683,96664,179553,20103,4551,1921,533950,161395,137471,214427,22739,5030,1283,0,0,534207,149480,142139,212916,24640,9504,1545,542189,159364,142257,221639,23384,4678,1126,201899,18693,814,31,13152,548987,153447,146043,224682,26124,6191,1369,341730,137213,67811,122553,15218,3254,1385,342294,129779,71514,125376,12099,2727,180,123015,11242,733,180,1381,0,407725,126217,103348,152801,19367,7283,1156,407725,126217,103348,138924,15784,796,318,17199,349011,128304,74484,130727,12128,2358,70,0,0,0,0,355971,127267,76935,134572,13687,2428,250,131136,12519,565,250,356976,125231,77250,135293,15885,2229,480,131796,14096,481,480,171693,111488,58815,168324,111386,56938,190673,123574,59486,186516,112416,66530,161782,108192,53117,161979,109318,50891,159952,102267,55178,157909,104034,53647,179171,116327,59386,217176,142841,71699,159360,99868,57485,130078,77836,50833,130070,74471,54326,128237,72274,55963,127092,74045,53047,128309,73929,52481,165803,100722,63314,196830,119909,74019,194308,116599,73208
16,16,433880,170611,81556,174422,12923,4475,1113,512077,190814,123895,190622,17442,4889,1079,0,0,535448,194496,126807,194348,22907,9892,1435,520746,193732,124614,194234,19369,4647,889,169720,14802,844,246,14264,525413,192872,126614,194999,20774,6096,1029,330562,147123,56497,119586,9955,3245,803,362497,161606,68728,121392,7400,2629,277,118866,6228,752,277,942,0,420545,170706,91609,139639,18222,7522,1005,420545,170706,91609,125907,14515,936,323,13741,371043,165599,70533,123519,8285,2219,275,0,0,0,0,376526,166624,73137,124122,9142,2380,288,120286,7233,495,288,393370,173556,77967,127129,10648,2719,364,121765,8454,319,364,171401,124101,45405,175081,129091,45990,198265,133984,55099,194132,124863,60402,173659,123114,49878,174068,124280,47638,172274,114675,54620,169931,118721,50950,191086,130229,56637,237864,161233,72936,175932,115914,57401,149667,94080,53286,149959,92346,56001,148576,90566,58010,147193,92126,55067,147876,95510,52155,186424,117903,66167,218758,135510,79248,215821,133119,78041
17,17,427694,220436,142965,46843,24283,4022,1212,502648,222660,196163,57483,33349,3186,1097,0,0,533788,217642,214536,67001,38331,10515,1607,508081,224419,196667,59718,34533,3895,1257,42499,26056,592,554,14183,535797,225657,213989,67526,36251,5121,1395,335888,184179,103136,33944,18457,2970,867,366117,185131,126243,33847,17911,1443,210,31623,16125,581,210,1358,0,427713,185882,162660,50451,29682,8240,1200,427713,185882,162660,35951,24570,611,302,14594,370584,185969,128482,35008,17887,1771,355,0,0,0,0,394684,190259,140825,40656,19292,1984,420,36881,17233,323,420,397959,185039,145438,40958,22687,2417,287,37265,19806,275,287,180364,102488,76311,178409,102247,76162,218805,127183,79201,214134,112741,91768,185624,112895,72198,185515,113495,69485,182403,104121,74223,180223,106693,73318,205497,119677,80744,249448,147772,97856,185716,105241,77426,155027,84372,68667,155031,80829,72866,152909,78589,74320,151650,79906,71744,152996,83051,68354,195735,107161,86067,234046,127699,102065,230386,123799,100692
18,18,522627,423483,42230,32487,22352,4471,1148,550523,422818,54367,45243,27464,4712,1249,0,0,542722,399293,60164,42425,29522,10871,1137,555751,423308,56106,46738,28130,4778,1392,34904,23303,1161,621,14631,547572,406627,59671,47080,29280,5664,1497,434067,364303,29684,21220,16555,3379,762,437092,359155,32913,26204,15138,2785,371,23807,13667,1152,371,838,0,460442,353127,44658,29481,22901,8683,817,460442,353127,44658,23902,19512,1016,359,15787,443916,360933,34704,27902,16623,2832,379,0,0,0,0,442403,353200,37990,29100,17959,3323,254,25971,16337,700,254,442352,347633,41072,29222,20306,3602,327,25185,18470,566,327,256280,131119,121825,247845,126454,121391,274638,122335,138189,267875,117331,135213,238277,119996,117273,237863,114569,118804,235391,98771,131158,232510,109659,122510,259509,119574,133438,308988,144920,159919,251690,113666,134464,231055,100416,126859,231776,99378,130856,228987,94385,134602,226817,97925,128892,229493,106578,119253,260076,115383,141939,282899,125960,152954,278675,126409,146694
19,19,480256,371113,40464,53398,14679,4744,1177,520402,386521,56565,58825,17903,5065,956,0,0,537497,380164,62184,62588,21876,12006,1515,528831,387373,59568,61997,18489,5123,951,48436,12499,1073,455,16660,542651,388011,64761,65688,21605,6671,1699,385053,308452,28112,36359,10751,3477,784,408720,321359,36401,36638,9804,2922,383,34429,7775,1021,383,1257,0,440944,325753,44752,44448,16314,9225,1069,440944,325753,44752,37306,12097,1107,348,17424,416761,324815,38902,38496,10235,3052,340,0,0,0,0,429285,329465,43641,39516,11499,3297,330,36065,9088,606,330,446235,336605,48601,43122,12965,3033,295,38877,10062,398,295,253300,113018,137491,253713,111553,142160,281897,107584,159486,276354,101178,159680,250949,108967,141045,250451,103635,142642,247870,94763,148108,245107,99681,145155,270702,108210,155682,321703,134237,182783,260961,101346,155937,238675,89550,146400,238837,86026,151256,235991,80572,155419,233579,84821,148758,236642,86063,150579,278954,107423,168533,322947,127576,190675,318510,126449,184655
20,20,421909,295722,69949,45918,10635,3518,807,503770,332205,95297,61399,16208,3633,864,0,0,535067,334729,107290,67546,19627,10635,1067,518587,338360,100014,65567,16106,3895,852,54218,12084,988,307,11242,538483,343676,105557,69543,17462,5658,652,326205,244244,44279,29935,7344,2438,502,370356,274772,46622,37615,7874,2433,184,35867,6833,723,184,871,0,423758,284208,72976,46504,14064,7964,750,423758,284208,72976,39507,11289,930,285,12766,383089,280572,50781,40339,8287,2368,204,0,0,0,0,398885,288574,54774,43189,9048,2442,155,40378,7550,521,155,423939,300253,61374,47027,11575,2497,192,43233,9586,333,192,195291,87234,106008,199448,87026,112422,234959,94050,130468,230650,87747,132103,211918,91775,119425,211676,90618,117844,209847,81108,124709,207252,85944,121144,230824,95088,130801,289072,125313,160260,233190,92131,138311,222046,83056,136445,222338,80952,140089,220515,77362,143153,218571,80414,138157,220504,79906,140367,259973,101584,156021,305842,122071,179954,302076,120508,176541
21,21,489943,406935,43939,24717,12929,4084,783,519787,413469,59499,31091,16197,4029,951,0,0,535205,406810,66060,33794,18637,10766,1150,527149,412513,62212,35622,16461,4425,913,25874,11678,1111,424,11876,531757,407210,66855,38454,17230,5738,1217,397647,341077,29755,16024,9119,3058,519,405002,341430,33971,18148,8433,2341,292,16881,7182,1054,292,597,0,443414,350646,47040,23128,13860,8323,784,443414,350646,47040,17709,10901,961,294,14273,411192,343514,36070,19961,8554,2541,331,0,0,0,0,417378,342811,40303,22182,9194,2392,232,19804,7747,425,232,431532,350912,44665,22892,10039,2497,245,19621,8168,251,245,251798,124338,124370,246755,117711,129044,269474,107452,149389,262828,104377,143518,233240,105408,126828,233002,101246,127622,230834,88591,137692,228238,96818,131112,255834,106266,143389,309512,130590,174871,251946,100320,148350,234363,88905,142184,234983,86618,146954,232290,82389,149901,230439,85901,144538,232882,90414,139618,266603,103921,159890,297287,116710,176627,292362,117604,168756
22,22,461471,383498,42463,25965,8570,3062,523,518040,420592,55960,28427,11915,3103,444,0,0,533476,419196,61418,28132,14719,7914,663,525760,424857,56332,30043,12503,3197,509,23519,10161,830,115,8656,538998,429579,59648,31045,13531,4506,509,385186,332236,28820,16874,6127,2264,371,411880,359978,26551,17065,5977,1895,102,16387,5135,599,102,356,0,457296,373825,43857,19791,11219,6211,457,457296,373825,43857,16020,9244,735,142,11824,421107,365561,28774,17946,6455,2016,113,0,0,0,0,437317,375179,32833,19021,7594,2279,188,17260,6478,618,188,455196,385693,36882,19496,9818,2612,205,17150,8161,507,205,248355,121246,124459,246465,112442,134023,279330,117532,150797,273164,110505,151233,255602,116147,138574,255420,113942,137904,253004,105954,142450,249585,108173,141224,273291,117930,150200,328952,145199,180494,275293,113761,158817,264030,104316,157309,264525,101860,161554,261813,97220,164593,258671,99742,158929,261928,100746,159823,297350,119759,175425,335633,135719,196045,331461,134299,192958
23,23,448097,295029,87393,48750,18439,4223,800,519269,311736,113953,65424,28749,5374,1021,0,0,536137,301000,128019,70150,32500,12088,1141,532889,316531,119106,68276,30619,5508,903,55040,25019,1091,190,14132,556382,315685,136508,72983,32743,6979,892,335801,234795,56493,32118,12490,2962,521,368731,248069,63305,40024,13743,2907,204,38351,12480,974,204,861,0,412257,246532,88274,49035,23173,9109,781,412257,246532,88274,40466,19780,1015,191,13921,382136,253584,68568,41576,14737,2806,205,0,0,0,0,401412,255353,79786,45200,16925,2490,288,41989,14978,581,288,422672,260730,87502,50771,18649,3007,364,47078,16289,437,364,188485,85745,100681,192395,86997,105398,224319,92053,121946,220037,85985,122424,197105,88709,107637,196909,87557,106236,195617,77757,114356,192994,83503,109302,217826,92029,120747,276474,120611,152125,214849,86589,125389,198080,74808,120539,198420,72954,123947,196873,70137,126736,194991,73051,121940,195748,73553,122078,240332,95396,142018,289257,116733,167463,284981,116628,161406
24,24,477324,206056,137213,125361,12486,6528,1604,531997,193537,174423,153257,14412,4133,1158,0,0,543535,188688,189002,150287,17035,12122,1052,531665,192604,172416,155845,15115,3985,1427,140971,11792,355,158,11517,545078,188189,185463,159692,15684,4684,1240,369758,179205,98082,85134,9478,4532,1170,332580,165429,72929,84215,7616,1886,188,82544,6812,270,188,690,0,426669,168420,137486,107080,13251,8662,839,426669,168420,137486,97299,10834,487,209,9801,338889,166429,75068,87384,7869,1877,174,0,0,0,0,347429,164808,83264,88859,8286,1618,234,85891,7346,166,234,354208,160974,88564,93325,8863,1967,195,89874,7908,318,195,172914,114639,56842,174901,116542,58359,194342,122359,65875,190254,114596,70619,166854,108626,57769,166197,108558,56170,164147,102706,58652,161643,104891,56516,184161,115876,65523,225015,138652,84201,167325,98789,66856,140108,75953,62466,140359,73813,65536,138849,73415,65434,137705,74360,63345,138854,77529,61325,176371,98235,76584,209780,114071,92853,205480,113012,89145
25,25,382101,147089,172083,49910,20819,4024,1575,470775,145070,250672,62414,22825,4733,1774,0,0,533312,149483,288450,72488,28004,10225,1825,488856,145648,266332,66585,22773,4967,1393,43982,17870,837,408,10284,522589,143245,291262,75650,25799,6910,1770,285384,118879,121068,34077,15809,2881,1032,313995,112335,155650,29929,12946,1314,554,28628,12099,643,554,1251,0,411271,123441,216161,52508,21402,7869,1352,411271,123441,216161,35988,17641,614,405,12902,325859,112919,165839,31297,12618,1319,524,0,0,0,0,345508,113627,179287,35519,13347,1659,509,33717,12390,435,509,370016,120920,189097,41117,15296,1709,390,39084,13746,193,390,139503,85592,52714,145866,93359,52507,190940,119554,63580,187288,105244,74124,156095,94730,60883,155918,97019,56635,154215,91250,59989,152992,94195,58566,179179,107340,68110,233145,136495,93911,163935,92043,69752,135607,69497,64282,135709,66143,68194,134320,65882,68438,133262,67411,65851,134282,72831,61442,181507,94240,85236,227789,115311,109180,224160,111794,107276
26,26,477849,322898,60844,80523,14323,1932,841,540176,336930,87026,97813,18731,2682,702,0,0,540142,327812,87215,96789,21712,5221,758,549866,336084,91860,102506,19594,2835,440,92772,15209,516,87,10479,543278,320019,94766,104273,20718,4172,516,390854,280666,43771,56124,10336,1342,611,403751,286922,48364,55764,9779,1468,203,54633,8809,450,203,1402,0,450997,291676,65526,71325,16363,3941,554,450997,291676,65526,64544,13474,376,129,12625,411401,285673,53238,58878,10214,1731,274,0,0,0,0,410123,278007,56585,60991,11284,1787,120,58973,10167,342,120,418456,280856,58538,63551,12244,2008,102,60560,10679,252,102,239622,151348,86862,241455,143702,97753,268472,155522,106258,263103,144158,113448,241842,144989,96388,240703,144061,94999,238085,137327,96451,234161,140430,93516,260383,151200,106010,312218,181394,128597,250132,139294,109007,227225,120284,104826,227606,117593,109062,225047,115924,109123,223426,117180,106246,225581,124424,100776,264654,141463,121501,301350,157549,140369,296196,155877,136984
27,27,474800,342988,77873,45213,8044,3961,645,533007,370417,99158,53930,9150,3623,890,0,0,534545,358805,102060,54685,10967,10417,798,546429,375697,102974,56362,9558,3879,780,47687,7484,1045,223,9630,546234,366872,108875,57001,10596,5725,856,375354,286862,50230,31423,5768,2885,443,402269,310742,49788,33200,5452,2109,440,32002,5009,808,440,627,0,434101,309545,69616,39274,8216,7981,593,434101,309545,69616,34254,6529,934,133,11526,413190,316477,52517,34869,6049,2407,353,0,0,0,0,416617,313127,58035,35067,6530,2656,333,33017,5576,469,333,437860,323894,64611,37907,7252,3091,179,35213,5999,424,179,207442,89397,114896,204394,85119,119275,233878,80811,144367,229346,73731,144277,202599,76216,125810,202899,72326,126982,200271,65577,130824,197570,70796,126658,223261,77551,141161,276557,98515,175151,218690,71121,145403,201494,58690,140691,201986,57204,143812,199174,55154,144020,197115,56922,140193,196668,38687,141969,241150,75072,164220,287554,92117,192495,282638,88426,189491
28,28,444096,271280,125770,40936,6794,3386,1030,535770,309753,163361,52748,10310,3914,479,0,0,537495,309739,162999,49557,10932,8120,687,546344,313210,167475,54477,10285,3792,721,46264,8336,1498,103,6959,550319,309939,173769,54586,11401,7323,893,349275,233579,84452,26318,4891,2252,745,364585,263829,67632,24840,5733,1940,62,24343,4937,1098,62,606,0,438888,275904,116714,33711,8234,5962,447,438888,275904,116714,29278,6446,695,74,8177,376404,267323,74060,26650,5870,1874,52,0,0,0,0,387613,267419,83055,28447,6111,1912,92,27015,4866,654,92,410754,284874,85757,30414,6860,2057,200,28182,5385,717,200,180216,72331,106150,189274,70504,118770,223920,82621,133759,220092,67150,146842,202176,73479,128262,201686,72506,126793,199325,66907,129902,196461,69727,126640,219946,77884,138805,276033,106108,167693,222194,73946,146488,212429,61944,149079,212727,60767,151275,209489,59666,149823,207995,59705,148290,209841,59862,147942,248726,79341,167918,293257,98984,191075,289976,88531,198844
29,29,486632,332632,75255,69701,7999,4857,780,529979,345855,91974,80546,10608,4916,733,0,0,535749,336627,97281,83110,10935,9782,940,538172,349041,93558,81763,10540,5114,953,73050,8174,1632,377,10377,540294,340634,97825,85539,12130,7126,839,389935,285542,50110,47180,5833,3272,557,403235,297366,47773,50093,4564,2958,119,48621,3830,1203,119,615,0,439428,297075,67929,58603,8415,7492,630,439428,297075,67929,52880,6507,1105,169,11909,414288,301881,51503,52510,4839,3057,100,0,0,0,0,420236,298230,56436,54789,6617,3721,42,51831,5547,1119,42,435605,303789,62069,58246,7123,3993,83,54561,6069,1232,83,220801,102865,115031,215294,95819,119475,242261,94931,139661,238456,96106,133848,214108,90331,122943,214247,88425,122752,211838,81092,126961,208348,84814,123340,233284,94186,135332,285284,115443,167291,228439,84706,141756,211360,71582,137689,211718,68852,141649,209261,66785,142476,207078,69527,137551,207095,55278,140985,247324,89393,156194,286475,105914,177658,282044,107274,170531
30,30,474439,270573,88359,95058,20134,2473,1043,520996,259078,120075,119502,24085,3931,664,0,0,539428,236486,128768,125364,28357,5915,907,531348,257328,125332,124496,25939,3382,863,109267,20266,413,65,13452,540622,241906,129485,130802,27710,5620,633,369753,223179,64990,65745,14708,1715,772,347682,199961,64249,69083,11982,1062,109,67323,11227,386,109,1280,0,424951,199068,96947,90464,21366,4514,671,424951,199068,96947,80282,17704,448,123,22997,353796,197197,68334,72983,12931,941,64,0,0,0,0,362264,193531,74679,77299,14001,1559,59,74169,12944,388,59,368890,189200,82022,79933,14470,1554,80,76444,12929,384,80,204742,128875,74642,203483,125008,78475,230073,139202,84561,224982,130682,89088,192046,121871,69752,196446,123357,71617,193681,119253,71453,192026,121235,70589,217095,132486,81709,265981,160399,103528,199995,115916,82336,171661,93395,76676,171879,90272,80547,169407,90235,79172,168440,90161,78279,169245,93281,73575,211411,116708,93060,247703,132718,111778,243461,133365,106717
31,31,473128,340584,68522,52739,11753,3975,839,523383,357857,86642,62560,16389,3581,832,0,0,540900,352259,96948,66806,17855,8991,952,533002,360090,89749,66044,15830,3734,748,57341,12690,759,171,10062,541582,354804,96690,68956,17451,4445,829,374424,283002,46795,35959,8398,2786,608,394739,299760,46827,37339,8486,1754,160,36145,7904,675,160,735,0,439436,302871,68420,48437,13245,6661,719,439436,302871,68420,42236,10444,580,165,12494,402823,304309,49567,38200,8304,1758,175,0,0,0,0,413498,302963,56757,41386,9716,1913,234,38823,8207,343,234,430330,307700,63661,44612,10994,2094,292,41785,9171,302,292,232749,115398,115277,236776,109645,127131,271090,115318,146399,267313,117577,143631,243180,112071,130393,242330,109365,130628,239045,100685,134192,234932,104269,130433,263767,116184,143788,322581,142505,177343,260500,106643,151627,243866,92851,148932,244199,89697,153472,241308,87355,153953,239152,88940,150212,241927,87479,154448,286990,114386,170675,338848,136884,198140,333407,136781,191981
32,32,488008,160475,87711,228793,15902,2848,1833,539689,137990,119564,267669,20565,6624,1013,0,0,542051,131393,126850,267137,20389,5720,1108,543025,136941,120205,268877,21997,5780,1289,253886,16135,849,249,11853,544175,125372,129846,275503,20447,8432,695,377356,139720,66859,161333,12194,2043,1433,347057,115912,66905,152373,9070,1639,76,149740,7973,642,76,1461,0,429267,116723,99270,198105,16211,4535,894,429267,116723,99270,183168,12463,618,149,13404,354452,114124,69821,156340,10580,1637,137,0,0,0,0,357557,106169,77829,159498,10862,1966,196,155435,9923,340,196,364505,104138,79227,165521,12446,2002,260,161132,11463,308,260,204728,158394,45107,211545,166049,45496,229461,174157,49749,224744,167403,52718,190237,150254,39575,196732,154486,40967,193787,150016,41206,192505,150912,41408,215317,164977,47795,258270,193570,62708,190103,140658,47832,155288,110378,43389,155383,107647,46537,153238,107939,45299,152664,108130,44534,150429,108030,42014,197579,140599,55436,233968,161357,69834,230634,162540,64785
33,33,454999,336831,74913,35290,8001,3206,689,514012,367940,97666,37549,10533,2725,825,0,0,538875,369076,108698,40576,12796,8455,732,529223,374964,103177,38417,11057,2766,629,32778,8590,512,223,7057,539225,371596,108763,42217,12098,4996,750,373195,292376,51217,23263,5770,2354,479,394278,317907,45133,23278,5870,1594,98,22472,5181,615,98,461,0,452580,329767,77758,28319,9778,6440,567,452580,329767,77758,23237,7698,667,155,11384,408219,325730,49409,24597,6374,1627,70,0,0,0,0,419217,326632,57097,25626,7090,2043,88,23698,6204,308,88,430927,332693,60671,26937,7557,2225,145,24411,6455,273,145,210923,92717,116038,203057,82994,120063,248873,94286,146903,245460,79050,157155,220808,87232,132743,220565,84106,133135,217181,76445,136989,213376,81621,131587,240097,89472,146783,293477,117039,174250,228019,81533,144707,203422,64910,136789,203911,63139,139915,200340,62065,138275,198206,62803,135403,201477,66250,135046,243279,82988,158713,283256,100079,180054,277141,90422,183385
34,34,514097,63981,150476,304817,9276,3204,2290,551055,62772,184065,306294,8773,2214,1348,0,0,533571,62656,197069,274843,9944,4895,661,550813,60839,187885,305790,7886,1978,1159,286694,6033,852,487,5302,546720,60195,200594,289152,9087,2186,939,388459,52092,119509,219696,7403,2245,1825,331774,43017,98095,184249,4399,1114,299,183584,4124,749,299,753,0,419631,50081,159310,210118,8027,3820,548,419631,50081,159310,192346,5850,367,76,9073,333077,40651,101795,184967,3793,1157,244,0,0,0,0,332883,41221,108412,177205,4390,1051,182,175226,3790,530,182,332569,41932,111477,172262,5469,1130,59,169708,4574,409,59,194189,166098,26952,194020,169114,24906,203865,171300,28188,199868,158662,36711,169658,143580,25665,169829,144720,23891,167129,139768,24941,166015,141213,24432,188887,155481,31148,224497,174871,47899,161861,127441,32989,125532,93182,30796,125814,91350,33084,122943,90529,32414,121777,90570,31207,123387,94728,28659,164926,120295,43214,197929,136298,59295,194575,135479,56046
35,35,485148,178811,184665,99410,29053,3337,1065,544863,165899,232249,117042,38432,4284,1436,0,0,542250,141188,248266,116951,40159,6448,957,551423,162031,234278,126647,38513,5514,1245,106400,30023,1466,390,13325,541687,148461,238438,123674,38204,6186,606,359222,138320,134675,69524,21064,2164,804,363236,126309,141893,71267,20021,1915,428,69570,18429,1172,428,1742,0,420434,114873,190293,87396,29944,4867,731,420434,114873,190293,73591,25149,732,154,12385,372175,125726,145780,77003,19543,1886,339,0,0,0,0,363745,116995,147173,76231,19857,1603,214,73394,18285,819,214,366919,112294,152915,78233,19960,1797,77,75094,18611,671,77,203673,128917,73604,210173,136428,73745,241450,156692,77572,237052,143055,88980,196995,130964,65630,203068,133051,68395,199759,129016,67730,198228,129600,68447,226455,144272,79139,281543,172839,106497,206573,124073,80614,174224,96195,76442,174336,93509,79756,171853,93983,77870,171070,93281,77789,170617,96598,74019,219417,123012,94760,260106,139987,116632,256217,141398,111367
36,36,497332,69081,399320,35407,7386,2294,436,551135,67201,451539,36835,9474,2593,294,0,0,540685,80019,421405,34755,11537,5554,519,554281,69551,451704,34802,10423,2700,327,21209,7352,299,0,2812,532881,68701,427663,33272,12211,3355,368,414832,55997,335821,28318,6284,1807,338,309116,47408,240518,16607,3887,572,45,16192,3513,263,45,97,0,457302,66320,358959,28487,9665,4501,426,457302,66320,358959,15088,7229,172,49,7518,315076,47751,245211,16633,4605,495,0,0,0,0,0,311144,48227,238996,17443,5358,588,58,16626,4780,359,58,315708,54473,236019,17085,6551,886,101,15682,5676,425,101,156158,73221,81961,158663,86773,71890,180770,107108,68086,177705,86759,86900,144314,78917,65071,143316,77412,63931,138966,73197,62727,139495,74510,64733,166121,88194,75418,213541,105813,106108,154198,75357,77401,130230,53296,75594,130296,52697,76602,127660,54258,73402,126939,52291,74648,129134,53955,75173,165399,71473,92642,198300,82197,113748,193713,80512,110417
37,37,499533,282563,127590,80632,11647,2945,1037,524934,264423,159798,92419,12642,3673,1076,0,0,542618,261981,167685,91227,15469,7018,889,526132,260588,169261,89837,13408,3818,1090,75324,9175,621,281,8738,532824,249660,177040,93203,13581,4888,1195,413281,247660,100648,57164,9238,2299,830,362285,211768,89117,52919,6034,1430,241,51101,5195,646,241,851,0,451875,230159,134602,68332,12391,5538,691,451875,230159,134602,58407,9312,542,152,14912,364080,207293,96384,51631,6581,1316,257,0,0,0,0,368847,201400,103021,54345,7389,1753,435,51662,6225,608,435,365822,195416,103551,54989,8702,1607,584,52037,7029,504,584,207997,126038,80357,209370,125018,84352,231901,135606,89659,226462,128213,92573,187246,114459,72340,194682,115894,77045,191629,112559,75736,190094,113887,76016,216104,126030,87003,265609,149240,114413,200437,109908,88792,173944,88528,83810,174123,85790,87229,171313,85799,85514,170424,85383,85041,170416,88018,81136,211154,108248,101444,243963,119063,122130,239443,120686,115567
38,38,485250,118060,282326,78479,14374,1787,746,528148,103905,341253,75987,16265,2417,621,0,0,543674,98766,359577,74007,15966,5075,548,527147,108379,335002,75104,17572,2438,571,60272,12734,418,44,7709,537433,102583,350167,75638,17173,4113,522,369935,93662,215502,54828,11295,1273,559,325305,75928,195072,45108,7624,818,40,44075,7041,382,40,759,0,429766,79107,285304,55903,12798,4019,432,429766,79107,285304,45024,9770,254,97,8183,328333,77368,196643,44591,7956,712,25,0,0,0,0,343405,73729,214893,44747,7750,895,75,42952,6853,259,75,355297,74577,223888,45837,8324,951,114,43670,7140,183,114,197446,111798,84212,199635,115733,83902,222206,134469,80115,219276,115697,98603,189646,112231,77006,189114,109742,77479,184144,104735,76161,185035,106227,78551,211078,119564,88472,264254,140772,121446,199572,104203,93608,175394,80232,93689,175509,78601,95770,172897,79234,93663,172090,77750,94340,174096,80071,93956,216664,101459,113826,258601,114865,140906,255083,114951,137182
39,39,503932,36674,437451,35564,6419,1223,342,534124,29121,478872,29661,6982,789,135,0,0,534522,33854,472635,28807,7897,3232,362,532850,31092,476900,27311,6965,1125,171,17277,5494,180,46,1188,530246,29017,475264,27243,7384,1680,154,395946,23316,349798,27677,4948,930,279,296324,18327,260336,14560,2734,260,45,14401,2631,151,45,89,0,435487,21158,392507,23513,6195,2547,287,435487,21158,392507,13235,4466,148,30,3080,301497,17740,266878,13348,2915,349,44,0,0,0,0,301200,16465,268215,12856,2992,287,24,12711,2825,73,24,303418,17022,269242,13227,2769,512,124,12892,2650,185,124,150514,65991,83681,147581,75755,71826,177284,97064,75206,174430,75562,95230,135913,64506,71118,134671,63336,69392,131122,59807,68271,131537,61295,70008,160554,74268,84025,211681,85329,125093,149972,59740,89006,126344,36722,88567,126471,36647,88997,123591,38128,85463,122745,36543,86202,125117,35587,89514,164617,53235,110413,202675,61900,139217,198058,60835,134846
40,40,488854,105993,337047,41783,10907,2131,679,530079,103219,376345,46476,11343,2326,745,0,0,542532,98993,387494,48254,12905,6635,562,533531,106631,373223,47517,11824,2461,713,37583,9309,345,212,3902,538628,105850,376245,50697,11501,3838,915,377130,84736,259110,29646,8318,1605,528,332645,78849,222595,24307,5877,533,55,23650,5525,224,55,443,0,433582,81214,310015,35666,10082,5096,420,433582,81214,310015,26754,7464,328,119,6090,339103,80646,226609,24643,6006,582,99,0,0,0,0,354498,82624,238688,25654,5748,1024,149,24620,5025,372,149,352633,79544,239789,25335,5973,1160,201,24134,5217,425,201,179466,86245,91813,177947,92775,85172,213383,113658,91957,209983,94814,109914,173126,88379,84350,172546,85925,84491,168067,81071,83294,168601,82949,85409,198051,96105,98751,253277,112829,138518,186906,80877,104222,162026,57353,103233,162147,56052,105027,159822,57033,102789,158838,55946,102892,160797,56228,104319,203643,76722,125573,245212,88155,154764,241265,89028,149357