ID,Label,T_10_CENS_Total,T_10_CENS_White,T_10_CENS_Hispanic,T_10_CENS_Black,T_10_CENS_Asian,T_10_CENS_Native,T_10_CENS_Pacific,T_10_CENS_BlackAlone,T_10_CENS_NativeAlone,T_19_ACS_Total,T_19_ACS_White,T_19_ACS_Hispanic,T_19_ACS_Black,T_19_ACS_Asian,T_19_ACS_Native,T_19_ACS_Pacific,T_19_ACS_BlackAlone,T_19_ACS_NativeAlone,T_20_CENS_Total,T_20_CENS_White,T_20_CENS_Hispanic,T_20_CENS_Black,T_20_CENS_Asian,T_20_CENS_Native,T_20_CENS_Pacific,T_20_CENS_ADJ_Total,T_20_CENS_ADJ_White,T_20_CENS_ADJ_Hispanic,T_20_CENS_ADJ_Black,T_20_CENS_ADJ_Asian,T_20_CENS_ADJ_Native,T_20_CENS_ADJ_Pacific,T_20_ACS_Total,T_20_ACS_White,T_20_ACS_Hispanic,T_20_ACS_Black,T_20_ACS_Asian,T_20_ACS_Native,T_20_ACS_Pacific,T_20_ACS_BlackAlone,T_20_ACS_AsianAlone,T_20_ACS_NativeAlone,T_20_ACS_PacificAlone,T_20_ACS_OtherAlone,T_20_ACS_TwoOrMore,T_22_ACS_Total,T_22_ACS_White,T_22_ACS_Hispanic,T_22_ACS_Black,T_22_ACS_Asian,T_22_ACS_Native,T_22_ACS_Pacific,V_10_VAP_Total,V_10_VAP_White,V_10_VAP_Hispanic,V_10_VAP_Black,V_10_VAP_Asian,V_10_VAP_Native,V_10_VAP_Pacific,V_10_VAP_BlackAlone,V_10_VAP_NativeAlone,V_19_CVAP_Total,V_19_CVAP_White,V_19_CVAP_Hispanic,V_19_CVAP_Black,V_19_CVAP_Asian,V_19_CVAP_Native,V_19_CVAP_Pacific,V_19_CVAP_BlackAlone,V_19_CVAP_AsianAlone,V_19_CVAP_NativeAlone,V_19_CVAP_OtherAlone,V_19_CVAP_TwoOrMore,V_20_VAP_Total,V_20_VAP_White,V_20_VAP_Hispanic,V_20_VAP_Black,V_20_VAP_Asian,V_20_VAP_Native,V_20_VAP_Pacific,V_20_VAP_NH_Total,V_20_VAP_NH_White,V_20_VAP_NH_Hispanic,V_20_VAP_NH_BlackAlone,V_20_VAP_NH_AsianAlone,V_20_VAP_NH_NativeAlone,V_20_VAP_NH_PacificAlone,V_20_VAP_NH_OtherAlone,V_20_VAP_NH_TwoOrMore,V_20_CVAP_Total,V_20_CVAP_White,V_20_CVAP_Hispanic,V_20_CVAP_Black,V_20_CVAP_Asian,V_20_CVAP_Native,V_20_CVAP_Pacific,V_20_CVAP_BlackAlone,V_20_CVAP_AsianAlone,V_20_CVAP_NativeAlone,V_20_CVAP_PacificAlone,V_20_CVAP_OtherAlone,V_22_CVAP_Total,V_22_CVAP_White,V_22_CVAP_Hispanic,V_22_CVAP_Black,V_22_CVAP_Asian,V_22_CVAP_Native,V_22_CVAP_Pacific,V_22_CVAP_BlackAlone,V_22_CVAP_AsianAlone,V_22_CVAP_NativeAlone,V_22_CVAP_PacificAlone,V_24_CVAP_Total,V_24_CVAP_White,V_24_CVAP_Hispanic,V_24_CVAP_Black,V_24_CVAP_Asian,V_24_CVAP_Native,V_24_CVAP_Pacific,V_24_CVAP_BlackAlone,V_24_CVAP_AsianAlone,V_24_CVAP_NativeAlone,V_24_CVAP_PacificAlone,E_08_PRES_Total,E_08_PRES_Dem,E_08_PRES_Rep,E_12_PRES_Total,E_12_PRES_Dem,E_12_PRES_Rep,E_16_PRES_Total,E_16_PRES_Dem,E_16_PRES_Rep,E_16_SEN_Total,E_16_SEN_Dem,E_16_SEN_Rep,E_18_SEN_Total,E_18_SEN_Dem,E_18_SEN_Rep,E_18_GOV_Total,E_18_GOV_Dem,E_18_GOV_Rep,E_18_AG_Total,E_18_AG_Dem,E_18_AG_Rep,E_16-20_COMP_Total,E_16-20_COMP_Dem,E_16-20_COMP_Rep,E_20_PRES_Total,E_20_PRES_Dem,E_20_PRES_Rep,E_22_CMPTR_Total,E_22_CMPTR_Dem,E_22_CMPTR_Rep,E_16-22_COMP_Total,E_16-22_COMP_Dem,E_16-22_COMP_Rep,E_22_SEN_Total,E_22_SEN_Dem,E_22_SEN_Rep,E_22_GOV_Total,E_22_GOV_Dem,E_22_GOV_Rep,E_22_AG_Total,E_22_AG_Dem,E_22_AG_Rep,E_22_CONG_Total,E_22_CONG_Dem,E_22_CONG_Rep,E_20-24_COMP_Total,E_20-24_COMP_Dem,E_20-24_COMP_Rep,E_24_PRES_Total,E_24_PRES_Dem,E_24_PRES_Rep,E_24_SEN_Total,E_24_SEN_Dem,E_24_SEN_Rep,E_24_CONG_Total,E_24_CONG_Dem,E_24_CONG_Rep
0,Un,0,0,0,0,0,0,0,0,0,0,0,0,0,0,0,0,0,0,0,0,0,0,0,0,0,0,0,0,0,0,0,0,0,0,0,0,0,0,0,0,0,0,0,0,0,0,0,0,0,0,0,0,0,0,0,0,0,0,0,0,0,0,0,0,0,0,0,0,0,0,0,0,0,0,0,0,0,0,0,0,0,0,0,0,0,0,0,0,0,0,0,0,0,0,0,0,0,0,0,0,0,0,0,0,0,0,0,0,0,0,0,0,0,0,0,0,0,0,0,0,0,0,0,0,0,0,0,0,0,0,0,0,0,0,0,0,0,0,0,0,0,0,0,0,0,0,0,0,0,0,0,0,0,0,0,0,0,0,0,0,0,0,0,0,0,0,0,0,0,0,0,0,0,0,0,0,0,0,0,0
1,1,302143,238308,37044,14258,12035,2527,320,0,0,298638,223401,43522,16095,15763,1151,130,0,0,325301,230251,56329,18963,16161,5576,352,325503,230322,56376,19000,16144,5351,340,296286,223035,41993,14842,15993,1223,330,11580,13922,341,146,1014,4252,320353,232316,51692,18318,16857,3261,262,236233,189797,26165,10548,9127,1836,223,0,0,221335,183243,18452,10665,8190,616,13,10163,7619,317,211,0,264918,194363,39731,15232,12625,4115,246,264918,194363,39731,11918,11021,840,47,1140,5858,222383,183964,19141,10046,8334,645,43,0,0,0,0,0,239146,193414,22746,11557,10000,1091,18,10181,9248,398,18,242492,193132,25421,11588,10768,1201,48,9691,9962,431,48,150074,79873,68282,130223,66865,63358,151873,69962,75577,145572,87644,55211,124477,69882,54557,125203,65866,56437,122775,64622,55883,140450,74735,63141,175317,90752,82034,132136,66109,66016,141612,69782,70573,133349,64326,68514,134614,62010,72509,132178,61973,70191,132389,63759,68608,152882,75050,77112,174282,84717,87354,168678,86098,82020,166982,82039,84943
2,2,321031,263635,28632,12410,16548,1514,217,0,0,318406,256250,30560,11567,19133,748,182,0,0,320423,239652,41382,14297,22842,3713,299,320585,239721,41421,14259,22899,3330,282,317633,254127,32221,11925,19055,1673,206,8701,16025,478,24,1281,4776,319965,247677,35320,13631,21252,2666,270,240434,200795,19407,8570,11560,968,143,0,0,238445,204465,15845,6924,10779,281,30,6372,10174,58,178,0,255445,197963,28399,10357,16791,2565,220,255445,197963,28399,8061,14966,174,29,1107,4746,240495,203630,18670,7064,10274,545,25,0,0,0,0,0,242365,201630,20503,7674,11499,647,0,6803,10456,338,0,246650,199361,22572,9877,13497,739,55,8492,12276,323,55,162536,78904,82006,146341,66827,79514,167468,73050,87810,161716,93142,65821,131350,69056,62252,132017,65339,63858,129988,64026,63517,151810,76173,72944,189604,92404,94435,142475,65324,77128,152764,69844,81600,143490,63374,79631,144618,60708,83803,142507,60568,81911,141777,60948,80811,165175,74129,90142,188999,82744,103102,183204,84583,97919,180859,79970,100889
3,3,324023,240027,47627,25571,12052,3210,333,0,0,327154,228420,59917,27661,12788,2456,380,0,0,324968,212097,64502,31284,15535,5994,448,325503,212268,64616,31135,15574,5258,392,328442,228609,57958,30272,13647,2258,405,22855,11263,599,13,1098,6049,330250,221976,61695,32802,15066,4075,385,245285,188876,31687,16289,8586,2087,226,0,0,239570,186133,30143,15504,6239,1118,59,14442,5511,716,440,0,257751,177735,44734,21650,11804,4330,299,257751,177735,44734,16722,10102,701,48,1269,6440,240531,186119,29364,16506,7230,931,14,0,0,0,0,0,242671,183677,31819,17335,7983,1175,51,15742,7309,642,51,241318,176922,34804,18915,8833,1469,30,16840,8034,487,30,132250,69066,61615,114680,60284,54396,138299,55023,77716,130458,74955,52918,104716,53624,51066,105718,50518,52598,103307,49462,51797,122962,58983,61668,156611,70317,84018,111295,45959,65315,122440,51211,70182,112209,44110,67587,113841,41686,72066,111261,42447,68793,110763,41461,69278,133425,54648,78123,157133,63648,91770,150652,65549,84573,147600,59592,88008
4,4,314571,128147,112829,66834,12587,4307,582,0,0,317625,115546,124877,67929,13955,6867,689,0,0,324787,105331,140139,66104,16156,9229,466,325503,105421,140365,64993,15929,7643,411,317796,111675,128003,67139,15713,4633,778,55913,13212,606,124,1985,6267,326066,111303,134111,69302,17260,4962,1193,234743,104137,78186,46924,9019,2965,429,0,0,204629,94836,58670,42220,6802,1521,116,41132,6551,670,962,0,250035,89990,99660,49898,12153,6550,353,250035,89990,99660,42124,10644,512,36,2010,5059,209317,93589,63617,42167,7939,1467,128,0,0,0,0,0,217171,94911,68584,43056,8673,1435,193,41407,8190,460,193,168533,80235,46226,32030,8567,1069,79,30354,8160,330,79,105354,68181,36092,96204,65399,30805,109059,64253,41200,103262,74016,27363,80867,55409,25439,82341,54531,26272,80242,53113,25818,96037,62573,32020,121814,74127,46195,72905,39117,33778,88573,51527,36434,73783,39358,34080,74832,37828,36960,73202,38139,35051,73038,37547,35475,95771,52525,42770,119067,62509,54872,113183,63179,49400,109248,56869,52379
5,5,320298,254964,29649,6673,29004,1116,196,0,0,319856,235577,36154,9791,38584,1985,152,0,0,325387,221783,42267,9881,49432,2727,306,325504,221853,42294,9826,49526,2662,294,321259,233569,36694,9776,41298,1723,172,6543,38122,193,8,1584,4543,322532,223704,40005,9873,47053,1917,175,247030,200665,20424,4781,20966,688,121,0,0,240388,190640,21640,5467,21464,639,10,5184,20416,268,495,0,258804,183647,29859,7125,36426,1976,246,258804,183647,29859,5011,34148,185,36,1267,4651,241479,189674,21933,5377,23465,595,10,0,0,0,0,0,242034,184952,23661,5670,26577,643,69,5307,25565,214,69,241870,177592,27610,6879,28732,472,111,6249,27896,76,111,161686,78383,81702,141861,69538,72323,166000,72158,87733,159594,96786,60431,126815,67016,59760,125938,63096,60177,125337,61838,61260,148387,75131,70872,188313,89758,95981,134738,60683,74024,147585,66006,80454,135583,58340,76864,136689,54191,82376,134718,54646,80030,133697,55025,78640,159115,68512,89874,183688,76010,105262,177660,78321,98459,176023,77388,98635
6,6,306023,118009,85986,96516,10605,3605,555,0,0,312332,111204,96907,101224,12820,6959,316,0,0,324804,105840,108024,98088,15665,5891,497,325503,105877,108209,97141,15370,5072,439,312948,109413,97035,102442,14065,6119,374,87003,11089,337,74,1173,6823,326773,108849,102831,106384,15480,4690,623,232551,95517,60724,71438,7975,2495,411,0,0,200941,90053,37980,64866,6946,751,83,63160,6587,193,659,0,252926,87973,77389,76989,12149,4493,364,252926,87973,77389,68578,10278,405,64,2206,6033,205489,88951,41915,65400,7694,741,189,0,0,0,0,0,218378,89045,47272,70750,9446,937,158,68787,8786,94,158,220587,85114,50879,71451,11039,1415,178,69535,10290,149,178,128974,86565,41432,116534,79699,36835,129752,85564,39938,125007,93100,30138,101134,72392,28703,100577,70354,28611,100446,69574,29619,116464,81276,33617,143437,96611,45024,92685,57218,35441,108991,70349,37858,93734,57207,36251,94376,54953,39355,93184,55226,37926,92690,54859,37802,116298,72455,43361,139687,85418,52921,135005,85361,49133,134370,84074,50296
7,7,312330,225824,29286,9125,48083,1289,321,0,0,316852,210564,33427,9489,60953,1813,398,0,0,325409,198297,38062,9649,77039,2430,321,325503,198335,38083,9611,77086,2375,308,315862,206873,34512,8841,63559,1723,327,6421,59565,432,70,1990,6000,320738,204244,34459,9139,69388,2358,271,239194,176427,21264,6877,34474,895,243,0,0,224015,165635,16565,6275,34431,735,154,5901,33440,436,360,0,254784,162417,27476,7364,55600,1732,241,254784,162417,27476,5437,52919,211,46,1306,4972,222211,163654,16559,5883,35065,699,85,0,0,0,0,0,228942,163842,18144,5838,39867,798,69,5281,38696,332,69,229522,158966,19046,5795,44306,862,71,4998,43038,260,71,151490,80956,69163,130980,65742,65238,152091,80159,66475,146742,93804,50831,118237,70502,47676,116802,67434,47268,116662,65451,49266,137246,78992,56154,174379,96533,75571,123836,63662,60140,136103,70812,64233,124662,62315,61995,125446,57680,67650,123831,57908,65885,122532,59474,63017,146674,72569,73370,169234,79835,86807,164347,81255,82277,162498,84872,77626
8,8,325500,280600,26354,9719,9205,1263,214,0,0,316081,259698,34898,11621,10053,2093,439,0,0,325305,256958,40201,14036,12034,3143,276,325504,257065,40233,14065,12055,2961,265,314761,253385,37607,13273,10326,2222,609,9549,7865,445,71,880,4974,322858,257343,39247,14583,10805,1892,463,250721,219558,17883,6634,6663,838,154,0,0,243500,209898,19720,6746,5788,945,88,6440,5332,344,357,0,262114,213031,28292,10144,8771,2221,191,262114,213031,28292,7597,7167,192,30,1085,4720,243487,205898,21662,8449,6122,961,70,0,0,0,0,0,251724,213221,22159,9002,6470,688,30,7647,5713,121,30,248031,205852,25860,8742,6444,1057,0,7231,5783,88,0,161059,71004,88375,145559,63574,81985,166225,58816,100915,158557,87053,68912,128065,58609,69427,128533,54163,71381,126517,53080,71082,149229,64534,82120,189212,75643,110861,141463,52839,88591,151440,56187,94052,142459,50104,91872,143992,46795,97072,141307,47120,94153,140816,45392,95367,164266,59386,104206,188135,67481,118938,182138,69139,112504,178680,58619,120061
9,9,307109,196503,44193,43832,23599,1733,425,0,0,313711,175719,55631,54367,29823,1340,294,0,0,325310,176575,58478,53936,35265,3925,472,325504,176629,58510,53820,35217,3748,455,312060,170723,54978,55314,31403,1464,169,47653,27566,331,16,3350,7443,324111,172162,57695,56579,37343,1777,124,237556,158022,31483,31116,17402,1095,300,0,0,227457,140799,32160,35161,18039,539,95,34581,17285,372,760,0,256519,144213,42878,41599,26700,2913,347,256519,144213,42878,35720,24228,369,61,3022,6028,228678,137801,33879,37387,18601,547,18,0,0,0,0,0,237374,138787,35828,39115,22767,487,4,37760,22184,227,4,232404,135071,36818,35400,23759,630,21,33183,23222,59,21,144315,75876,67135,125351,68647,56704,147609,77120,65231,142074,93528,46589,112734,67224,45472,111944,64947,44966,111506,63427,46275,132003,76288,53742,167356,91380,73850,114558,56108,58423,128784,66002,61834,115646,55841,59464,116723,51921,64693,114901,52355,62517,114385,52123,62230,139556,68304,70588,164927,77904,84661,159730,80284,78485,159286,77112,82174
10,10,289053,55311,47762,169517,19209,4566,1303,0,0,318889,57169,58668,171614,29614,3875,1299,0,0,318838,52795,57422,173880,30341,8575,1401,319736,52821,57526,172553,30276,7145,946,317482,57061,57643,168967,32104,4510,1255,154272,27213,1026,207,9939,10119,335485,60901,62269,177960,33091,4808,1872,215983,44229,33410,125058,14557,3017,972,0,0,210608,42623,33380,114940,16862,1533,342,113932,16594,604,1361,0,249312,42003,42503,136705,23786,6675,1146,249312,42003,42503,118509,18752,2365,213,10139,14828,210650,43585,32191,113944,17676,1950,346,0,0,0,0,0,222150,46224,33053,120269,18745,1892,387,118432,18352,945,387,219899,46334,31850,118178,19808,2362,41,115987,19417,1183,41,97262,80368,16378,82707,72696,10011,97331,78450,16896,94581,83135,10196,71200,60551,10611,72707,61011,10707,72040,60843,10409,85957,71460,13629,108744,84785,23082,58937,41701,17188,76371,58498,17474,60606,43248,17091,61241,41910,19262,59982,42027,17909,59586,42169,17340,81002,58402,22292,99605,68871,29803,96651,69534,26633,95406,67675,27731
11,11,304956,111999,55462,41504,93752,3254,1044,0,0,311383,97174,60417,35552,114794,3326,920,0,0,319546,90563,60599,36245,127003,5080,1074,319736,90601,60663,36097,127617,4712,959,312602,94960,61186,36603,115821,3886,717,30210,108940,1031,106,6918,9253,320609,96154,61813,35226,123279,4217,579,247888,97004,43058,34019,71946,2287,802,0,0,209323,81280,36259,24244,65225,1127,272,23704,64333,647,1083,0,261909,79213,47082,30147,100842,3939,916,261909,79213,47082,24043,95372,870,154,7120,8055,210101,78934,37624,24436,66737,1144,154,0,0,0,0,0,219950,80710,39318,23654,73718,1291,225,23077,72528,688,225,213811,76369,35974,23178,75429,1561,377,22253,74237,871,377,98768,66495,31405,87414,63234,24180,104768,71043,30839,100243,78221,20320,72888,53971,18866,73779,53008,19117,72267,51669,18984,90565,64489,24635,119795,78964,39620,68364,40143,28182,83941,53634,29701,69122,41136,27595,69903,38331,31480,68240,38373,29827,68401,39730,28400,90164,52656,36764,109361,58204,48375,106038,61071,43743,104481,61151,43330
12,12,305920,115564,98559,10808,83518,3866,828,0,0,302844,113048,101369,9767,80858,2748,683,0,0,319714,106850,102476,15553,96156,7424,812,319736,106877,102525,14141,95913,6713,690,301451,108056,102777,11042,82841,3008,672,4791,77774,500,0,1101,6448,311173,106099,106862,13519,87608,4713,409,248453,100523,74365,8311,66805,2764,666,0,0,175860,83001,49855,4618,37048,815,95,4116,36161,428,494,0,264732,93684,80975,11846,78779,5886,608,264732,93684,80975,6461,75484,202,92,2221,5613,176824,80449,51800,4886,38305,678,35,0,0,0,0,0,182302,80027,53304,6121,41313,962,10,5185,40042,381,10,180753,78996,50530,6301,42742,1444,122,5319,41447,753,122,75544,54085,20665,69968,54732,15236,88316,65113,19883,83937,67416,13590,63821,52160,11583,64355,49380,11763,63000,49672,11408,77860,59488,16234,103896,73208,29197,55421,36633,18741,70642,50034,19743,56076,37772,17757,56742,35969,20660,55339,35983,19305,55479,37078,18112,76034,49622,25485,94062,56090,35349,90499,58725,30603,88615,58111,30504
13,13,308188,31026,191088,28485,64344,5679,861,0,0,290934,26094,183313,23042,64525,3704,545,0,0,319376,25806,198099,24495,75036,14169,726,319736,25825,198356,21556,72698,11087,484,283407,26789,175025,23716,65223,3604,704,15787,60015,337,103,995,4357,297516,26835,183054,27319,68622,6310,1147,239595,26323,144077,23042,51501,4160,677,0,0,133334,19366,67265,13451,32546,538,4,13107,31914,260,291,0,251241,21742,151542,20369,61135,10634,583,251241,21742,151542,13724,58586,350,44,1941,3312,133390,19560,67476,13393,32149,550,99,0,0,0,0,0,140790,20795,69809,14181,35182,623,44,13291,34549,189,44,137420,20224,66625,15745,33977,517,174,14870,33484,162,174,60630,49731,10527,58053,50499,7554,69805,57937,10013,65630,56877,7228,46932,41389,5505,48233,41190,5558,46843,40488,5340,59175,49416,8686,77819,58602,18504,35370,24622,10726,50429,39019,10968,35935,26080,9570,36802,25115,11627,35478,24936,10512,35294,25106,9737,53242,36030,16731,68656,39915,27394,65054,41570,22725,63542,41164,22378
14,14,294105,59575,46714,156379,35965,3768,988,0,0,312772,54885,51614,159919,44737,2965,1117,0,0,319109,52905,55148,157041,55479,5978,966,319736,52919,55239,156258,55319,4987,789,312720,54939,51687,159138,45019,3175,1091,148091,40561,1208,230,7009,9001,327098,55498,53501,161749,51992,3945,1068,231127,49221,35409,121041,28302,2766,768,0,0,207816,40953,28637,111393,24099,1785,554,110142,23141,1027,916,0,256155,42947,42412,127760,43675,4621,759,256155,42947,42412,113467,39597,902,145,5158,11527,208100,40991,29619,111292,23498,1860,554,0,0,0,0,0,221103,41694,32280,114795,29454,1567,415,113237,28093,925,415,218489,39667,34010,109784,32406,1657,100,107972,30382,1052,100,108727,94446,13617,102835,90492,12343,107613,92493,12510,104758,94140,8838,82039,74257,7706,82813,73957,7286,82290,73897,7320,96859,85257,10367,122849,102711,19080,67905,55832,12020,86553,72642,13344,69063,56633,12099,69771,54755,14895,68575,54917,13609,68402,57377,10936,91644,73167,17923,111674,84462,25482,108828,85538,22428,106998,86579,20419
15,15,299710,104967,87923,31283,72598,5359,1783,0,0,317721,97062,100663,26261,85844,3640,1313,0,0,319456,88530,100046,31456,89614,9709,1475,319736,88592,100171,30398,91507,9048,1196,312618,91585,98589,28053,88735,2881,1157,16164,79682,577,48,13935,12039,324211,89467,104749,32025,90642,5018,1280,235385,88902,64509,23433,56321,3548,1316,0,0,199464,75859,55966,13915,49889,1513,554,13336,49062,863,1780,0,256843,74931,77131,24919,71471,7634,1176,256843,74931,77131,14861,62327,2264,162,12531,12636,198421,72034,56018,14170,52416,1150,406,0,0,0,0,0,206911,70981,59660,17326,55007,1599,322,16509,53495,881,322,202340,68596,58334,17453,54268,1419,271,16271,52311,810,271,79220,51605,26966,75697,54385,21312,89335,60517,26173,84537,65919,16948,58156,43065,15054,59052,42226,15319,57760,41235,15122,75245,53045,20906,103131,65307,36788,53102,29079,23985,68598,42400,25618,53853,30119,23383,54631,27583,26945,53125,27740,25342,52743,29218,23474,74230,41153,32572,92687,46938,44097,88969,49363,38819,86793,48593,38200
16,16,298280,80890,43075,15767,160690,1761,564,0,0,293609,65178,45519,15706,169429,2185,285,0,0,319569,60088,48657,17084,195634,2990,528,319736,60108,48720,16264,195605,2683,470,292388,64321,46177,15621,169197,2068,576,10756,164174,674,129,1195,4960,298670,63901,48151,17015,170836,2311,774,244737,69440,32986,12351,131268,1274,453,0,0,170776,54583,26974,9453,78458,973,70,8751,77336,643,336,0,264197,51991,38112,13699,161498,2282,415,264197,51991,38112,10040,158768,170,34,1430,3652,171747,54373,27784,9631,78436,943,139,0,0,0,0,0,177718,54040,28501,10192,83231,1042,94,9345,81816,669,94,177089,51607,27728,9339,86510,846,168,8571,85357,539,168,78713,50539,27502,70473,49366,21107,76938,49767,24621,70936,53522,15888,52193,36998,15148,53193,36298,15346,51511,35155,14867,65836,44598,19951,90861,55868,33964,49517,26275,23214,61628,36749,24334,50066,27595,22072,51027,24947,25990,49553,25372,24140,50126,30074,20012,65811,35650,29708,78978,39020,38668,75197,41132,33386,73845,44614,29231
17,17,292751,116569,49579,5774,122542,2352,513,0,0,293255,96360,53614,6906,137957,1931,210,0,0,319550,93738,57400,8141,161354,5872,423,319736,93804,57477,7326,160572,5238,322,287626,93422,51056,8232,136434,2076,218,4749,131266,395,28,799,5917,292670,93993,55224,9080,135257,3211,655,228930,96951,35540,4337,93190,1626,395,0,0,158402,64830,20548,3269,68978,571,19,2961,68278,290,229,0,247724,76832,41219,6028,124288,4201,331,247724,76832,41219,3341,120501,155,36,1013,4627,155432,62446,21270,3792,66908,641,29,0,0,0,0,0,156583,63456,21744,4048,66121,765,10,3506,65065,545,10,151316,59515,22597,4781,63163,785,100,4093,62463,499,100,51891,28954,22399,46712,29826,16886,56621,33165,21554,50837,37100,12299,38673,26383,12249,39473,25587,12398,38370,25244,12002,48567,31080,16348,67582,39003,27666,35915,17238,18642,45321,24858,19972,36173,17929,17918,37202,16060,21085,36053,16652,19368,34344,17131,15697,48846,23616,24670,60944,25285,34145,55369,26793,27775,52310,23232,28320
18,18,296430,83571,151999,55316,18089,5277,1167,0,0,305247,103820,138863,56136,21682,3338,674,0,0,319074,112954,135369,53537,25622,8677,1026,319736,112972,135708,46228,24150,6381,645,303219,105547,135984,55247,21196,4058,732,35404,17519,541,58,1910,6250,312508,109582,135540,58271,22486,6633,843,215253,57883,110389,40652,14915,3775,914,0,0,187628,68255,76876,28891,12316,655,18,28055,11249,210,523,0,248190,84051,105570,42729,22233,6886,844,248190,84051,105570,27970,18572,469,132,3418,8008,189249,70177,76281,28696,12540,829,27,0,0,0,0,0,201874,74740,79173,32347,14013,750,48,30581,12557,98,48,201561,78148,73464,33022,15323,911,93,31072,13550,182,93,72194,61527,10139,71131,64799,6332,81877,72309,6826,77205,68906,4835,62268,58410,3797,63499,56099,3621,62582,57810,3443,73897,65082,6737,96218,76953,17993,52514,41749,10655,67118,55766,10596,53622,44105,9094,55413,40243,15058,53419,42493,10835,53430,43653,9654,71519,55461,15169,87972,63857,21635,82645,65090,16401,81768,67125,14643
19,19,292368,18109,54052,221736,11450,3435,839,0,0,299956,18176,54126,227034,10943,1543,212,0,0,318632,16344,61473,236747,17877,4870,768,319736,16362,61666,227346,17078,3109,451,298296,18116,53620,225760,11784,1516,310,208404,9163,205,109,2511,6168,317299,18402,58129,236819,14686,1738,391,215211,15836,37882,161525,8401,2418,625,0,0,194889,14785,30289,143079,5448,702,25,142443,5257,300,841,0,247021,13652,45453,183802,13432,3770,592,247021,13652,45453,159654,11467,658,64,2950,13123,194585,14004,30941,142772,5827,460,35,0,0,0,0,0,211382,14082,35310,153193,7748,303,65,151816,7260,50,65,203548,13724,34414,144633,9129,752,133,142331,8691,132,133,93429,86943,6226,89720,86406,3314,96512,89217,5936,93444,88287,4041,73137,69749,3355,74160,70074,3405,73714,70069,3269,85855,80343,4905,104828,94657,9585,49655,43620,6004,71257,64796,6185,51092,45279,5612,51647,44862,6729,50928,44926,5975,50447,44918,5376,72755,63794,8690,91001,77198,13016,87650,75920,11207,86685,75928,10757
20,20,301861,77086,33508,188913,12478,3004,677,0,0,315513,100666,36423,168881,17963,2494,377,0,0,318855,102709,37399,163476,20349,4117,588,319736,102728,37499,160056,18576,2430,356,315139,102093,36244,164662,19317,2854,283,150071,13592,204,9,2112,10819,326820,109091,40084,163997,20512,3322,197,236387,62193,25153,146554,9851,2221,556,0,0,215954,75295,22442,106828,9654,1098,45,104926,8186,204,953,0,258647,82962,29493,134016,16259,3293,491,258647,82962,29493,116259,12797,329,72,3127,13608,218651,77584,21937,107093,10551,918,7,0,0,0,0,0,229352,81260,24868,109388,12223,1095,4,106668,10047,269,4,225483,82392,23179,106572,11258,1315,43,103523,9369,247,43,115680,107437,7623,111349,105216,6133,122681,111953,7149,119261,109383,5584,103906,98885,4923,103889,93696,4677,103999,97648,4443,114753,105745,6208,134847,122942,10426,86384,77995,8327,104331,95334,8046,88010,79773,7748,88745,79205,9371,87992,79227,8700,85690,78529,2368,108544,97333,10094,127814,110985,13650,124136,111982,10700,121609,109084,10699
21,21,311138,77913,37331,182342,21963,2610,724,0,0,314397,79822,38008,177149,25592,2020,206,0,0,319169,75768,38340,177449,33065,4305,560,319736,75793,38411,174244,32175,3129,387,309452,76932,36695,175805,25215,2466,196,161585,21491,662,10,2244,9837,314180,76537,35511,178617,27734,3167,229,236665,59807,26826,140169,15924,1838,587,0,0,201234,55992,20495,110923,12555,535,0,109850,12047,244,806,0,252373,59242,28957,144058,24313,3365,452,252373,59242,28957,126221,20959,408,48,2852,13686,201657,54986,21247,111561,12372,720,8,0,0,0,0,0,210390,56711,20696,117897,13914,800,23,116347,13253,379,23,200984,52488,20886,110179,15994,1025,104,108245,14936,313,104,104067,85796,17750,101910,86783,15127,107707,88423,16687,104347,92636,9473,83024,73118,9846,83589,71695,9622,83219,72851,9197,96721,82577,12636,118789,96656,21087,68712,53555,15105,86684,70057,15999,70158,54996,14797,70978,53126,17742,69949,54055,15842,66468,54483,6146,90990,70678,19589,110466,82388,25912,106083,82763,22169,103816,81507,22309
22,22,296724,227942,25072,6278,37588,1114,323,0,0,294934,211868,27487,8503,47029,1232,379,0,0,319615,216369,29020,9721,56960,2918,337,319735,216420,29064,9678,57375,2730,314,293501,209514,27065,8982,46681,1459,482,6789,40787,178,319,2211,6635,303117,208266,27905,10493,51354,2729,461,209127,157537,18157,4844,28653,737,243,0,0,170821,127564,13317,5068,24189,496,50,4895,23252,376,152,0,222236,146863,20924,7601,42936,2077,240,222236,146863,20924,5620,38576,128,32,3589,6504,169507,126431,12934,5153,24275,363,122,0,0,0,0,0,173914,125979,13821,6593,26575,690,97,6094,25435,235,97,170221,122764,12666,8274,25520,753,102,7524,24108,300,102,72358,23215,48609,66481,22132,44349,71466,24524,44183,65441,43314,20950,47142,20729,26307,48576,22219,25220,47197,21720,24108,61469,26395,33880,89311,25856,62604,60170,19940,40075,65955,20755,44577,62059,22538,39173,64521,12480,51946,61708,18323,43270,48915,17386,16235,72991,20004,52532,84593,18453,65002,76222,22311,53210,73408,20658,51986
23,23,299062,142947,68871,65942,28932,3425,583,0,0,293985,134828,66408,63100,35463,2440,300,0,0,318937,133027,76391,70963,46296,6799,642,319736,133110,76598,65501,45355,5236,468,293153,132449,66313,63416,37373,2234,254,52588,31238,190,30,963,9384,305223,136011,67441,65976,42027,3062,239,231265,122498,46227,44628,21925,2298,424,0,0,195129,101847,37298,36401,18262,1117,39,35219,17555,276,561,0,250872,114244,53723,50950,35946,4914,508,250872,114244,53723,41476,32375,394,86,1735,6839,196156,100716,38199,37302,18793,1044,27,0,0,0,0,0,206331,104034,39348,39614,22217,1040,18,37923,20878,482,18,205559,98652,41314,39706,24508,1045,73,37646,22405,611,73,87868,55426,31720,77398,52481,24917,90292,52911,34754,84186,62417,20161,66082,44944,21064,67537,44824,21199,66372,43816,21224,79977,51302,27360,105923,58961,45782,58083,29626,28405,73292,40934,31747,59071,30607,28094,60338,28924,31298,58845,29301,29499,59499,29550,29850,77814,39734,37497,94045,44579,47916,89285,45994,42284,87539,43159,44380
24,24,306016,241037,32327,9304,24007,1395,316,0,0,315824,235295,39870,10548,30868,1413,298,0,0,319573,225764,40829,11869,40426,2757,430,319736,225851,40871,11539,40554,2606,405,315186,231204,40611,10837,33656,1730,321,7008,30523,420,55,467,4897,325808,229041,44381,11972,40516,1683,136,239193,191989,22387,6798,18187,949,242,0,0,232118,183497,23961,6091,17587,661,105,5367,16974,274,206,0,254435,184906,29147,8734,30745,2017,334,254435,184906,29147,6117,28775,188,53,1176,4073,230641,180157,24623,5755,19022,648,95,0,0,0,0,0,237393,179365,28038,6092,23114,490,15,5207,21358,168,15,236206,175732,27698,6144,25807,560,15,5221,23810,182,15,117345,45125,71210,105370,43172,62198,128146,39774,84716,122942,68778,52594,95217,40328,54820,96567,38646,56185,94842,37091,56015,115232,45922,67728,154660,50842,102151,104342,29781,74510,115398,35882,78731,105061,30062,74561,106173,27072,78994,104675,27439,77192,105649,28587,76889,126401,36231,89550,146174,39069,105120,142901,42698,99267,143103,35871,107232
25,25,274521,35130,54452,188545,9799,4205,738,0,0,301828,66919,57802,174500,16298,3940,589,0,0,318346,75373,61857,171766,21589,5785,845,319736,75395,62075,162273,19266,3220,434,303123,72097,58095,169564,17451,3993,894,148554,12826,398,97,890,10165,324832,80371,63224,174940,21073,5069,1204,206210,28309,38139,140368,7846,3059,538,0,0,209586,49163,35688,115120,8143,1292,37,113465,7036,412,683,0,251561,60282,46850,134814,17996,4578,647,251561,60282,46850,114995,14576,546,97,2297,11918,212933,51921,37054,113548,8902,1371,48,0,0,0,0,0,226064,58104,40631,114523,10707,1592,95,111688,8926,558,95,228675,59815,41244,113491,11745,1511,102,109632,9690,394,102,99238,96860,1956,100202,98676,1526,103707,98298,2452,100376,93944,2463,84693,82928,1674,85235,79257,1671,85244,82418,1577,95483,90570,2611,113923,106638,5979,66502,62271,4154,84506,79899,3803,68025,64109,3460,68775,63386,5260,68037,63986,3981,66102,62306,3544,88090,81218,5898,106997,94776,9359,103094,94471,7354,101142,93960,6932
26,26,281341,147729,76017,26467,35815,3530,577,0,0,301637,155837,72076,29948,46815,3064,800,0,0,322005,160301,77159,30404,56693,6715,754,319736,159444,76557,26899,55593,5359,601,303396,155529,71538,30906,48860,3125,812,22534,40966,350,349,1117,11004,315702,160470,74710,31022,52154,5014,1050,228905,125991,56986,20910,28220,2651,448,0,0,202463,119246,38905,18292,24332,918,315,17191,22627,256,572,0,260860,134528,59062,24271,44437,5057,622,260860,134528,59062,16974,40203,231,69,1703,8090,204061,119210,39508,18406,25300,866,252,0,0,0,0,0,212426,122894,41285,18517,27608,1006,376,17314,25377,215,376,214540,123315,42526,18780,28008,1220,66,16898,25728,288,66,103226,81629,20562,95371,78276,17095,112235,89114,18696,107969,89866,14144,97861,84127,13614,97701,78327,14002,96910,80115,14179,106800,87465,16301,128384,103275,23313,88310,69779,18461,101058,81193,18687,89456,71408,17434,89901,69827,19893,88827,69502,19238,87957,68851,18257,106749,83720,21789,123883,93905,26565,120200,94433,24267,116558,88628,24543
27,27,301000,150555,49757,22185,82704,2564,602,0,0,297539,153162,47554,23611,76833,2721,388,0,0,320063,159480,51820,27418,83880,3639,1359,319736,159296,51793,23548,83010,2400,980,298802,154006,48511,24298,75557,2512,357,16504,69060,545,34,1501,8642,300494,148938,51332,27034,76121,2475,619,264014,137807,40399,17709,70814,2063,511,0,0,224153,124629,35286,14747,47686,1165,90,13821,45550,619,598,0,281052,144618,43209,21847,72394,3070,1209,281052,144618,43209,14723,66836,232,154,1987,9293,227245,126580,36081,14806,48084,1005,28,0,0,0,0,0,232713,125518,38979,16024,50477,732,39,14558,48129,365,39,228409,126447,36050,16478,47795,681,77,14560,45604,347,77,116493,99222,16035,101080,85683,15397,117171,100316,12007,110500,93662,13024,93057,83198,9716,92616,78502,9601,91659,79133,10109,104495,89909,11660,122226,104687,15669,75925,61607,14258,94098,79482,13355,77670,64698,12423,78221,62485,15552,76425,61576,14778,75739,62342,12338,96877,79107,16758,115725,91492,21719,111111,89707,20356,105573,84314,17740
28,28,293152,229240,18843,10823,34400,1081,381,0,0,285783,210454,25382,9503,40728,1544,395,0,0,319639,225680,26206,14839,50059,2192,910,319736,225713,26238,14561,50877,1867,847,285266,206479,26690,9582,42411,1529,485,6751,37553,630,172,758,6235,285510,203692,25642,11668,42249,1773,685,258111,202821,16104,9428,29817,895,312,0,0,215353,171472,16488,5341,21039,720,49,4775,19814,295,345,0,279424,199715,22331,12523,42263,1794,799,279424,199715,22331,9008,38220,258,171,1715,8006,214949,169026,17521,5645,21816,683,43,0,0,0,0,0,216387,168084,17470,7469,21940,938,69,6966,20482,279,69,222725,171454,17341,8684,23936,776,82,8024,21852,160,82,136671,103523,32025,114754,80495,34259,131859,104637,21465,128574,102164,24004,105928,87378,18403,104013,82840,18006,103467,80855,20308,118654,95078,20932,138266,112693,23452,99669,75544,24075,113172,89117,22611,101640,79780,21434,101350,75688,25465,100048,74487,25477,100636,77090,23155,119175,92284,25814,138184,106231,29060,135699,104823,30051,131972,99951,31936
29,29,303394,35896,172977,107043,13641,7297,1295,0,0,306745,40131,168682,105152,14908,4495,676,0,0,318566,40930,173862,113961,18453,10184,1143,319736,40956,174420,88737,16215,5739,575,303556,39313,167349,106171,15301,3956,1069,78114,12752,288,115,2206,3416,313735,39572,170652,116647,16348,7514,1231,225737,31748,123523,76698,11066,5172,951,0,0,186377,31910,93266,53232,6768,875,145,52470,6151,365,522,0,246665,35688,130968,84878,14991,7706,867,246665,35688,130968,60095,12799,355,65,1637,5058,190105,30784,96392,54102,7947,528,114,0,0,0,0,0,203031,31084,102431,59101,9126,1002,379,57526,8516,188,379,204473,30797,100708,60210,10753,1414,635,57875,10173,363,635,92257,84898,6925,89010,83424,5586,96437,88107,6037,90269,83157,5387,69237,64810,4370,70559,64643,4227,69418,64009,4405,82861,75443,6130,101421,87964,12399,46727,38797,7886,68897,60762,7531,48716,41751,6668,49718,41339,8302,48093,40633,7417,44896,39493,5171,70201,58061,11577,89086,68812,19023,84472,67936,15686,81928,65058,15483
30,30,299822,54255,101182,145892,17332,5961,846,0,0,325761,68648,107351,149487,24252,5992,964,0,0,318207,67383,101477,141785,26595,8000,941,319736,67408,101893,125152,23697,3830,426,321625,67488,104523,147068,24051,5789,442,118928,19717,404,18,2017,8531,328664,69436,106503,148849,25060,7162,785,240289,48648,75481,114260,14984,4480,659,0,0,221923,53871,64263,90822,11136,1177,136,88471,9916,305,1303,0,265174,60610,80105,114660,23387,6572,751,265174,60610,80105,92166,19859,550,110,2127,9647,223482,54538,63916,92347,11010,923,26,0,0,0,0,0,229026,55517,65372,93585,12506,1127,8,90380,11163,286,8,227584,55601,61759,93789,14483,1476,20,89054,13107,188,20,118986,114017,4289,112412,108884,3528,120338,112495,4248,114982,106931,4381,96465,92940,3409,97155,90161,3300,96578,91405,3515,108337,101435,4540,124584,114717,8423,67617,61828,5715,91930,85589,5374,70088,64881,4727,70682,64521,6014,69442,63983,5382,62251,61410,357,91738,82916,7931,110214,95442,12760,105510,93974,10291,100845,90202,10643
31,31,322880,45182,222086,73578,12369,8347,1569,0,0,345749,51773,238938,73352,12956,11281,1102,0,0,318973,48131,213344,76870,13101,9766,1208,319735,48143,213874,50566,10618,4896,514,342723,50398,237617,76371,13616,11216,1914,37763,9035,369,96,2134,5309,344222,48209,240932,78471,13875,12555,1752,250689,40202,166220,57014,10071,6106,1192,0,0,206985,42217,126956,30335,6431,629,130,29222,5770,238,574,0,258824,42672,168946,61969,10977,7701,973,258824,42672,168946,31688,8585,261,68,1729,4875,213012,41267,133904,29407,6839,895,95,0,0,0,0,0,215478,40502,137233,29121,7343,870,8,28018,6120,273,8,205988,41265,124179,31215,7625,1281,45,29476,6547,399,45,101939,92137,9106,96621,90067,6554,110410,99560,7770,102183,93236,6047,78780,73829,4859,81138,73526,4720,79368,73163,4675,94035,84641,7450,112448,94559,16675,51021,41530,9434,77017,66769,9445,53248,44818,8035,54576,44154,10311,52700,43622,9020,44505,43336,518,76468,60931,14864,96588,69724,25434,89531,68795,19792,87707,68988,18494
32,32,289013,3854,186791,124498,4446,8476,1658,0,0,306466,4788,200566,129864,3835,4675,1065,0,0,318601,5705,203074,140397,5484,10143,1442,319736,5721,203584,109091,3876,5698,604,305269,5259,197380,138498,3709,4869,1031,95257,2211,608,115,1555,2887,317191,6298,201796,150156,4089,8279,485,200691,2928,128306,86077,3334,5825,1157,0,0,167082,3397,103392,57832,1384,929,160,57090,1292,494,217,0,233327,4264,148852,100853,4238,7534,1055,233327,4264,148852,71551,2783,413,58,1724,3682,170066,3938,104199,59455,1457,844,160,0,0,0,0,0,181834,4886,110259,63894,1578,1256,15,62838,1230,567,15,179708,4800,104809,66761,1888,1520,24,65599,1548,853,24,71478,68007,3271,70906,69184,1722,76901,72286,3428,70876,67435,2553,51489,49597,1867,53518,51012,1859,52202,50019,1787,64144,59986,3570,80191,69605,10036,28842,23908,4920,50013,44893,4837,30403,26150,4093,31316,26020,5262,30136,25681,4440,28870,24854,3910,49633,40420,8964,65184,47832,16870,60955,47270,13166,60174,45614,12388
33,33,306121,60749,166689,80660,19236,6801,1310,0,0,311060,53825,184118,72173,18450,3796,869,0,0,319016,53012,182125,85294,22722,10318,1181,319735,53046,182526,66360,20419,6433,617,305317,52808,181753,71412,17080,4403,939,50220,14027,411,45,1819,4241,307667,48900,183469,78105,19171,7386,1036,226917,51939,116459,58142,14565,4661,962,0,0,175387,39966,89770,35179,9274,754,50,34575,8662,435,418,0,244840,44699,135298,64742,17604,7604,885,244840,44699,135298,42354,15022,431,68,2204,4764,173253,39601,89410,34684,8426,634,120,0,0,0,0,0,176000,37164,92100,35918,9280,890,211,34750,8696,319,211,175455,37795,90072,36300,9936,644,166,35142,9438,246,166,78684,66408,11836,74002,65138,8864,83202,71353,9651,78521,70284,6669,58803,52596,6149,59909,52514,6030,58775,51802,6007,71246,61674,8427,88486,71474,16116,41756,32064,9664,60024,49270,10212,43202,34110,8839,44046,33183,10803,42751,32952,9773,39659,32619,6933,61312,46286,14546,76830,52739,22927,72885,53223,18828,71852,52014,17242
34,34,296019,74489,135328,79632,21753,5361,976,0,0,302722,60859,150337,78218,27517,3456,677,0,0,319179,62051,150919,84133,37961,8642,943,319735,62085,151175,73914,36665,6613,706,305769,61909,149445,77584,31427,4153,987,57490,27374,662,118,3491,5279,305508,61277,148569,79199,33104,5580,771,225194,63293,96582,58917,16032,3756,739,0,0,195695,50095,88701,42973,12575,743,90,42254,12039,424,720,0,248239,52777,112956,64808,28294,6540,694,248239,52777,112956,47382,25747,581,78,3442,5276,198995,49692,90859,43205,13779,938,110,0,0,0,0,0,201028,48827,91681,44323,15113,1155,45,43369,14587,522,45,198584,47414,88042,43688,17757,1325,50,42361,17216,566,50,94076,72144,21322,87735,70771,16964,94899,72852,19637,90008,75228,13303,68809,56387,12377,70023,55772,12575,68873,55530,12316,83052,65872,15986,105882,79235,25670,54784,36385,18372,72999,53426,19057,56323,38385,17676,57135,36933,20136,55765,36862,18880,54926,35852,18328,76760,52491,23791,95104,61557,32258,90873,61960,28106,89332,61345,27900
35,35,297273,145844,83975,52136,22610,3451,623,0,0,304746,139056,94015,56461,25193,3479,600,0,0,319268,132458,108875,57769,28416,6393,525,319736,132505,109041,52796,27912,5108,397,305158,136048,96792,56809,24970,3959,474,41655,21366,513,109,2251,6423,316734,137420,105239,59255,26021,4136,609,226710,118689,58083,37433,16766,2395,460,0,0,205614,109908,49287,31767,13563,631,75,30704,12907,217,501,0,248516,110184,78355,43432,21424,4658,395,248516,110184,78355,33101,19229,313,28,1821,5485,206005,108501,50862,31454,13971,874,120,0,0,0,0,0,217640,111636,57804,31325,15635,792,30,29868,14955,303,30,218046,106768,63071,30226,16547,977,101,28343,15754,360,101,120293,78155,41031,110065,73650,36415,122344,81710,36524,116037,85831,27995,93541,68049,25437,94455,65019,26991,92761,64997,25888,108744,76150,30702,134308,91358,41607,87611,55955,31642,102767,67979,33996,89327,56929,32048,90046,54908,35070,88330,54892,33422,85866,53739,32076,109742,70255,39058,131291,81648,48733,125906,81715,43461,123271,80382,41376
36,36,297128,34917,70694,193428,9559,4187,949,0,0,317521,30198,82903,205935,12480,5370,381,0,0,318970,26727,86452,207884,12446,5877,962,319735,26746,86619,198830,11329,3962,613,318261,29611,85782,203667,13569,4128,814,180849,10513,991,15,4145,6353,318431,28911,90485,199910,12681,3965,705,226545,30750,50091,145390,7346,2997,712,0,0,212529,24428,52067,127579,6523,1253,55,126635,6458,715,932,0,252109,23182,64801,164065,9661,4409,720,252109,23182,64801,144493,7547,615,86,3617,7768,214252,24440,53066,127653,6942,1176,15,0,0,0,0,0,215438,23820,54804,127108,7736,1431,94,124992,7071,649,94,209279,22205,53234,124332,7445,1520,119,121597,6650,566,119,102269,92075,9761,99771,92359,7412,102036,91773,8352,98021,90670,6028,78061,72829,5204,79309,72952,5354,78657,72859,5187,90873,83014,7000,109953,97078,12094,57210,49159,8035,77955,69168,8407,59428,51602,7607,60144,51042,9050,58947,50773,8152,56398,48670,7512,80227,68609,11297,98753,81291,16714,94669,79878,14138,90641,75503,13396
37,37,302409,203109,57077,22189,21499,2392,427,0,0,308742,196375,65791,23345,25191,2068,391,0,0,319598,190199,72207,25356,30302,4717,432,319735,190225,72248,24906,30266,4332,401,307556,191432,66009,25556,25482,2291,450,19770,21823,459,28,1588,6446,316762,190167,71248,28373,27056,3042,387,229342,156983,41262,16820,15113,1702,307,0,0,206584,148225,31059,14349,12033,667,42,13676,11509,414,339,0,246773,151977,52724,19559,21123,3463,341,246773,151977,52724,15248,19078,101,44,1770,5831,206581,145153,32299,15672,12275,793,43,0,0,0,0,0,215987,146776,37870,16663,13569,608,4,15806,12551,247,4,217334,146470,36900,18742,14131,728,25,17227,12802,97,25,138851,82606,54873,129932,73706,56226,142643,89188,47115,137584,94057,41264,112945,76927,35937,113146,73207,37237,111614,72476,36994,128910,84893,41675,156641,103230,51577,113382,68397,44970,125753,78731,45896,115146,69964,44806,115663,66892,48671,113865,66394,47447,109971,63189,46642,134844,82943,51419,156039,95335,59841,152710,95765,56245,149626,99454,49703
38,38,296628,191659,46848,39764,21030,2161,515,0,0,309059,194181,54556,42623,21426,1802,229,0,0,323516,196420,63243,39453,22721,4050,428,323781,196465,63328,39195,22645,3723,387,309851,194305,54939,42526,21640,1759,313,34873,19029,313,22,1559,4811,322535,198943,59911,44537,22885,2334,234,212609,136622,32885,28931,15679,1489,398,0,0,196330,133294,24599,24261,13219,680,15,23347,12549,143,455,0,227683,135283,43499,30534,17581,2864,305,227683,135283,43499,26360,16147,252,26,1746,4370,196305,132913,25217,23836,13341,633,15,0,0,0,0,0,205120,135365,28757,25661,14373,689,10,24539,13560,93,10,201391,132575,28774,24581,14379,626,47,23310,13585,145,47,124575,66458,57084,116052,62884,53168,127270,66675,56027,119001,78671,38437,93174,56720,36398,95049,52240,40212,93281,54641,34631,111418,63522,45604,142216,72353,68259,96193,49171,46912,109877,56559,52400,97912,50146,47378,102976,45833,56993,97239,47768,49361,101954,46694,55150,118388,57879,59965,142403,62656,78390,128698,68643,59477,144905,56166,79832
39,39,316232,211092,49354,45978,12795,3345,399,0,0,315451,202707,53846,50215,13318,3162,733,0,0,321439,191247,63707,52818,13765,6899,478,318141,190708,62800,49301,13538,5668,391,315486,198402,57039,49940,13933,2985,651,39022,9980,444,68,1640,8891,321241,195514,61197,53225,14075,4397,517,241265,168846,32592,31986,9096,2310,284,0,0,234592,166429,29191,30783,6477,1210,92,28666,5775,400,794,0,255597,160934,44289,38761,10533,5032,341,255597,160934,44289,31816,8775,354,67,1609,7753,234577,163905,30843,31214,7179,1085,72,0,0,0,0,0,241878,164727,34624,32922,7967,1023,83,30503,6794,249,83,241377,160435,38187,32126,8745,920,46,29530,7373,140,46,135333,73285,60321,126687,69356,57331,134899,64842,63415,128157,75797,49364,110100,62789,47270,112228,52634,56424,108988,56889,48900,124510,65996,55531,153683,83034,67857,111450,56436,54973,122437,62281,58694,112427,55388,56453,113322,53499,59694,111828,54149,57634,112152,54942,57172,133148,68355,64003,156612,80823,74357,151938,82991,68172,154117,80893,70223
40,40,315984,234003,49159,21451,13244,2078,303,0,0,319470,220391,62588,23608,14392,1950,222,0,0,321122,208801,69837,24709,17053,4756,373,319014,208368,69387,23043,16995,4397,345,319070,217556,62752,25929,14324,1918,193,19609,11699,487,51,1348,5568,319210,212444,65355,26333,15817,2474,171,238719,180458,34772,15557,8959,1433,219,0,0,227338,175424,28568,14103,8127,1057,38,13259,7395,453,311,0,253462,172674,48881,18680,12122,3476,271,253462,172674,48881,14240,10491,233,27,1201,5715,229935,175775,30085,15490,7726,852,44,0,0,0,0,0,234465,174825,34997,14944,8707,760,8,14100,7710,226,8,233694,170007,38942,14554,9018,812,44,13388,7933,168,44,150004,81604,66788,137676,72955,64721,152903,80512,65756,146933,92039,52232,123496,74836,48587,124448,68570,52589,122136,69537,50025,140037,80584,56657,171415,98138,70914,126926,68656,58247,138528,75830,61313,128349,68806,59084,129166,66418,62629,127416,66368,61013,127450,67228,60190,149307,81288,67387,172391,93279,78144,168000,94808,72443,175304,83573,80939
41,41,327475,278975,21222,20152,6740,2923,315,0,0,318982,262916,25979,21890,7895,3336,246,0,0,321766,253102,29189,22562,9628,6961,490,320116,252897,28752,21726,9754,6322,432,318260,258729,26582,22776,7666,3422,264,15681,5512,445,55,1313,9943,322542,255260,28831,23856,8554,4124,309,261149,227758,14227,13629,4828,2115,218,0,0,252521,220153,13444,13464,3887,1489,57,11681,3352,353,334,0,264942,215263,20269,15886,7200,5285,324,264942,215263,20269,11880,5744,412,56,1463,9855,252667,218997,14240,13752,3932,1581,78,0,0,0,0,0,258176,220997,16732,14075,4575,1838,111,11550,3673,226,111,258979,219423,17953,14060,5580,1641,111,11584,4206,141,111,160057,90145,66832,141472,80643,60829,153865,75118,69518,147852,91418,52023,140040,85242,54715,141544,66456,69029,137204,74713,57960,148967,81835,62747,176545,98741,74316,140233,80434,59746,148570,81335,65427,141017,77569,62653,142288,75227,66819,140389,76132,64206,141280,76197,65019,158627,88384,69279,178523,98955,77820,175179,103475,70659,175841,101127,74714
42,42,291540,210799,45540,28414,9368,3244,317,0,0,297057,201471,54145,32357,11032,3367,937,0,0,317147,192808,63273,39261,13238,6424,486,316397,192571,63095,37928,13140,5794,453,298962,200043,54848,35125,11544,3805,540,25738,9277,544,94,1427,6991,317491,203893,63061,40314,13196,4832,726,211441,157460,29464,19189,6316,2179,219,0,0,210456,150629,32371,20016,5784,1379,104,18964,5301,608,373,0,234582,149159,43489,28210,9703,4563,357,234582,149159,43489,21670,8067,500,72,4969,6656,209543,150150,31853,20549,5158,1416,99,0,0,0,0,0,220172,153508,35761,22617,6367,1457,53,21146,5241,352,53,220375,148869,38970,23826,6654,1627,30,21747,5607,295,30,121068,60432,59053,109212,55940,53272,121308,52899,62676,117115,69249,45501,96571,53842,42699,98224,44815,49428,95483,47253,43081,110869,55601,52307,138525,66070,70499,98378,47678,50645,108887,51527,56265,99204,47162,51551,100809,43621,57016,98828,45632,53136,98651,44904,53675,118757,55953,62355,140879,62161,78376,135016,70863,63442,137179,73884,63295
43,43,309079,267081,10483,20452,10992,2209,234,0,0,309340,255619,14163,25486,15141,3376,376,0,0,315571,244357,16373,29500,18997,6665,351,316309,244679,16457,29881,19383,5735,315,308834,252857,14527,25048,16418,3187,399,15734,13935,346,95,661,10679,315123,251088,16242,27484,18748,2749,343,244832,216728,6590,12986,7977,1559,165,0,0,241785,210705,8063,14425,6709,1386,114,12381,6201,337,609,0,255467,204814,11031,19612,14311,5038,250,255467,204814,11031,15208,12773,443,48,896,10254,240575,209510,8352,13796,6930,1333,102,0,0,0,0,0,245640,210420,9749,15275,8427,1200,154,12638,7081,162,154,245899,208554,10400,16524,8791,984,120,14155,7306,96,120,145498,78848,63679,131131,74762,56369,140225,66496,64026,136101,87912,44641,116911,68530,48312,116618,47953,60641,113720,57794,51923,129670,68623,56487,157049,83573,69869,120278,67630,52591,129004,66311,60748,120844,62146,57977,121762,57490,63983,120043,59568,60410,121026,60914,60052,137570,70976,65552,155448,79151,74306,151784,83913,66842,151300,82130,69170
44,44,307523,260064,12744,21532,10599,2826,520,0,0,316120,259110,15075,22732,16387,2635,1015,0,0,325834,250135,18410,26799,19332,7384,740,326808,250505,18522,29239,19692,6315,583,316992,258766,15978,23443,16887,2364,950,16443,12578,794,45,2590,9798,328092,261638,17809,26170,18412,3557,537,236325,205730,7871,13297,7276,1941,329,0,0,241325,209530,9247,13265,7250,1444,183,11810,6315,663,554,0,258483,206081,12063,17527,13679,5527,540,258483,206081,12063,13186,10819,896,112,3662,11664,243470,210710,9579,13754,7162,1623,171,0,0,0,0,0,253760,217234,10976,15101,8217,1689,169,12825,6923,464,169,256472,216342,12034,15936,9905,1730,241,13387,8753,371,241,145280,77924,64531,132948,72991,59957,145900,70329,64827,141472,87592,50351,120724,69866,50830,120414,50983,61866,117933,59154,55202,135357,71625,59162,167969,92080,72187,125675,69172,56464,135389,70783,62438,126550,65862,59973,127672,62781,64650,125717,63628,62046,126748,64611,62102,145081,76933,67274,163978,87664,75222,160362,89866,69586,159920,89041,70879
45,45,335172,305421,7837,12108,3647,7455,231,0,0,326518,293408,9487,13601,4180,6976,446,0,0,325409,283646,9822,12543,4794,12676,425,318587,282706,8013,8856,5231,11757,388,324997,291415,9645,13672,4692,6311,328,10252,3170,4089,163,692,5573,324503,291188,9349,11826,4730,6508,238,267973,244374,6169,10468,2705,5212,161,0,0,260149,236833,6310,9740,2050,4956,168,9186,1833,3762,331,0,264143,231630,7621,10277,3578,9442,314,264143,231630,7621,8064,2632,4162,39,755,9240,260436,236718,6551,10049,2353,4604,155,0,0,0,0,0,259431,238212,5869,8085,2363,4733,87,7212,1747,3244,87,257109,236403,6078,7389,2342,4658,110,6437,1672,2959,110,138204,78021,57240,122280,71979,50301,131317,57738,63325,125248,75117,46471,107499,63108,44368,108428,43481,57430,104491,50307,50930,120163,60224,55742,149100,72837,73329,113843,57874,55945,121599,57918,61960,114959,53926,60312,116192,48262,67771,113827,51506,62296,116382,55384,60956,131138,61663,68767,149507,69499,79018,144614,73910,70073,146855,66450,80405
46,46,310601,243948,18091,38241,11589,2380,330,0,0,311299,234759,22652,41169,15269,1984,385,0,0,315070,222341,25572,44326,18514,5917,591,316333,222642,25745,43969,18636,4708,507,310887,231500,23393,42742,15126,2838,384,32306,12600,187,17,786,10098,315689,232702,24396,42827,16087,3102,563,245745,199649,11792,26017,8520,1753,227,0,0,239030,193420,13726,25081,5530,1014,10,22732,5034,195,739,0,253272,186427,17563,31307,13820,4335,382,253272,186427,17563,25825,12216,405,111,1351,9374,238710,191250,14066,25788,5972,1385,10,0,0,0,0,0,245565,194115,15926,27125,6909,1495,23,24305,6164,133,23,245969,191943,17528,26698,8269,1511,66,24034,7522,116,66,149805,89788,56804,134733,83138,51595,142067,76500,56324,137454,93842,39978,117124,73885,43129,117153,54401,54186,114950,64871,46175,130372,75750,50031,156111,91678,60663,117783,72388,45316,128125,73136,52986,118412,67493,50222,119562,63801,55391,117695,65481,52123,118789,66430,52283,135093,77421,56628,152581,86649,63928,147957,89389,57649,147956,90851,57105
47,47,278085,191182,36941,22035,30854,2172,435,0,0,289629,190466,40955,20637,39619,2492,332,0,0,319503,198167,44605,27471,48936,3564,741,319736,198205,44689,25988,49227,2627,613,292737,195154,39970,19338,40805,2483,90,12020,35667,139,70,1088,8627,302454,192231,45908,23681,42277,3423,166,244375,169800,31062,18781,26848,1791,367,0,0,219578,153842,29351,13568,21813,778,24,11986,20429,215,518,0,280065,176298,38114,23299,41548,3048,644,280065,176298,38114,16394,37241,278,101,2197,9442,220995,156995,29559,11925,21296,993,69,0,0,0,0,0,229054,156032,33849,14503,23071,880,35,12289,20706,70,35,232670,157112,31468,15970,26252,1263,125,13491,22544,183,125,139200,119617,18292,123385,103853,19532,140879,122700,12886,136896,118770,14687,118607,106960,11461,116828,100960,11173,116379,101006,12395,129753,113597,13039,148918,131191,15670,106055,90572,15400,121921,106221,14278,108289,94489,13170,108060,91531,16270,106714,90404,16188,107552,92749,14273,126874,108796,16913,146275,123575,19892,142974,121557,20304,139617,118090,21349
48,48,324011,241894,15623,53971,11209,5937,421,0,0,319396,231808,18198,54716,14102,5919,531,0,0,325359,223239,21038,60108,14824,8541,575,325026,223202,20843,59283,14968,6803,457,318339,228818,18531,55305,15003,5719,465,44287,12132,1588,93,640,12249,322376,228471,19498,56873,15544,5161,284,249840,195431,9851,34279,8483,4078,263,0,0,241542,190424,10554,31915,5155,3138,67,30193,4605,1553,588,0,257854,186743,14201,40350,11154,6003,402,257854,186743,14201,34282,9763,1726,98,1014,10027,241669,189264,10887,32129,5979,3016,86,0,0,0,0,0,245411,191325,11546,32821,6726,2846,55,29580,6185,1250,55,245550,190791,12172,32348,7087,2739,46,28656,6267,935,46,138380,84343,51183,125296,78920,46376,129806,70136,51750,126479,87437,35939,107635,66426,41122,107366,51390,45756,105517,58498,43905,119709,69464,45909,144651,83525,57752,100867,56814,44018,114049,63826,48624,102023,57231,44184,102365,52722,49450,101016,53188,47792,101107,53984,47063,121100,67825,52504,140502,79611,59950,137375,80351,56217,137827,78691,59136
49,49,329945,302116,10086,12031,3663,3137,682,0,0,320152,286730,13353,14707,4688,3158,774,0,0,321160,278293,13499,14272,5031,7314,761,318426,278185,12622,12987,5330,6648,752,318328,282596,13564,15233,4947,3333,728,9440,2955,826,317,483,8145,322804,283230,14400,15282,5489,3534,870,251555,233114,6405,7870,2416,2221,384,0,0,245331,224466,8178,8478,1846,1967,254,7092,1475,775,352,0,251133,220705,9144,9907,3495,5378,466,251133,220705,9144,7511,2600,736,221,663,9553,244383,223141,8144,8665,1971,2180,290,0,0,0,0,0,248538,226277,8934,8482,2227,2065,338,6772,1562,369,338,244739,223132,8339,8157,2447,1692,332,6347,1853,238,332,126796,57944,65849,112493,53259,59234,122808,39927,74993,116681,63374,50841,96923,43923,52962,98349,26135,65715,94055,33205,58017,110114,42185,64749,139171,48924,87588,103618,36827,66769,111298,37681,72367,104626,35178,68871,106121,28055,77925,103573,31327,72224,104640,31750,72846,120269,39974,79752,138045,46260,91069,131705,49918,81221,133037,40720,92317
50,50,318003,291132,7282,10378,7060,3167,236,0,0,312461,278939,9700,13888,8722,3278,290,0,0,318252,271258,11384,15684,11128,7161,424,318729,271609,11417,15999,11600,6611,410,311236,276982,10358,13835,8250,3726,300,8427,6338,470,48,343,8271,317798,277656,11629,15012,9448,4196,413,246132,229018,4370,6295,4786,2140,156,0,0,241483,222545,5168,7681,3804,1925,45,6584,3257,456,361,0,253356,221338,7271,10122,7838,5238,274,253356,221338,7271,7584,6657,1099,38,640,8729,240941,221626,5558,7692,3663,2132,44,0,0,0,0,0,246769,224685,6471,8542,4573,2294,47,6786,3958,426,47,244701,220343,7950,8730,4798,2304,44,6888,4228,422,44,152276,82607,66620,139908,79060,60848,148523,69602,69552,145553,96240,46289,124512,70722,53713,124573,53365,60485,121557,61098,57107,138664,73274,60647,169580,88846,77003,123114,64457,58617,135362,69029,64456,124383,65441,58234,124798,59486,65078,123216,59937,63238,123555,61210,62279,144701,74508,69363,165258,85773,78754,162368,87541,73967,163139,84935,78204
51,51,337908,295481,21019,16358,4381,3269,278,0,0,323958,275969,24678,17603,6198,3639,344,0,0,322968,263072,27341,18414,6153,7210,465,319935,262967,26358,16368,6319,6696,446,322518,271961,24889,17383,6630,3349,401,11293,4313,433,100,1066,8475,324521,268290,26647,18225,6732,3865,381,267495,237458,14218,11650,3178,2373,186,0,0,255781,225767,14618,10075,3051,1699,61,8814,2287,464,599,0,261533,217554,19201,13493,4590,5558,331,261533,217554,19201,10068,3467,617,41,1148,9437,255357,224875,14566,10567,3379,1542,104,0,0,0,0,0,258381,224799,16075,11983,3578,1679,115,10203,2684,308,115,257439,222540,17586,11336,3429,1991,143,9910,2615,239,143,144500,72583,68241,128252,64402,63850,139171,53742,76873,132685,73776,55465,118120,60277,57779,118993,44683,66846,115866,51026,60355,129146,58236,66795,158219,68634,86137,120513,53164,67309,129313,54865,72897,121428,51288,69339,122748,47008,75549,120744,48972,71722,121384,49941,71396,139100,59221,79084,159648,67707,90920,154303,71988,81386,156090,67670,88420
52,52,316886,267595,11640,18592,18508,2987,411,0,0,310639,253584,13641,20992,22316,2895,407,0,0,318894,244462,18275,24897,24310,6634,555,319673,244874,18344,25209,24729,5603,508,309156,250839,14059,21173,22125,2748,349,14044,18205,398,151,503,10957,315328,252633,15122,22265,23138,3423,262,257196,220600,8207,11965,15535,2164,302,0,0,243135,209435,9047,11826,10601,1749,79,9706,9113,487,700,0,263784,206834,13539,16861,20609,4949,394,263784,206834,13539,12491,18383,596,83,1134,10724,242535,207980,9165,11934,11581,1681,85,0,0,0,0,0,246950,211075,9971,12171,11945,1647,44,9976,10416,268,44,248389,208362,12159,12938,13028,1436,60,10822,11394,199,60,138217,82057,53429,123219,73673,49546,134079,72176,51930,128823,86610,37655,112951,73597,39194,112927,58612,45059,110707,65077,41904,123340,73448,45032,143578,85073,55121,104941,62326,42562,117555,68292,47271,106085,61668,43626,106419,58200,48023,105036,59168,45817,105979,61698,44237,123521,72313,50297,142799,84253,57060,138993,85644,52368,139692,83689,56003
53,53,332547,291508,12512,19417,8367,2778,312,0,0,324620,277456,15166,20062,11860,2542,409,0,0,322625,262644,17248,22651,13314,5911,365,319816,261782,16589,20944,13473,5288,323,323319,274469,15880,20071,12178,2563,417,14238,10152,862,82,643,6981,321653,268593,17139,20833,12869,2599,442,259578,232318,7930,12837,5572,1957,206,0,0,250087,222949,9317,11712,4090,1412,119,10351,3618,669,489,0,255004,214446,11406,14669,8925,4312,239,255004,214446,11406,11631,7775,808,63,696,8179,248710,221182,9659,11664,4352,1466,75,0,0,0,0,0,247117,218543,10010,11854,4958,1473,25,10023,4422,554,25,244364,214528,10801,11704,5525,1357,64,9740,4899,475,64,134722,62507,69162,121532,58279,63253,130818,48242,73616,124155,72597,48581,109690,54614,55022,112608,39072,64821,107917,45458,59193,121044,53147,63952,146970,60266,83517,108347,45308,62999,118590,47180,69802,109452,43452,65348,110315,37669,72353,108347,39523,68775,108494,41051,67380,126517,49864,75972,145525,57427,87433,140193,60616,78865,140965,55949,85016
54,54,318716,290929,10185,12106,4262,2350,237,0,0,315129,283006,12704,13213,4926,2291,604,0,0,317766,274663,15407,14172,5721,5971,344,317514,274677,15351,14474,5919,5298,309,314709,280896,13243,13537,5153,2301,362,9042,3636,426,103,417,6946,317732,279956,14424,14501,5377,2544,220,247056,228841,6382,7825,2882,1693,144,0,0,246331,227097,7369,7947,2242,1276,195,6980,2022,435,282,0,253866,224494,9934,9277,3962,4409,246,253866,224494,9934,6928,3010,507,53,802,8138,246740,227030,7736,8070,2341,1318,120,0,0,0,0,0,250620,229595,8424,8271,2776,1317,50,6748,2158,161,50,249698,227877,9126,8025,2956,1284,71,6456,2101,114,71,151131,70232,78158,136782,64005,72777,150331,58316,81060,145632,79435,62787,122956,60452,62465,123052,42576,71168,120723,49416,67513,137383,60509,72123,166910,73851,88549,126409,54609,71759,136674,57529,76901,127910,53745,73451,128637,49543,78873,126588,49496,77046,126827,48491,78273,146563,62773,82801,167298,73899,91871,163419,75545,87175,160845,66420,94425
55,55,316144,234623,26324,46986,10732,2485,345,0,0,316144,229419,30956,45816,12737,2814,397,0,0,321116,224283,32860,48910,14319,4739,484,322258,224438,33079,47944,14144,3671,352,316002,226181,32411,47867,12865,2629,522,38380,9779,435,87,834,7894,321017,230302,33616,45070,13566,3092,622,244483,190509,16539,30586,7582,1683,238,0,0,241856,187202,19234,28496,5746,932,55,27288,5228,351,361,0,256187,187790,22159,34125,10359,3454,339,256187,187790,22159,28788,8684,363,56,859,7488,243393,186632,20084,28977,6370,954,69,0,0,0,0,0,249053,192542,20829,28017,6088,1329,94,25590,5081,275,94,248739,192485,21110,27307,6259,1358,35,24159,5129,150,35,160801,96251,62256,148037,89226,58811,156665,90175,55675,152996,105405,43751,129769,85293,44424,129438,69947,51053,128016,75580,49002,144618,89209,50389,171866,108854,58545,125664,78242,47364,139521,85362,51690,127211,78386,48089,127457,75271,51941,125971,74357,51555,127474,75847,51570,146025,90712,54122,164099,104212,57818,161011,103118,57021,158604,103275,55329
56,56,311135,200435,24619,72602,16077,3142,427,0,0,309411,189594,30092,74994,18149,4207,357,0,0,320776,181269,35015,81891,22829,5484,497,322258,181487,35213,80980,22656,3993,351,309233,188800,30180,74817,19056,4069,467,62480,15746,565,97,866,10500,317918,187310,33620,80363,20391,3451,508,240473,166254,15389,47411,12090,2167,267,0,0,230567,157098,17971,46760,6906,1639,29,44953,6139,574,565,0,255137,155478,23208,56946,17804,4104,331,255137,155478,23208,50342,16002,597,65,996,8449,231802,156946,18785,46502,7504,1593,64,0,0,0,0,0,239362,157777,21153,49768,8873,1438,8,46994,8066,265,8,240929,157021,22123,49761,10125,1601,45,45596,9160,285,45,136740,84718,50174,122632,79297,43335,131354,75759,48018,126657,89279,34394,101551,66430,35073,101980,56109,39546,100273,59312,38306,117062,72404,41031,142327,87664,51403,95027,56615,38362,110428,65784,42945,96522,56962,38999,96866,53908,42741,95571,53871,41645,96775,54402,42312,115837,69205,45791,134491,81637,51470,130360,81200,48442,127760,81307,46453
57,57,341452,310507,12721,11270,2562,5980,183,0,0,327037,293017,14774,11097,3166,5919,216,0,0,326526,281472,17917,12441,3386,9923,371,323430,280902,17241,10718,3531,9489,352,324824,290089,15046,11726,3080,5755,195,7313,2033,3249,37,209,6839,325810,287857,15836,11898,3288,5765,233,265566,245019,7983,7572,1754,3998,131,0,0,255060,234528,8419,6710,1436,3860,62,5749,1152,2634,124,0,258877,227676,11851,8478,2435,6892,252,258877,227676,11851,6150,1769,2721,62,603,8045,253970,232942,8395,7302,1574,3847,35,0,0,0,0,0,255073,234071,8878,6780,1693,3702,54,5524,1358,1881,54,252015,228929,10589,6934,1810,3509,58,5411,1500,1532,58,145876,63753,78866,129528,54392,75136,138431,42238,87136,132753,68706,61293,108708,46399,62276,109566,32204,70476,106944,33914,69984,123672,45606,74526,153161,52365,97227,112986,40238,72722,122977,41237,80151,114093,38227,75280,115341,34245,80927,113114,35103,77984,112415,32253,80106,131241,43969,86610,149179,50409,97913,144931,53481,90822,142386,40443,101943
58,58,342837,317778,6307,13028,4061,2631,187,0,0,330707,302827,7690,13693,5006,2600,129,0,0,326221,288043,8817,14182,5650,6994,366,323551,287788,8142,12848,5839,6370,349,328905,299558,7990,13810,5208,2785,218,9248,4053,562,38,536,6929,326125,294574,8371,13601,5713,2637,169,265258,248046,4123,8824,2826,1938,132,0,0,257379,240251,4838,8724,1821,1751,14,7552,1516,454,213,0,257671,230687,5933,9571,3970,5231,255,257671,230687,5933,7348,3202,607,50,766,9078,256414,238676,5018,8979,2077,1740,11,0,0,0,0,0,255337,237172,5120,8819,2545,1755,24,7091,2001,343,24,251770,233257,5492,8419,2842,1556,36,7064,2154,246,36,147485,66293,78151,131436,59922,71514,142650,49038,84164,136796,69516,64180,115425,52484,62893,116611,36614,69635,112901,42097,66853,128799,51392,73188,157080,60444,93035,114864,43025,71785,126221,46524,78068,115814,41456,73652,116987,37591,79138,114975,39027,75893,114979,38781,76131,134080,49496,83874,152909,58365,93603,148720,59931,88219,146908,50549,96359
59,59,261419,152857,49119,20333,40548,2341,506,0,0,274146,156987,46901,22260,50312,1781,631,0,0,319466,173621,55397,26320,62698,4521,1107,319736,173665,55487,24622,63114,3864,1020,275219,155058,46821,22671,53352,1730,810,15793,45379,267,62,1514,10324,281991,155503,48271,22615,56063,2982,824,230505,141284,38981,15973,34982,1799,433,0,0,201340,127730,31165,13937,27424,574,175,13018,25953,94,462,0,282573,158293,46238,21377,54667,3699,962,282573,158293,46238,15089,49668,280,218,2730,10057,200765,125943,31832,13795,27636,686,79,0,0,0,0,0,205701,127528,31974,13640,30218,937,28,11785,27494,295,28,212705,128968,33438,15640,31848,1317,121,12885,28744,462,121,97677,80026,16543,88399,73634,14765,109525,91359,13564,105681,89253,12382,89616,79833,9642,89275,74710,9742,88621,76329,9938,101135,85980,12201,124191,104447,17971,80530,66359,14100,94637,79492,13950,81687,68295,12856,81917,66786,14957,80928,66182,14651,81048,66854,13593,102100,83595,17381,123533,98018,22502,120533,97837,21399,118113,95474,22611
60,60,319901,301994,5483,5474,3464,3888,147,0,0,324991,305310,6473,6437,3828,3591,166,0,0,327312,297669,8772,7311,5628,6073,217,324627,296895,8234,5990,5687,5939,213,325373,303373,7411,7793,3012,3546,176,5724,2144,2172,36,888,3625,326854,303294,7478,7113,3651,3398,350,249016,236797,3462,4105,2221,2593,84,0,0,257460,244625,4043,4293,2007,2426,24,3950,1789,1786,109,0,264149,243652,5805,5106,3855,4240,161,264149,243652,5805,3898,3071,1799,33,528,5363,258875,245080,4722,5034,1591,2321,27,0,0,0,0,0,260195,246790,5045,4025,2011,2111,88,3412,1531,1201,88,260412,246171,5517,4387,1848,2093,164,3510,1407,1156,164,166515,77585,86015,157456,71749,85707,168199,62333,97693,163897,97824,63272,137778,68931,68847,140371,53727,81099,136590,52361,80820,156194,69906,82659,192839,84796,104472,146188,66389,79747,156652,67230,87715,148266,65408,81993,149033,61487,87279,146593,60601,85936,146210,58135,87931,169066,73288,94755,192608,82337,108212,186454,85045,100598,182368,72621,109747
61,61,303218,245022,15860,26219,15852,3049,275,0,0,304240,234681,19749,30859,20375,2561,209,0,0,314060,227603,20913,35308,27051,4959,366,314466,227737,20982,35243,27170,4442,316,304649,231887,20397,32229,21670,3192,225,23267,19151,781,45,248,8874,315348,236356,21755,34476,22891,3649,186,241547,201781,9680,17374,12045,2000,178,0,0,231624,191282,12367,18369,7905,1495,42,16925,7211,531,252,0,254551,192141,14146,24833,20380,3546,270,254551,192141,14146,20920,18588,971,38,864,6883,231688,190201,12305,19005,8214,1666,22,0,0,0,0,0,241268,196704,12889,20564,8875,1961,8,18200,8037,693,8,243319,197135,13593,20158,10312,1663,39,18242,9094,604,39,147577,85373,59778,134135,77452,56683,140328,76117,56982,136972,97035,36766,112481,73323,39158,113225,62979,45135,110966,60712,47448,128327,77786,47125,156957,96589,57326,111839,69609,42167,124681,75021,48055,113754,69981,43062,113851,67600,46022,112381,66452,45873,113533,74212,39244,132568,80791,50819,152296,91520,58418,147585,92509,54276,145463,94303,51160
62,62,324797,287345,8285,22335,3479,4842,253,0,0,318011,275521,11315,24266,4305,4858,414,0,0,318369,264904,12716,26862,4824,8415,327,317511,264599,12522,26949,4919,7672,299,317004,272530,12470,23574,4274,4427,433,18021,2740,2085,84,709,8365,317709,269524,12901,24947,5211,5078,358,254235,229525,5025,14748,2391,3222,171,0,0,249600,223110,6580,14782,2001,2656,35,13281,1658,1642,689,0,254797,218411,8117,17837,3407,5943,196,254797,218411,8117,14914,2548,2075,43,750,7939,249115,221630,7181,14821,2228,2690,65,0,0,0,0,0,250345,221610,7636,15359,2679,2812,30,13500,1980,1275,30,247347,218188,7928,15156,3023,2762,31,12717,2199,1168,31,142810,67029,73170,130625,62080,68545,140185,50766,81421,133572,75276,55642,108959,50751,58170,110406,39007,65453,107099,40307,63785,125775,53526,68757,157591,65675,88526,114587,46600,67955,125439,49557,74266,116229,45827,69792,117385,42121,75061,114960,42344,72581,114622,45241,69343,135215,53805,80647,156127,62555,92410,150299,64119,85538,146103,59509,86594
63,63,295921,167140,20388,101356,8308,3173,292,0,0,290135,154087,24377,99019,13705,3253,439,0,0,312864,152964,29973,109237,20833,5418,413,314466,153136,30120,109156,20601,4063,321,288851,152759,24627,97166,15369,3597,360,87520,13291,984,179,569,8921,309030,160352,27478,101048,20439,3948,304,229533,140452,12874,70220,6112,2214,200,0,0,217576,129850,14813,66454,4449,1646,93,65111,3997,830,502,0,243420,130921,19796,77537,14164,3778,299,243420,130921,19796,71255,12677,859,85,886,6941,217207,129607,14932,65380,5262,1639,84,0,0,0,0,0,232787,137753,17142,68303,7710,1719,57,65563,7073,482,57,229777,131695,19054,66286,10725,1936,60,62864,10071,437,60,128309,93341,33022,115304,88130,27174,115098,77006,33628,109636,89251,18034,83625,63770,19855,86171,58060,24445,83505,56342,24997,100082,71703,26073,123622,85885,35754,75247,52478,22714,92207,63839,27430,77700,53590,23530,78425,51539,26703,76563,51216,25291,77480,56272,21142,96412,65372,30313,115022,74794,38144,108785,75228,32673,107643,78718,28925