stateCode,year,nDistricts,planType,description,title,id,thumbnail,pendingCourtApproval,url,filename
AK,2022,40,lower,AK 2022 State House,AK 2022 State House,00c40e22-b9d4-4be4-b83c-0fe653360f1c,NA,FALSE,https://davesredistricting.org/maps#viewmap::00c40e22-b9d4-4be4-b83c-0fe653360f1c,AK_2022_lower.csv
AK,2022,20,upper,AK 2022 State Senate,AK 2022 State Senate,bdb0da36-3ec9-42ab-8971-643d667dbf6b,NA,FALSE,https://davesredistricting.org/maps#viewmap::bdb0da36-3ec9-42ab-8971-643d667dbf6b,AK_2022_upper.csv
AL,2022,105,lower,AL 2022 State House,AL 2022 State House,642e8d2a-248c-4191-a88a-a6cdad508cdb,NA,NA,https://davesredistricting.org/maps#viewmap::642e8d2a-248c-4191-a88a-a6cdad508cdb,AL_2022_lower.csv
AL,2022,35,upper,AL 2022 State Senate,AL 2022 State Senate,b694ea80-20d6-45fb-a0e2-09ddaa2880d5,NA,NA,https://davesredistricting.org/maps#viewmap::b694ea80-20d6-45fb-a0e2-09ddaa2880d5,AL_2022_upper.csv
AR,2022,100,lower,AR 2022 State House,AR 2022 State House,583730d5-1254-4dca-8f73-850940804307,NA,NA,https://davesredistricting.org/maps#viewmap::583730d5-1254-4dca-8f73-850940804307,AR_2022_lower.csv
AR,2022,35,upper,AR 2022 State Senate,AR 2022 State Senate,083cee53-0d0c-43af-ace1-863ccd3a2fe5,NA,NA,https://davesredistricting.org/maps#viewmap::083cee53-0d0c-43af-ace1-863ccd3a2fe5,AR_2022_upper.csv
AZ,2022,30,upper,AZ 2022 State Legislature,AZ 2022 State Legislature,72e34ca5-9ae1-4ddd-96f0-697bd261294e,NA,NA,https://davesredistricting.org/maps#viewmap::72e34ca5-9ae1-4ddd-96f0-697bd261294e,AZ_2022_upper.csv
CA,2022,80,lower,CA 2022 State House,CA 2022 State House,43cea5ab-ef0a-4946-b3e2-c3f2aaf73cf1,NA,NA,https://davesredistricting.org/maps#viewmap::43cea5ab-ef0a-4946-b3e2-c3f2aaf73cf1,CA_2022_lower.csv
CA,2022,40,upper,CA 2022 State Senate,CA 2022 State Senate,f0a4ed9d-205f-4122-abab-fa3c75b6b050,NA,NA,https://davesredistricting.org/maps#viewmap::f0a4ed9d-205f-4122-abab-fa3c75b6b050,CA_2022_upper.csv
CO,2022,65,lower,CO 2022 State House,CO 2022 State House,dee1f8ad-23c1-497b-859c-6d1a9293bbd5,NA,NA,https://davesredistricting.org/maps#viewmap::dee1f8ad-23c1-497b-859c-6d1a9293bbd5,CO_2022_lower.csv
CO,2022,35,upper,CO 2022 State Senate,CO 2022 State Senate,9b5ec272-1fba-4a7a-ac6c-f2dcb4c6d0ae,NA,NA,https://davesredistricting.org/maps#viewmap::9b5ec272-1fba-4a7a-ac6c-f2dcb4c6d0ae,CO_2022_upper.csv
CT,2022,151,lower,CT 2022 State House,CT 2022 State House,2e38109d-9987-46e3-9ff0-dd6c3caa59e8,NA,NA,https://davesredistricting.org/maps#viewmap::2e38109d-9987-46e3-9ff0-dd6c3caa59e8,CT_2022_lower.csv
CT,2022,36,upper,CT 2022 State Senate,CT 2022 State Senate,fc9e83c0-59e2-4dea-b0cf-d2fff1c0b8a3,NA,NA,https://davesredistricting.org/maps#viewmap::fc9e83c0-59e2-4dea-b0cf-d2fff1c0b8a3,CT_2022_upper.csv
DC,2022,8,upper,Wards for 2022 Council,DC 2022 Council,0085842e-3e38-4a72-9df2-7374a1f5250e,NA,NA,https://davesredistricting.org/maps#viewmap::0085842e-3e38-4a72-9df2-7374a1f5250e,DC_2022_upper.csv
DE,2022,41,lower,DE 2022 State House,DE 2022 State House,f3acc27c-28b6-4e3a-a3f3-f5027ab59466,NA,NA,https://davesredistricting.org/maps#viewmap::f3acc27c-28b6-4e3a-a3f3-f5027ab59466,DE_2022_lower.csv
DE,2022,21,upper,DE 2022 State Senate,DE 2022 State Senate,735ff37c-3bd7-4a57-8961-b3ebf6c079f0,NA,NA,https://davesredistricting.org/maps#viewmap::735ff37c-3bd7-4a57-8961-b3ebf6c079f0,DE_2022_upper.csv
FL,2022,120,lower,FL 2022 State House,FL 2022 State House,488c9284-a2c4-4846-9d7d-08af9d98a6c5,NA,NA,https://davesredistricting.org/maps#viewmap::488c9284-a2c4-4846-9d7d-08af9d98a6c5,FL_2022_lower.csv
FL,2022,40,upper,FL 2022 State Senate,FL 2022 State Senate,91f2ce50-b3c1-4d74-87f2-d3a9fa078129,NA,NA,https://davesredistricting.org/maps#viewmap::91f2ce50-b3c1-4d74-87f2-d3a9fa078129,FL_2022_upper.csv
GA,2024,180,lower,GA 2024 State House,GA 2024 State House,b14b9be1-e73b-4f26-b34e-26a788ad9931,NA,NA,https://davesredistricting.org/maps#viewmap::b14b9be1-e73b-4f26-b34e-26a788ad9931,GA_2024_lower.csv
GA,2024,56,upper,GA 2024 State Senate,GA 2024 State Senate,2bab4178-725d-4c55-961a-de0a6f5ffcce,NA,NA,https://davesredistricting.org/maps#viewmap::2bab4178-725d-4c55-961a-de0a6f5ffcce,GA_2024_upper.csv
HI,2022,51,lower,HI 2022 State House,HI 2022 State House,6e4f9c2e-6a11-4848-adab-22f3113bef79,NA,NA,https://davesredistricting.org/maps#viewmap::6e4f9c2e-6a11-4848-adab-22f3113bef79,HI_2022_lower.csv
HI,2022,25,upper,HI 2022 State Senate,HI 2022 State Senate,c4d580e8-5bfd-4656-820d-b58c7ccfe92c,NA,NA,https://davesredistricting.org/maps#viewmap::c4d580e8-5bfd-4656-820d-b58c7ccfe92c,HI_2022_upper.csv
IA,2022,100,lower,IA 2022 State House,IA 2022 State House,3bba1647-f4a4-4374-8021-a8e4aeb6f15a,NA,NA,https://davesredistricting.org/maps#viewmap::3bba1647-f4a4-4374-8021-a8e4aeb6f15a,IA_2022_lower.csv
IA,2022,50,upper,IA 2022 State Senate,IA 2022 State Senate,0e81cf3d-648d-4851-b14b-0ee893f92610,NA,NA,https://davesredistricting.org/maps#viewmap::0e81cf3d-648d-4851-b14b-0ee893f92610,IA_2022_upper.csv
ID,2022,35,upper,ID 2022 State Legislature,ID 2022 State Legislature,a56da372-79a4-48e7-9fd5-b689d0ccb602,NA,NA,https://davesredistricting.org/maps#viewmap::a56da372-79a4-48e7-9fd5-b689d0ccb602,ID_2022_upper.csv
IL,2022,118,lower,IL 2022 State House,IL 2022 State House,19bc2a13-2ad1-455a-a7cb-4182ff7c6f6f,NA,NA,https://davesredistricting.org/maps#viewmap::19bc2a13-2ad1-455a-a7cb-4182ff7c6f6f,IL_2022_lower.csv
IL,2022,59,upper,IL 2022 State Senate,IL 2022 State Senate,8cd5c7ba-6e69-42a7-89e1-3806a2a05e64,NA,NA,https://davesredistricting.org/maps#viewmap::8cd5c7ba-6e69-42a7-89e1-3806a2a05e64,IL_2022_upper.csv
IN,2022,100,lower,IN 2022 State House,IN 2022 State House,db849782-86e9-4293-a492-3e17d7cfceab,NA,NA,https://davesredistricting.org/maps#viewmap::db849782-86e9-4293-a492-3e17d7cfceab,IN_2022_lower.csv
IN,2022,50,upper,IN 2022 State Senate,IN 2022 State Senate,f2d2e4a3-f50d-4f77-bc5d-027ba0e2717e,NA,NA,https://davesredistricting.org/maps#viewmap::f2d2e4a3-f50d-4f77-bc5d-027ba0e2717e,IN_2022_upper.csv
KS,2022,125,lower,KS 2022 State House,KS 2022 State House,781f29f1-259e-4235-8b14-85137bc38893,NA,NA,https://davesredistricting.org/maps#viewmap::781f29f1-259e-4235-8b14-85137bc38893,KS_2022_lower.csv
KS,2022,40,upper,KS 2022 State Senate,KS 2022 State Senate,2bc2f97f-a285-4596-9fcd-6108056b229f,NA,NA,https://davesredistricting.org/maps#viewmap::2bc2f97f-a285-4596-9fcd-6108056b229f,KS_2022_upper.csv
KY,2022,100,lower,KY 2022 State House,KY 2022 State House,8eed4db7-46cd-4e09-a179-c0a7e821a963,NA,NA,https://davesredistricting.org/maps#viewmap::8eed4db7-46cd-4e09-a179-c0a7e821a963,KY_2022_lower.csv
KY,2022,38,upper,KY 2022 State Senate,KY 2022 State Senate,8ef6d39b-ae52-4587-8ed1-88b781dd4300,NA,NA,https://davesredistricting.org/maps#viewmap::8ef6d39b-ae52-4587-8ed1-88b781dd4300,KY_2022_upper.csv
LA,2022,105,lower,LA 2022 State House,LA 2022 State House,d63b737c-a8b3-46e9-8855-aa20a728c2b5,NA,NA,https://davesredistricting.org/maps#viewmap::d63b737c-a8b3-46e9-8855-aa20a728c2b5,LA_2022_lower.csv
LA,2022,39,upper,LA 2022 State Senate,LA 2022 State Senate,12eedba5-68de-4ab4-a3bb-7f59d9268041,NA,NA,https://davesredistricting.org/maps#viewmap::12eedba5-68de-4ab4-a3bb-7f59d9268041,LA_2022_upper.csv
MA,2022,160,lower,MA 2022 State House,MA 2022 State House,f4bfa2f3-1e73-4e0b-a237-cc2aa2e611b8,NA,NA,https://davesredistricting.org/maps#viewmap::f4bfa2f3-1e73-4e0b-a237-cc2aa2e611b8,MA_2022_lower.csv
MA,2022,40,upper,MA 2022 State Senate,MA 2022 State Senate,b32decd8-3ed9-4ab2-876b-c92cfa798e33,NA,NA,https://davesredistricting.org/maps#viewmap::b32decd8-3ed9-4ab2-876b-c92cfa798e33,MA_2022_upper.csv
MD,2022,71,lower,MD 2022 State House,MD 2022 State House,4cf1f21b-2347-457a-bbca-f299c7a8cb2b,NA,NA,https://davesredistricting.org/maps#viewmap::4cf1f21b-2347-457a-bbca-f299c7a8cb2b,MD_2022_lower.csv
MD,2022,47,upper,MD 2022 State Senate,MD 2022 State Senate,92ad6e43-2394-4957-b30a-828ca424a034,NA,NA,https://davesredistricting.org/maps#viewmap::92ad6e43-2394-4957-b30a-828ca424a034,MD_2022_upper.csv
ME,2022,151,lower,ME 2022 State House,ME 2022 State House,0ceefdda-ed1c-45e2-9f4a-e887394b5985,NA,NA,https://davesredistricting.org/maps#viewmap::0ceefdda-ed1c-45e2-9f4a-e887394b5985,ME_2022_lower.csv
ME,2022,35,upper,ME 2022 State Senate,ME 2022 State Senate,9916fa38-8d7a-498b-beb7-af2e530453c7,NA,NA,https://davesredistricting.org/maps#viewmap::9916fa38-8d7a-498b-beb7-af2e530453c7,ME_2022_upper.csv
MI,2024,110,lower,MI 2024 State House,MI 2024 State House,e24c9c82-a8de-4706-9ebb-91181592c37f,NA,NA,https://davesredistricting.org/maps#viewmap::e24c9c82-a8de-4706-9ebb-91181592c37f,MI_2024_lower.csv
MI,2026,38,upper,MI 2026 State Senate,MI 2026 State Senate,4cd32ab3-57e5-4bd7-9825-ed19122d14c8,NA,NA,https://davesredistricting.org/maps#viewmap::4cd32ab3-57e5-4bd7-9825-ed19122d14c8,MI_2026_upper.csv
MN,2022,134,lower,MN 2022 State House,MN 2022 State House,0e589052-0df8-4b8a-bede-c8e9fcc8814c,NA,NA,https://davesredistricting.org/maps#viewmap::0e589052-0df8-4b8a-bede-c8e9fcc8814c,MN_2022_lower.csv
MN,2022,67,upper,MN 2022 State Senate,MN 2022 State Senate,8d55ed9f-d825-4a8a-95e4-864cbeede612,NA,NA,https://davesredistricting.org/maps#viewmap::8d55ed9f-d825-4a8a-95e4-864cbeede612,MN_2022_upper.csv
MO,2022,163,lower,MO 2022 State House,MO 2022 State House,ebb632d0-2569-4a2a-81f6-1d8d6adc0d5e,NA,NA,https://davesredistricting.org/maps#viewmap::ebb632d0-2569-4a2a-81f6-1d8d6adc0d5e,MO_2022_lower.csv
MO,2022,34,upper,MO 2022 State Senate,MO 2022 State Senate,8d25c96a-2a78-40b2-b2f0-c504ecaa6762,NA,NA,https://davesredistricting.org/maps#viewmap::8d25c96a-2a78-40b2-b2f0-c504ecaa6762,MO_2022_upper.csv
MS,2025.1,122,lower,MS 2025 State House,MS 2025 State House,2f9cd385-813e-4c81-a474-7d74d2d5ed51,NA,NA,https://davesredistricting.org/maps#viewmap::2f9cd385-813e-4c81-a474-7d74d2d5ed51,MS_2025.1_lower.csv
MS,2025.1,52,upper,MS 2025 State Senate,MS 2025 State Senate,5cd7f259-4e1b-4da5-9352-f50ead4494d0,NA,NA,https://davesredistricting.org/maps#viewmap::5cd7f259-4e1b-4da5-9352-f50ead4494d0,MS_2025.1_upper.csv
MT,2022,100,lower,MT 2022 State House,MT 2022 State House,9cbcae13-e8cf-47fb-bf43-cd44f3dd05b9,NA,NA,https://davesredistricting.org/maps#viewmap::9cbcae13-e8cf-47fb-bf43-cd44f3dd05b9,MT_2022_lower.csv
MT,2022,50,upper,MT 2022 State Senate,MT 2022 State Senate,def19658-4d7c-4d36-a9c8-6d22ed5bf6ec,NA,NA,https://davesredistricting.org/maps#viewmap::def19658-4d7c-4d36-a9c8-6d22ed5bf6ec,MT_2022_upper.csv
NC,2024,120,lower,NC 2024 State House,NC 2024 State House,42841eaa-3a00-49ce-ba28-77726707251a,NA,NA,https://davesredistricting.org/maps#viewmap::42841eaa-3a00-49ce-ba28-77726707251a,NC_2024_lower.csv
NC,2024,50,upper,NC 2024 State Senate,NC 2024 State Senate,9157bd00-cfbb-4d32-9b01-ce7f38e53d1f,NA,NA,https://davesredistricting.org/maps#viewmap::9157bd00-cfbb-4d32-9b01-ce7f38e53d1f,NC_2024_upper.csv
ND,2024,47,upper,ND 2024 State Senate,ND 2024 State Senate,0493b6e8-10fb-4def-be5e-f5ed0ff3f963,NA,NA,https://davesredistricting.org/maps#viewmap::0493b6e8-10fb-4def-be5e-f5ed0ff3f963,ND_2024_upper.csv
ND,2024,49,lower,ND 2024 State House,ND 2024 State House,16edefb5-c6c7-4cdf-822a-a6a714f7e52f,NA,NA,https://davesredistricting.org/maps#viewmap::16edefb5-c6c7-4cdf-822a-a6a714f7e52f,ND_2024_lower.csv
NE,2022,49,upper,NE 2022 State Senate,NE 2022 State Senate,ab1f2fef-b979-4431-844a-98d93a4d6730,NA,NA,https://davesredistricting.org/maps#viewmap::ab1f2fef-b979-4431-844a-98d93a4d6730,NE_2022_upper.csv
NH,2022,164,lower,NH 2022 State House,NH 2022 State House,dfddaed1-5a76-4ca7-8a11-ddc533ea9f6e,NA,NA,https://davesredistricting.org/maps#viewmap::dfddaed1-5a76-4ca7-8a11-ddc533ea9f6e,NH_2022_lower.csv
NH,2022,24,upper,NH 2022 State Senate,NH 2022 State Senate,15bf8903-0c56-4536-9265-7b7177726a73,NA,NA,https://davesredistricting.org/maps#viewmap::15bf8903-0c56-4536-9265-7b7177726a73,NH_2022_upper.csv
NJ,2022,40,upper,NJ 2022 State Legislatures,NJ 2022 State Legislatures,61388384-5d1f-4f3b-9669-31e485b781f1,NA,NA,https://davesredistricting.org/maps#viewmap::61388384-5d1f-4f3b-9669-31e485b781f1,NJ_2022_upper.csv
NM,2022,70,lower,NM 2022 State House,NM 2022 State House,5e00bd63-7008-4b5e-b570-db5ba1d36785,NA,NA,https://davesredistricting.org/maps#viewmap::5e00bd63-7008-4b5e-b570-db5ba1d36785,NM_2022_lower.csv
NM,2022,42,upper,NM 2022 State Senate,NM 2022 State Senate,11c9cc63-8521-4785-89f3-58b5e4359507,NA,NA,https://davesredistricting.org/maps#viewmap::11c9cc63-8521-4785-89f3-58b5e4359507,NM_2022_upper.csv
NV,2022,42,lower,NV 2022 State House,NV 2022 State House,2a33203f-8725-48dc-ba1b-478bd6012a58,NA,NA,https://davesredistricting.org/maps#viewmap::2a33203f-8725-48dc-ba1b-478bd6012a58,NV_2022_lower.csv
NV,2022,21,upper,NV 2022 State Senate,NV 2022 State Senate,99808524-5012-4119-91ce-973ba647806b,NA,NA,https://davesredistricting.org/maps#viewmap::99808524-5012-4119-91ce-973ba647806b,NV_2022_upper.csv
NY,2022,150,lower,NY 2022 State House,NY 2022 State House,1933abca-db19-40f9-808d-17dd90642cdc,NA,NA,https://davesredistricting.org/maps#viewmap::1933abca-db19-40f9-808d-17dd90642cdc,NY_2022_lower.csv
NY,2022,63,upper,NY 2022 State Senate,NY 2022 State Senate,bb78268d-ea3c-46a1-a484-c192a6c0e15d,NA,FALSE,https://davesredistricting.org/maps#viewmap::bb78268d-ea3c-46a1-a484-c192a6c0e15d,NY_2022_upper.csv
OH,2024,99,lower,OH 2024 State House,OH 2024 State House,194951e2-47e3-4ce2-9317-f15dbf42ff70,NA,FALSE,https://davesredistricting.org/maps#viewmap::194951e2-47e3-4ce2-9317-f15dbf42ff70,OH_2024_lower.csv
OH,2024,33,upper,OH 2024 State Senate,OH 2024 State Senate,12110497-58f6-416f-a13d-100dcbd88450,NA,FALSE,https://davesredistricting.org/maps#viewmap::12110497-58f6-416f-a13d-100dcbd88450,OH_2024_upper.csv
OK,2022,101,lower,OK 2022 State House,OK 2022 State House,a4a178b9-581b-4591-bcf9-13e18bd850ea,NA,NA,https://davesredistricting.org/maps#viewmap::a4a178b9-581b-4591-bcf9-13e18bd850ea,OK_2022_lower.csv
OK,2022,48,upper,OK 2022 State Senate,OK 2022 State Senate,0fa6fe25-9db7-4777-a150-d2309188823f,NA,NA,https://davesredistricting.org/maps#viewmap::0fa6fe25-9db7-4777-a150-d2309188823f,OK_2022_upper.csv
OR,2022,60,lower,OR 2022 State House,OR 2022 State House,c572dfa0-276b-4a76-8531-06669d885f27,NA,NA,https://davesredistricting.org/maps#viewmap::c572dfa0-276b-4a76-8531-06669d885f27,OR_2022_lower.csv
OR,2022,30,upper,OR 2022 State Senate,OR 2022 State Senate,a5aadfab-0234-489a-a4df-cc008a844926,NA,NA,https://davesredistricting.org/maps#viewmap::a5aadfab-0234-489a-a4df-cc008a844926,OR_2022_upper.csv
PA,2022,203,lower,PA 2022 State House,PA 2022 State House,12a18072-adf1-48ac-a9d1-12280567b824,NA,NA,https://davesredistricting.org/maps#viewmap::12a18072-adf1-48ac-a9d1-12280567b824,PA_2022_lower.csv
PA,2022,50,upper,PA 2022 State Senate,PA 2022 State Senate,317011f0-6bcd-4df6-a1ee-435a92640426,NA,NA,https://davesredistricting.org/maps#viewmap::317011f0-6bcd-4df6-a1ee-435a92640426,PA_2022_upper.csv
RI,2022,75,lower,RI 2022 State House,RI 2022 State House,90ec6599-f715-4a3a-b50b-5858788046ac,NA,NA,https://davesredistricting.org/maps#viewmap::90ec6599-f715-4a3a-b50b-5858788046ac,RI_2022_lower.csv
RI,2022,38,upper,RI 2022 State Senate,RI 2022 State Senate,2aab93a2-7e15-4047-87a8-02b0deb3eb4e,NA,NA,https://davesredistricting.org/maps#viewmap::2aab93a2-7e15-4047-87a8-02b0deb3eb4e,RI_2022_upper.csv
SC,2022,46,upper,SC 2022 State Senate,SC 2022 State Senate,7c9df455-6865-4f9e-8172-7c1a26ab28b9,NA,NA,https://davesredistricting.org/maps#viewmap::7c9df455-6865-4f9e-8172-7c1a26ab28b9,SC_2022_upper.csv
SC,2024,124,lower,SC 2024 State House,SC 2024 State House,1e28dcaf-fe98-47a0-a2b7-76f890b6c62a,NA,NA,https://davesredistricting.org/maps#viewmap::1e28dcaf-fe98-47a0-a2b7-76f890b6c62a,SC_2024_lower.csv
SD,2022,37,lower,SD 2022 State House,SD 2022 State House,364d2cd2-893a-4582-910c-9d91ffcd5c2a,NA,NA,https://davesredistricting.org/maps#viewmap::364d2cd2-893a-4582-910c-9d91ffcd5c2a,SD_2022_lower.csv
SD,2022,35,upper,SD 2022 State Senate,SD 2022 State Senate,0a226808-0b1c-4049-800b-612e18674828,NA,NA,https://davesredistricting.org/maps#viewmap::0a226808-0b1c-4049-800b-612e18674828,SD_2022_upper.csv
TN,2022,99,lower,TN 2022 State House,TN 2022 State House,c0ed8258-ce44-4eec-9736-2cc3b86a9d16,NA,NA,https://davesredistricting.org/maps#viewmap::c0ed8258-ce44-4eec-9736-2cc3b86a9d16,TN_2022_lower.csv
TN,2022,33,upper,TN 2022 State Senate,TN 2022 State Senate,62c62bed-a104-4afc-9286-9b3915b45f58,NA,NA,https://davesredistricting.org/maps#viewmap::62c62bed-a104-4afc-9286-9b3915b45f58,TN_2022_upper.csv
TX,2022,150,lower,TX 2022 State House,TX 2022 State House,e74af879-6ba8-4a5c-b946-0b9364aae40b,NA,NA,https://davesredistricting.org/maps#viewmap::e74af879-6ba8-4a5c-b946-0b9364aae40b,TX_2022_lower.csv
TX,2022,31,upper,TX 2022 State Senate,TX 2022 State Senate,94b33bee-887d-4170-b154-80aa55c8fe5b,NA,NA,https://davesredistricting.org/maps#viewmap::94b33bee-887d-4170-b154-80aa55c8fe5b,TX_2022_upper.csv
UT,2022,75,lower,UT 2022 State House,UT 2022 State House,927e8547-08f9-43e3-8abc-68a7faf89d71,NA,NA,https://davesredistricting.org/maps#viewmap::927e8547-08f9-43e3-8abc-68a7faf89d71,UT_2022_lower.csv
UT,2022,29,upper,UT 2022 State Senate,UT 2022 State Senate,cfd457c9-6d3e-496d-9377-4b68de384a57,NA,NA,https://davesredistricting.org/maps#viewmap::cfd457c9-6d3e-496d-9377-4b68de384a57,UT_2022_upper.csv
VA,2022,100,lower,VA 2022 State House,VA 2022 State House,fa427b6b-e057-43e9-8000-9d1ae319870e,NA,NA,https://davesredistricting.org/maps#viewmap::fa427b6b-e057-43e9-8000-9d1ae319870e,VA_2022_lower.csv
VA,2022,40,upper,VA 2022 State Senate,VA 2022 State Senate,1b489a5a-f457-428d-b552-9ede8ceb9b99,NA,NA,https://davesredistricting.org/maps#viewmap::1b489a5a-f457-428d-b552-9ede8ceb9b99,VA_2022_upper.csv
VT,2022,104,lower,VT 2022 State House,VT 2022 State House,b627a7e1-8c66-4425-80f4-2f2958381ee0,NA,NA,https://davesredistricting.org/maps#viewmap::b627a7e1-8c66-4425-80f4-2f2958381ee0,VT_2022_lower.csv
VT,2022,13,upper,VT 2022 State Senate,VT 2022 State Senate,1cdffaa1-c558-45d1-83f3-8d1dd5f7f203,NA,NA,https://davesredistricting.org/maps#viewmap::1cdffaa1-c558-45d1-83f3-8d1dd5f7f203,VT_2022_upper.csv
WA,2022,49,upper,WA 2022 State Legislatures,WA 2022 State Legislatures,3e3c5f5c-3a83-4847-b1d8-5328fb3b9e31,NA,NA,https://davesredistricting.org/maps#viewmap::3e3c5f5c-3a83-4847-b1d8-5328fb3b9e31,WA_2022_upper.csv
WA,2024,49,upper,WA 2024 State Legislatures,WA 2024 State Legislatures,bab1e382-9bf0-4d3f-84df-7310e9b04184,NA,NA,https://davesredistricting.org/maps#viewmap::bab1e382-9bf0-4d3f-84df-7310e9b04184,WA_2024_upper.csv
WI,2024,99,lower,WI 2024 State House,WI 2024 State House,c4f3821b-51c4-4f41-99d8-c4c9d67e116f,NA,NA,https://davesredistricting.org/maps#viewmap::c4f3821b-51c4-4f41-99d8-c4c9d67e116f,WI_2024_lower.csv
WI,2024,33,upper,WI 2024 State Senate,WI 2024 State Senate,1d0da539-5574-428f-8f96-6238b9509ea6,NA,NA,https://davesredistricting.org/maps#viewmap::1d0da539-5574-428f-8f96-6238b9509ea6,WI_2024_upper.csv
WV,2022,67,lower,WV 2022 State House,WV 2022 State House,bd6eb9ac-ac94-465f-82d6-4e086307d5e5,NA,NA,https://davesredistricting.org/maps#viewmap::bd6eb9ac-ac94-465f-82d6-4e086307d5e5,WV_2022_lower.csv
WV,2022,17,upper,WV 2022 State Senate,WV 2022 State Senate,c3ca956f-0b1d-4750-894d-b2e9dadc642c,NA,NA,https://davesredistricting.org/maps#viewmap::c3ca956f-0b1d-4750-894d-b2e9dadc642c,WV_2022_upper.csv
WY,2022,62,lower,WY 2022 State House,WY 2022 State House,483d3157-343b-451f-9a0e-aebef749205f,NA,NA,https://davesredistricting.org/maps#viewmap::483d3157-343b-451f-9a0e-aebef749205f,WY_2022_lower.csv
WY,2022,31,upper,WY 2022 State Senate,WY 2022 State Senate,e2618faf-bad1-4bb1-9a85-7e1c2ccdef91,NA,NA,https://davesredistricting.org/maps#viewmap::e2618faf-bad1-4bb1-9a85-7e1c2ccdef91,WY_2022_upper.csv
,,,,,,,,,,
,,,,,,,,,,
,,,,,,,,,,
,,,,,,,,,,
,,,,,,,,,,
,,,,,,,,,,
,,,,,,,,,,
,,,,,,,,,,
,,,,,,,,,,
,,,,,,,,,,
,,,,,,,,,,
,,,,,,,,,,
,,,,,,,,,,
,,,,,,,,,,
,,,,,,,,,,
,,,,,,,,,,
,,,,,,,,,,
,,,,,,,,,,
,,,,,,,,,,
,,,,,,,,,,
,,,,,,,,,,
,,,,,,,,,,
,,,,,,,,,,
,,,,,,,,,,
,,,,,,,,,,
,,,,,,,,,,
,,,,,,,,,,
,,,,,,,,,,
,,,,,,,,,,
,,,,,,,,,,
,,,,,,,,,,
