"chamber","party","rank_partisan_leg_D","rank_partisan_leg_R","legislator_name","district_number","leg_party_loyalty","leg_n_votes_denom_loyalty"
"House","D",1,NA,"Dotie Joseph",108,1,85
"House","D",2,NA,"Dianne Hart-Lowman",63,1,14
"House","D",3,NA,"Angela Nixon",13,0.990740740740741,108
"House","D",4,NA,"Felicia Simone Robinson",104,0.99,100
"House","D",5,NA,"Michele Rayner-Goolsby",62,0.98019801980198,101
"House","D",6,NA,"Yvonne Hayes Hinson",21,0.977011494252874,87
"House","D",7,NA,"Fentrice Driskell",67,0.976470588235294,85
"House","D",8,NA,"Ashley Gantt",109,0.975,120
"House","D",9,NA,"Marie Woodson",105,0.972477064220184,109
"House","D",10,NA,"Anna Eskamani",42,0.971223021582734,139
"House","D",11,NA,"Jennifer Harris",44,0.969387755102041,98
"House","D",12,NA,"Robin Bartleman",103,0.961904761904762,105
"House","D",13,NA,"Kelly Skidmore",92,0.947368421052632,114
"House","D",14,NA,"RaShon Young",40,0.941176470588235,17
"House","D",15,NA,"Christine Hunschofsky",95,0.938053097345133,113
"House","D",16,NA,"Daryl Campbell",99,0.9375,112
"House","D",17,NA,"Lindsay Cross",60,0.923076923076923,104
"House","D",18,NA,"Leonard Spencer",45,0.919540229885057,87
"House","D",19,NA,"Bruce Antone",41,0.91358024691358,81
"House","D",20,NA,"Wallace Aristide",107,0.91304347826087,115
"House","D",21,NA,"Michael Gottlieb",102,0.91,100
"House","D",22,NA,"Debra Tendrich",89,0.877551020408163,98
"House","D",23,NA,"Allison Tant",9,0.842105263157895,95
"House","D",24,NA,"Rob Long",90,0.833333333333333,12
"House","D",25,NA,"Kevin Chambliss",117,0.831325301204819,83
"House","D",26,NA,"Joseph Casello",90,0.821428571428571,84
"House","D",27,NA,"Dan Daley",96,0.808988764044944,89
"House","D",28,NA,"Mitch Rosenwald",98,0.804123711340206,97
"House","D",29,NA,"Gallop Franklin",8,0.740740740740741,81
"House","D",30,NA,"Jervonte Edmonds",88,0.720588235294118,68
"House","D",31,NA,"Lisa Dunkley",97,0.704225352112676,71
"House","D",32,NA,"Johanna Lopez",43,0.670212765957447,94
"House","D",33,NA,"Jose Alvarez",46,0.504587155963303,109
"House","D",34,NA,"Kimberly Daniels",14,0.384615384615385,52
"House","R",NA,1,"Meg Weinberger",94,1,146
"House","R",NA,2,"Judson Sapp",20,1,134
"House","R",NA,3,"Randy Maggard",54,1,130
"House","R",NA,4,"Mike Giallombardo",79,1,130
"House","R",NA,5,"Fabian Basabe",106,1,128
"House","R",NA,6,"Jon Albert",48,1,125
"House","R",NA,7,"Chase Tramont",30,1,116
"House","R",NA,8,"Sam Greco",19,1,115
"House","R",NA,9,"Wyman Duggan",12,1,114
"House","R",NA,10,"William Conerly",72,1,114
"House","R",NA,11,"Vanessa Oliver",76,1,112
"House","R",NA,12,"Alejandro Rizo",112,1,111
"House","R",NA,13,"Chuck Brannan",10,1,110
"House","R",NA,14,"Brad Yeager",56,1,106
"House","R",NA,15,"Adam Botana",80,1,105
"House","R",NA,16,"Kaylee Tuck",83,1,102
"House","R",NA,17,"Taylor Yarkosky",25,1,102
"House","R",NA,18,"Bill Partington",28,1,101
"House","R",NA,19,"Mike Redondo",118,1,99
"House","R",NA,20,"Traci Koster",66,1,98
"House","R",NA,21,"Daniel Alvarez",69,1,97
"House","R",NA,22,"Jason Shoaf",7,1,96
"House","R",NA,23,"Jeff Holcomb",53,1,96
"House","R",NA,24,"Alex Andrade",2,1,95
"House","R",NA,25,"Monique Miller",33,1,95
"House","R",NA,26,"Josie Tomkow",51,1,92
"House","R",NA,27,"Jennifer Canady",50,1,90
"House","R",NA,28,"John Snyder",86,1,89
"House","R",NA,29,"Jennifer Kincart Jonsson",49,1,89
"House","R",NA,30,"Tyler Sirois",31,1,88
"House","R",NA,31,"Adam Anderson",57,1,86
"House","R",NA,32,"Sam Garrison",11,1,78
"House","R",NA,33,"Lawrence McClure",68,1,74
"House","R",NA,34,"Daniel Perez",116,1,69
"House","R",NA,35,"Nathan Boyles",3,1,25
"House","R",NA,36,"Brian Hodgers",32,1,21
"House","R",NA,37,"Juan Porras",119,0.99290780141844,141
"House","R",NA,38,"Berny Jacques",59,0.991596638655462,119
"House","R",NA,39,"Nan Cobb",26,0.991596638655462,119
"House","R",NA,40,"Shane Abbott",5,0.991525423728814,118
"House","R",NA,41,"Michael Owen",70,0.990909090909091,110
"House","R",NA,42,"Tiffany Esposito",77,0.990825688073395,109
"House","R",NA,43,"Doug Bankson",39,0.990654205607477,107
"House","R",NA,44,"Thomas Fabricio",110,0.990566037735849,106
"House","R",NA,45,"Ryan Chamberlin",24,0.990566037735849,106
"House","R",NA,46,"Dana Trabulsy",84,0.990291262135922,103
"House","R",NA,47,"Omar Blanco",115,0.990291262135922,103
"House","R",NA,48,"Demi Busatta Cabrera",114,0.98989898989899,99
"House","R",NA,49,"James Buchanan",74,0.989690721649485,97
"House","R",NA,50,"Vicki Lopez",113,0.98936170212766,94
"House","R",NA,51,"Webster Barnaby",29,0.987654320987654,81
"House","R",NA,52,"Philip Griffitts",6,0.985815602836879,141
"House","R",NA,53,"Richard Gentry",27,0.985815602836879,141
"House","R",NA,54,"Robert Brackett",34,0.982905982905983,117
"House","R",NA,55,"Toby Overdorf",85,0.982608695652174,115
"House","R",NA,56,"Fiona McFarland",73,0.982456140350877,114
"House","R",NA,57,"Kim Kendall",18,0.981818181818182,110
"House","R",NA,58,"Patt Maney",4,0.981132075471698,106
"House","R",NA,59,"Erika Booth",35,0.980952380952381,105
"House","R",NA,60,"J.J. Grow",23,0.98019801980198,101
"House","R",NA,61,"Lauren Melo",82,0.977011494252874,87
"House","R",NA,62,"Will Robinson",71,0.974789915966387,119
"House","R",NA,63,"David Borrero",111,0.973913043478261,115
"House","R",NA,64,"Michelle Salzman",1,0.973913043478261,115
"House","R",NA,65,"Jim Mooney",120,0.971830985915493,142
"House","R",NA,66,"Jenna Persons-Mulicka",78,0.971153846153846,104
"House","R",NA,67,"Danny Nix",75,0.97037037037037,135
"House","R",NA,68,"Chad Johnson",22,0.97,100
"House","R",NA,69,"Rachel Plakon",36,0.969387755102041,98
"House","R",NA,70,"Chip LaMarca",100,0.967391304347826,92
"House","R",NA,71,"Peggy Gossett-Seidman",91,0.963963963963964,111
"House","R",NA,72,"Yvette Benarroch",81,0.961165048543689,103
"House","R",NA,73,"Susan Plasencia",37,0.959459459459459,74
"House","R",NA,74,"John Temple",52,0.958904109589041,73
"House","R",NA,75,"Hillary Cassel",101,0.956043956043956,91
"House","R",NA,76,"Linda Chaney",61,0.954545454545455,132
"House","R",NA,77,"Anne Gerwig",93,0.954128440366973,109
"House","R",NA,78,"Jessica Baker",17,0.941176470588235,102
"House","R",NA,79,"Kimberly Berfield",58,0.938775510204082,98
"House","R",NA,80,"Dean Black",15,0.934306569343066,137
"House","R",NA,81,"Kevin Steele",55,0.930232558139535,86
"House","R",NA,82,"Kiyan Michael",16,0.927536231884058,69
"House","R",NA,83,"Paula Stark",47,0.920454545454545,88
"House","R",NA,84,"Karen Gonzalez Pittman",65,0.892156862745098,102
"House","R",NA,85,"David Smith",38,0.866666666666667,105
"House","R",NA,86,"Susan Valdes",64,0.837209302325581,129
"House","R",NA,87,"Mike Caruso",87,0.833333333333333,96
"House","R",NA,88,"Joel Rudman",3,NA,NA
"Senate","D",1,NA,"Carlos Smith",17,0.971014492753623,69
"Senate","D",2,NA,"Kristen Arrington",25,0.962025316455696,79
"Senate","D",3,NA,"Lori Berman",26,0.952941176470588,85
"Senate","D",4,NA,"Tracie Davis",5,0.952380952380952,84
"Senate","D",5,NA,"LaVon Bracy Davis",15,0.943181818181818,88
"Senate","D",6,NA,"Shevrin Jones",34,0.921875,64
"Senate","D",7,NA,"Tina Polsky",30,0.918918918918919,74
"Senate","D",8,NA,"Rosalind Osgood",32,0.888888888888889,90
"Senate","D",9,NA,"Barbara Sharief",35,0.851851851851852,54
"Senate","D",10,NA,"Mackenson Bernard",24,0.75,56
"Senate","D",11,NA,"Darryl Rouson",16,0.723076923076923,65
"Senate","D",12,NA,"Jason Pizzo",37,0.619718309859155,71
"Senate","R",NA,1,"Stan McClain",9,1,101
"Senate","R",NA,2,"Clay Yarborough",4,1,91
"Senate","R",NA,3,"Bryan Avila",39,1,73
"Senate","R",NA,4,"Jim Boyd",20,1,68
"Senate","R",NA,5,"Keith Truenow",13,1,66
"Senate","R",NA,6,"Ben Albritton",27,1,40
"Senate","R",NA,7,"Ralph Massullo",11,1,7
"Senate","R",NA,8,"Kathleen Passidomo",28,0.990196078431373,102
"Senate","R",NA,9,"Colleen Burton",12,0.989010989010989,91
"Senate","R",NA,10,"Daniel Burgess",23,0.983606557377049,61
"Senate","R",NA,11,"Nick DiCeglie",18,0.981481481481482,108
"Senate","R",NA,12,"Ed Hooper",21,0.974358974358974,78
"Senate","R",NA,13,"Tom Leek",7,0.970588235294118,102
"Senate","R",NA,14,"Jay Trumbull",2,0.96969696969697,99
"Senate","R",NA,15,"Jonathan Martin",33,0.96551724137931,87
"Senate","R",NA,16,"Jason Brodeur",10,0.962962962962963,81
"Senate","R",NA,17,"Jay Collins",14,0.958333333333333,48
"Senate","R",NA,18,"Debbie Mayfield",19,0.957894736842105,95
"Senate","R",NA,19,"Tommy Wright",8,0.956989247311828,93
"Senate","R",NA,20,"Corey Simon",3,0.954545454545455,88
"Senate","R",NA,21,"Joe Gruters",22,0.932432432432432,74
"Senate","R",NA,22,"Don Gaetz",1,0.922222222222222,90
"Senate","R",NA,23,"Gayle Harrell",31,0.866666666666667,75
"Senate","R",NA,24,"Ana Rodriguez",40,0.858823529411765,85
"Senate","R",NA,25,"Alexis Calatayud",38,0.84375,64
"Senate","R",NA,26,"Jennifer Bradley",6,0.818181818181818,77
"Senate","R",NA,27,"Erin Grall",29,0.816666666666667,60
"Senate","R",NA,28,"Ileana Garcia",36,0.6875,64
